Time_s,Distance_m,Velocity_mps,Acceleration_mps2,PosX_m,PosY_m,PosZ_m,Method,Scenario,RunID
0,1.3493,1.2904,10.1608,-1.0373,-0.3167,29.5089,B2,E2,9
0.13,1.3042,1.0548,2.197,-1.0364,-0.3167,29.3789,B2,E2,9
0.2667,1.3362,1.0108,0.4179,-1.0354,-0.3167,29.2422,B2,E2,9
0.4142,1.2866,1.0021,0.0775,-1.0344,-0.3167,29.0946,B2,E2,9
0.5405,1.33,1.0004,0.018,-1.0335,-0.3167,28.9683,B2,E2,9
0.6817,1.2808,1.0001,0.0032,-1.0325,-0.3167,28.8272,B2,E2,9
0.8186,1.3161,1,0.0007,-1.0315,-0.3167,28.6902,B2,E2,9
0.9588,1.2679,1,0.0001,-1.0305,-0.3167,28.55,B2,E2,9
1.0789,1.3129,1,0,-1.0297,-0.3167,28.43,B2,E2,9
1.1968,1.2697,1,0,-1.0289,-0.3167,28.3121,B2,E2,9
1.3321,1.2982,1,0,-1.0279,-0.3167,28.1768,B2,E2,9
1.4473,1.2569,1,0,-1.0271,-0.3167,28.0616,B2,E2,9
1.591,1.2858,1,0,-1.0261,-0.3167,27.9179,B2,E2,9
1.7035,1.2457,1,0,-1.0253,-0.3167,27.8054,B2,E2,9
1.8452,1.2773,1,0,-1.0243,-0.3167,27.6637,B2,E2,9
1.9677,1.2337,1,0,-1.0234,-0.3167,27.5412,B2,E2,9
2.0922,1.2005,1,0,-1.0225,-0.3167,27.4167,B2,E2,9
2.2041,1.2756,1,0,-1.0218,-0.3167,27.3048,B2,E2,9
2.3427,1.2236,1,0,-1.0208,-0.3167,27.1663,B2,E2,9
2.4629,1.2632,1,0,-1.0199,-0.3167,27.046,B2,E2,9
2.6018,1.2115,1,0,-1.019,-0.3167,26.9071,B2,E2,9
2.7188,1.2553,1,0,-1.0181,-0.3167,26.7901,B2,E2,9
2.8538,1.2042,1,0,-1.0172,-0.3167,26.6551,B2,E2,9
2.9699,1.2467,1,0.0001,-1.0164,-0.3167,26.539,B2,E2,9
3.0988,1.1972,1,0,-1.0154,-0.3167,26.4101,B2,E2,9
3.2365,1.2289,1,0,-1.0145,-0.3167,26.2725,B2,E2,9
3.4063,1.1684,1,0,-1.0133,-0.3167,26.1026,B2,E2,9
3.5381,1.2203,1,0,-1.0124,-0.3167,25.9708,B2,E2,9
3.6717,1.17,1,0,-1.0114,-0.3167,25.8373,B2,E2,9
3.7977,1.2134,1,0,-1.0105,-0.3167,25.7112,B2,E2,9
3.9392,1.1594,1,0,-1.0095,-0.3167,25.5697,B2,E2,9
4.0658,1.2037,1,0.0001,-1.0086,-0.3167,25.4432,B2,E2,9
4.1979,1.1525,1,0,-1.0077,-0.3167,25.311,B2,E2,9
4.3139,1.1186,1,0.0001,-1.0069,-0.3167,25.1951,B2,E2,9
4.4621,1.1813,0.9994,0.0094,-1.0056,-0.3167,25.0469,B2,E2,9
4.5883,1.1337,0.9997,0.0061,-1.0047,-0.3167,24.9208,B2,E2,9
4.7474,1.1686,0.9965,0.0477,-1.0021,-0.3167,24.7624,B2,E2,9
4.8786,1.1209,0.9966,0.003,-1.0003,-0.3167,24.6317,B2,E2,9
5.0219,1.0295,0.9937,0.0509,-0.997,-0.3167,24.4894,B2,E2,9
5.144,0.908,0.9942,0.0145,-0.9948,-0.3167,24.368,B2,E2,9
5.2734,0.7796,0.993,0.0221,-0.9919,-0.3167,24.2396,B2,E2,9
5.3959,0.6579,0.9937,0.0164,-0.9895,-0.3167,24.1179,B2,E2,9
5.5409,0.514,0.9928,0.013,-0.9864,-0.3167,23.974,B2,E2,9
5.6656,0.3904,0.9968,0.939,-1.002,-0.3167,23.8502,B2,E2,9
5.8124,0.2451,0.9902,0.6717,-0.9979,-0.3167,23.7049,B2,E2,9
5.9427,0.1171,0.9939,0.5167,-1.0085,-0.3167,23.5757,B2,E2,9
6.0882,0.0304,0.9859,0.5647,-1.003,-0.3167,23.4325,B2,E2,9
6.2098,0.1471,0.9832,0.1596,-0.998,-0.3167,23.3131,B2,E2,9
6.358,0.2922,0.9818,0.0446,-0.9914,-0.3167,23.1678,B2,E2,9
6.4794,0.4115,0.9829,0.0288,-0.9866,-0.3167,23.0485,B2,E2,9
6.6215,0.5509,0.9817,0.0264,-0.9804,-0.3167,22.9092,B2,E2,9
6.7486,0.6754,0.9809,0.6193,-0.9874,-0.3167,22.7846,B2,E2,9
6.895,0.8191,0.9813,0.4228,-0.9812,-0.3167,22.641,B2,E2,9
7.0245,0.9457,0.9792,0.4155,-0.9865,-0.3167,22.5143,B2,E2,9
7.1732,1.0911,0.9786,0.4015,-0.9795,-0.3167,22.3689,B2,E2,9
7.3043,1.0567,0.9781,0.0922,-0.9733,-0.3167,22.2408,B2,E2,9
7.4406,1.1948,0.9771,0.0389,-0.9664,-0.3167,22.1079,B2,E2,9
7.5621,1.1628,0.6141,3.0038,-0.9676,-0.3167,22.0443,B2,E2,9
7.7121,1.1837,0.9217,2.0504,-0.9663,-0.3167,21.8945,B2,E2,9
7.8373,1.121,0.9843,0.5006,-0.9655,-0.3167,21.7693,B2,E2,9
7.9804,1.1414,0.9931,0.0728,-0.9634,-0.3167,21.6268,B2,E2,9
8.1127,1.0452,0.9931,1.5909,-0.9964,-0.3167,21.4988,B2,E2,9
8.2614,1.0733,0.9803,1.2356,-0.9915,-0.3167,21.3527,B2,E2,9
8.3889,1.0099,0.9703,0.414,-0.985,-0.3167,21.2294,B2,E2,9
8.5294,1.1435,0.9602,0.4007,-0.9893,-0.3167,21.0949,B2,E2,9
8.6538,1.0947,0.6225,2.7713,-0.9992,-0.3167,21.0285,B2,E2,9
8.7933,1.1526,0.9083,2.1484,-0.9948,-0.3167,20.8917,B2,E2,9
8.9209,1.0558,0.9726,1.1425,-1.0148,-0.3167,20.7668,B2,E2,9
9.069,1.13,0.979,0.8125,-1.0109,-0.3167,20.6213,B2,E2,9
9.2008,1.0202,0.9908,1.5104,-1.0441,-0.3167,20.4937,B2,E2,9
9.3434,1.1259,0.9731,1.3339,-1.0391,-0.3167,20.3549,B2,E2,9
9.4692,1.0472,0.9709,0.3225,-1.0343,-0.3167,20.2329,B2,E2,9
9.6211,1.1416,0.9721,0.0474,-1.0286,-0.3167,20.0853,B2,E2,9
9.7374,1.0682,0.979,0.0788,-1.0253,-0.3167,19.9713,B2,E2,9
9.8905,1.1576,0.9786,0.009,-1.0205,-0.3167,19.8216,B2,E2,9
10.0215,1.0653,0.9842,0.6535,-1.0305,-0.3167,19.6927,B2,E2,9
10.1831,1.156,0.9839,0.3935,-1.0264,-0.3167,19.5336,B2,E2,9
10.3172,1.0608,0.986,0.5728,-1.0381,-0.3167,19.4017,B2,E2,9
10.4751,1.1609,0.9837,0.4744,-1.034,-0.3167,19.2464,B2,E2,9
10.6226,1.0679,0.9878,0.0763,-1.031,-0.3167,19.1005,B2,E2,9
10.7593,1.1879,0.9861,0.0403,-1.0277,-0.3167,18.9658,B2,E2,9
10.8892,1.1043,0.9895,0.036,-1.0252,-0.3167,18.8373,B2,E2,9
11.0218,1.2003,0.9943,0.0529,-1.0234,-0.3167,18.7052,B2,E2,9
11.1511,1.1157,0.9982,0.0447,-1.0222,-0.3167,18.5761,B2,E2,9
11.3015,1.1853,0.9976,0.5072,-1.0349,-0.3167,18.4264,B2,E2,9
11.437,1.0975,0.9991,0.4401,-1.0337,-0.3167,18.291,B2,E2,9
11.5905,1.1913,0.9954,0.1123,-1.0314,-0.3167,18.1383,B2,E2,9
11.7345,1.0992,0.9988,0.0244,-1.0301,-0.3167,17.9944,B2,E2,9
11.8777,1.1879,0.9972,0.0194,-1.0283,-0.3167,17.8516,B2,E2,9
12.0027,1.1123,0.998,0.8481,-1.0434,-0.3167,17.7275,B2,E2,9
12.1468,1.1988,0.995,0.5474,-1.0427,-0.3167,17.5841,B2,E2,9
12.2861,1.102,0.9931,0.1011,-1.0424,-0.3167,17.4459,B2,E2,9
12.4372,1.1749,0.9983,0.0681,-1.0409,-0.3167,17.2948,B2,E2,9
12.5799,1.0724,0.997,0.0107,-1.0399,-0.3167,17.1526,B2,E2,9
12.7111,1.214,0.9893,0.4255,-1.048,-0.3167,17.0233,B2,E2,9
12.8647,1.0996,0.9976,0.3068,-1.0465,-0.3167,16.8696,B2,E2,9
13.001,1.1793,0.9995,0.0707,-1.0452,-0.3167,16.7333,B2,E2,9
13.1555,1.0693,0.9985,0.0079,-1.0439,-0.3167,16.5791,B2,E2,9
13.2869,1.2032,0.993,0.0548,-1.0436,-0.3167,16.4488,B2,E2,9
13.4367,1.0916,0.9986,0.0504,-1.0421,-0.3167,16.299,B2,E2,9
13.566,1.1688,0.9997,0.0118,-1.0409,-0.3167,16.1697,B2,E2,9
13.7139,1.064,0.995,0.0424,-1.0402,-0.3167,16.0228,B2,E2,9
13.845,1.2042,0.9889,0.0626,-1.0404,-0.3167,15.8934,B2,E2,9
13.9959,1.0912,0.9978,0.0789,-1.0389,-0.3167,15.7425,B2,E2,9
14.1341,1.1676,0.9996,0.0174,-1.0375,-0.3167,15.6042,B2,E2,9
14.293,1.0547,0.995,0.0375,-1.0368,-0.3167,15.4463,B2,E2,9
14.4585,1.1992,0.9885,0.0531,-1.0371,-0.3167,15.2829,B2,E2,9
14.5979,1.0946,0.9977,0.0883,-1.0357,-0.3167,15.1436,B2,E2,9
14.7333,1.2292,0.998,0.2776,-1.041,-0.3167,15.0085,B2,E2,9
14.8558,1.1359,0.9933,0.2188,-1.0406,-0.3167,14.887,B2,E2,9
15.0152,1.1938,0.9986,0.0753,-1.0389,-0.3167,14.7276,B2,E2,9
15.1358,1.1038,0.9997,0.0201,-1.0377,-0.3167,14.607,B2,E2,9
15.2807,1.2219,0.9979,0.0156,-1.0365,-0.3167,14.4624,B2,E2,9
15.4141,1.1208,0.9924,0.0544,-1.0362,-0.3167,14.3302,B2,E2,9
15.5721,1.1854,0.9985,0.051,-1.0346,-0.3167,14.1722,B2,E2,9
15.7137,1.0804,0.9997,0.0115,-1.0331,-0.3167,14.0307,B2,E2,9
15.855,1.2204,0.9951,0.0426,-1.0324,-0.3167,13.8903,B2,E2,9
15.9987,1.1123,0.9882,0.0641,-1.0326,-0.3167,13.7485,B2,E2,9
16.1235,1.1877,0.9976,0.1003,-1.0314,-0.3167,13.6237,B2,E2,9
16.2776,1.0789,0.9976,0.25,-1.0375,-0.3167,13.47,B2,E2,9
16.4263,1.2206,0.9953,0.1961,-1.0366,-0.3167,13.3221,B2,E2,9
16.609,1.0844,0.9902,0.0293,-1.0364,-0.3167,13.1414,B2,E2,9
16.7481,1.1954,0.9966,0.7778,-1.0552,-0.3167,13.0036,B2,E2,9
16.9009,1.0844,0.998,0.6211,-1.0536,-0.3167,12.8509,B2,E2,9
17.0501,1.2182,0.9981,0.1225,-1.0522,-0.3167,12.7019,B2,E2,9
17.1964,1.1096,0.9918,0.0448,-1.0518,-0.3167,12.5571,B2,E2,9
17.3577,1.1806,0.9984,0.0576,-1.05,-0.3167,12.3958,B2,E2,9
17.516,1.0662,0.9997,0.0119,-1.0482,-0.3167,12.2375,B2,E2,9
17.6573,1.204,0.9936,0.0567,-1.0475,-0.3167,12.0973,B2,E2,9
17.7991,1.0981,0.9987,0.0479,-1.0459,-0.3167,11.9555,B2,E2,9
17.9256,1.1693,0.9997,0.0109,-1.0445,-0.3167,11.829,B2,E2,9
18.0774,1.0615,0.9952,0.0392,-1.0435,-0.3167,11.6781,B2,E2,9
18.205,1.2042,0.9891,0.0649,-1.0435,-0.3167,11.5521,B2,E2,9
18.3574,1.0901,0.9978,0.0766,-1.0417,-0.3167,11.3997,B2,E2,9
18.494,1.1668,0.9996,0.0173,-1.0402,-0.3167,11.2631,B2,E2,9
18.6471,1.0579,0.9948,0.0409,-1.0393,-0.3167,11.111,B2,E2,9
18.7975,1.2016,0.9882,0.0592,-1.0393,-0.3167,10.9626,B2,E2,9
18.9305,1.1014,0.9976,0.0948,-1.0378,-0.3167,10.8296,B2,E2,9
19.0867,1.1641,0.9995,0.0164,-1.036,-0.3167,10.6735,B2,E2,9
19.2363,1.0575,0.9947,0.042,-1.0351,-0.3167,10.5248,B2,E2,9
19.3877,1.2014,0.9873,0.0661,-1.0353,-0.3167,10.3756,B2,E2,9
19.5334,1.1054,0.9964,0.6404,-1.0522,-0.3167,10.2309,B2,E2,9
19.6728,1.1777,0.9984,0.6019,-1.0506,-0.3167,10.0915,B2,E2,9
19.8049,1.0827,0.9981,0.1208,-1.0492,-0.3167,9.9597,B2,E2,9
19.9645,1.2031,0.9924,0.038,-1.0485,-0.3167,9.8015,B2,E2,9
20.1011,1.1011,0.9985,0.0627,-1.0468,-0.3167,9.6649,B2,E2,9
20.2621,1.1653,0.9997,0.0108,-1.0448,-0.3167,9.504,B2,E2,9
20.4102,1.0606,0.9952,0.0394,-1.0438,-0.3167,9.3567,B2,E2,9
20.5474,1.2023,0.9879,0.0731,-1.0438,-0.3167,9.2214,B2,E2,9
20.6707,1.1198,0.9957,0.6634,-1.0562,-0.3167,9.0988,B2,E2,9
20.816,1.1781,0.9984,0.5126,-1.0544,-0.3167,8.9536,B2,E2,9
20.9439,1.0862,0.9985,0.1111,-1.0529,-0.3167,8.8259,B2,E2,9
21.0997,1.2144,0.9892,0.4901,-1.0664,-0.3167,8.6726,B2,E2,9
21.238,1.1122,0.9973,0.4708,-1.0646,-0.3167,8.5343,B2,E2,9
21.3978,1.1773,0.9994,0.0843,-1.0624,-0.3167,8.3745,B2,E2,9
21.5452,1.0809,0.995,0.3349,-1.0699,-0.3167,8.2281,B2,E2,9
21.6958,1.2076,0.9916,0.2344,-1.0692,-0.3167,8.0789,B2,E2,9
21.826,1.1219,0.9947,0.5053,-1.0803,-0.3167,7.9497,B2,E2,9
21.9673,1.1839,0.9984,0.4744,-1.0784,-0.3167,7.8084,B2,E2,9
22.1002,1.0906,0.9996,0.1038,-1.0764,-0.3167,7.6756,B2,E2,9
22.2628,1.21,0.9948,0.0322,-1.0751,-0.3167,7.514,B2,E2,9
22.3922,1.1167,0.989,0.0619,-1.0748,-0.3167,7.3862,B2,E2,9
22.5311,1.1802,0.9978,0.0896,-1.0728,-0.3167,7.2474,B2,E2,9
22.6666,1.0856,0.9974,0.0678,-1.0727,-0.3167,7.1122,B2,E2,9
22.807,1.2079,0.9932,0.0383,-1.0717,-0.3167,6.9729,B2,E2,9
22.9381,1.1118,0.9986,0.0651,-1.0698,-0.3167,6.8418,B2,E2,9
23.0954,1.1728,0.9997,0.011,-1.0674,-0.3167,6.6845,B2,E2,9
23.2252,1.0821,0.9973,0.0243,-1.0659,-0.3167,6.5552,B2,E2,9
23.3684,1.209,0.987,0.3666,-1.0734,-0.3167,6.4143,B2,E2,9
23.4944,1.1165,0.9972,0.3523,-1.0715,-0.3167,6.2883,B2,E2,9
23.6336,1.1771,0.9994,0.0659,-1.0694,-0.3167,6.1491,B2,E2,9
23.7755,1.0778,0.9979,0.0108,-1.0676,-0.3167,6.0076,B2,E2,9
23.9192,1.2026,0.9923,0.0521,-1.0667,-0.3167,5.8652,B2,E2,9
24.079,1.1,0.9922,0.4983,-1.0813,-0.3167,5.7071,B2,E2,9
24.2244,1.1792,0.9978,0.482,-1.0791,-0.3167,5.5618,B2,E2,9
24.3957,1.0713,0.994,0.2267,-1.0877,-0.3167,5.3919,B2,E2,9
24.5414,1.2052,0.9921,0.2676,-1.0866,-0.3167,5.2474,B2,E2,9
24.6941,1.0961,0.9984,0.1034,-1.0841,-0.3167,5.0947,B2,E2,9
24.8141,1.1734,0.9997,0.0266,-1.0821,-0.3167,4.9746,B2,E2,9
24.9735,1.0657,0.996,0.0306,-1.0803,-0.3167,4.8161,B2,E2,9
25.1143,1.1984,0.9909,0.0502,-1.0794,-0.3167,4.6768,B2,E2,9
25.2621,1.0923,0.9982,0.0687,-1.077,-0.3167,4.529,B2,E2,9
25.4012,1.2201,0.9991,0.0098,-1.0748,-0.3167,4.39,B2,E2,9
25.5304,1.1252,0.9939,0.0552,-1.0735,-0.3167,4.2617,B2,E2,9
25.6861,1.1883,0.9988,0.0429,-1.071,-0.3167,4.1061,B2,E2,9
25.8218,1.0914,0.9998,0.01,-1.0687,-0.3167,3.9703,B2,E2,9
25.9823,1.2133,0.9962,0.0299,-1.0668,-0.3167,3.8106,B2,E2,9
26.1236,1.1111,0.9863,0.7205,-1.0827,-0.3167,3.6724,B2,E2,9
26.2722,1.1945,0.9964,0.5695,-1.0803,-0.3167,3.5237,B2,E2,9
26.4067,1.0992,0.9992,0.1308,-1.0779,-0.3167,3.3893,B2,E2,9
26.5565,1.2144,0.9981,0.0145,-1.0756,-0.3167,3.2398,B2,E2,9
26.7026,1.1083,0.9931,0.0454,-1.0743,-0.3167,3.0949,B2,E2,9
26.8364,1.1845,0.9986,0.058,-1.0719,-0.3167,2.9611,B2,E2,9
26.9834,1.0806,0.9996,0.0098,-1.0694,-0.3167,2.8142,B2,E2,9
27.1044,1.2162,0.995,0.0519,-1.068,-0.3167,2.6939,B2,E2,9
27.276,1.092,0.989,0.0494,-1.0671,-0.3167,2.5244,B2,E2,9
27.4109,1.1847,0.9978,0.091,-1.0647,-0.3167,2.3895,B2,E2,9
27.5701,1.0718,0.9995,0.0157,-1.0619,-0.3167,2.2305,B2,E2,9
27.7195,1.2124,0.995,0.0409,-1.0601,-0.3167,2.082,B2,E2,9
27.8805,1.0952,0.9886,0.0561,-1.0593,-0.3167,1.923,B2,E2,9
28.0093,1.1829,0.9977,0.0982,-1.0571,-0.3167,1.7943,B2,E2,9
28.1512,1.0813,0.9987,0.0102,-1.0547,-0.3167,1.6526,B2,E2,9
28.2875,1.2072,0.9942,0.0439,-1.0531,-0.3167,1.5172,B2,E2,9
28.4425,1.0924,0.9988,0.0401,-1.0504,-0.3167,1.3622,B2,E2,9
28.5885,1.1731,0.9998,0.0087,-1.0478,-0.3167,1.2162,B2,E2,9
28.7292,1.074,0.9966,0.0301,-1.0458,-0.3167,1.0761,B2,E2,9
28.8607,1.2032,0.9907,0.061,-1.0448,-0.3167,0.9461,B2,E2,9
29.0079,1.0933,0.9981,0.0684,-1.0422,-0.3167,0.7989,B2,E2,9
29.1434,1.1715,0.9996,0.0151,-1.0397,-0.3167,0.6634,B2,E2,9
29.28,1.0745,0.9956,0.039,-1.0379,-0.3167,0.5275,B2,E2,9
29.4193,1.2043,0.99,0.055,-1.0369,-0.3167,0.3898,B2,E2,9
29.5537,1.103,0.998,0.0805,-1.0345,-0.3167,0.2555,B2,E2,9
29.7093,1.172,0.9996,0.0142,-1.0317,-0.3167,0.0999,B2,E2,9
29.8542,1.0742,0.994,0.2959,-1.0368,-0.3167,-0.0438,B2,E2,9
30.0237,1.2056,0.9897,0.1557,-1.0355,-0.3167,-0.2115,B2,E2,9
30.1848,1.0861,0.9965,0.4951,-1.0514,-0.3167,-0.3717,B2,E2,9
30.3212,1.1863,0.9985,0.5698,-1.0489,-0.3167,-0.5081,B2,E2,9
30.4559,1.0903,0.9997,0.1216,-1.0462,-0.3167,-0.6427,B2,E2,9
30.589,1.2103,0.9956,0.0314,-1.0443,-0.3167,-0.775,B2,E2,9
30.7362,1.1006,0.9902,0.0481,-1.043,-0.3167,-0.9206,B2,E2,9
30.8712,1.1835,0.998,0.0808,-1.0404,-0.3167,-1.0556,B2,E2,9
31.0112,1.0816,0.9988,0.0083,-1.0377,-0.3167,-1.1954,B2,E2,9
31.1506,1.2091,0.9944,0.0419,-1.0358,-0.3167,-1.3339,B2,E2,9
31.2946,1.1007,0.9989,0.0416,-1.033,-0.3167,-1.4778,B2,E2,9
31.4488,1.1777,0.9998,0.0079,-1.0299,-0.3167,-1.632,B2,E2,9
31.5871,1.0786,0.998,0.017,-1.0275,-0.3167,-1.7699,B2,E2,9
31.7518,1.1976,0.9924,0.0457,-1.0256,-0.3167,-1.9332,B2,E2,9
31.8988,1.0906,0.9985,0.0555,-1.0227,-0.3167,-2.0801,B2,E2,9
32.0467,1.171,0.9989,0.0129,-1.0196,-0.3167,-2.2279,B2,E2,9
32.2006,1.0697,0.9941,0.3824,-1.0278,-0.3167,-2.3805,B2,E2,9
32.361,1.1915,0.9893,0.2386,-1.0263,-0.3167,-2.5391,B2,E2,9
32.5198,1.08,0.9962,0.1217,-1.0228,-0.3167,-2.6974,B2,E2,9
32.6657,1.1764,0.9965,0.0325,-1.0193,-0.3167,-2.8429,B2,E2,9
32.805,1.0766,0.9939,0.0229,-1.0165,-0.3167,-2.9812,B2,E2,9
32.9341,1.204,0.9911,0.0575,-1.015,-0.3167,-3.109,B2,E2,9
33.0839,1.0896,0.9982,0.0597,-1.0119,-0.3167,-3.2588,B2,E2,9
33.2165,1.1763,0.9996,0.0137,-1.0091,-0.3167,-3.3914,B2,E2,9
33.3788,1.0593,0.9952,0.0292,-1.0062,-0.3167,-3.5526,B2,E2,9
33.5119,1.2036,0.9907,0.1669,-1.0073,-0.3167,-3.6844,B2,E2,9
33.6732,1.0827,0.9926,0.1485,-1.003,-0.3167,-3.8445,B2,E2,9
33.8129,1.1765,0.9985,0.0425,-1.0001,-0.3167,-3.9842,B2,E2,9
33.9627,1.0678,0.991,0.0527,-0.9965,-0.3167,-4.1324,B2,E2,9
34.1044,1.193,0.9891,0.0539,-0.9946,-0.3167,-4.2724,B2,E2,9
34.233,1.0993,0.9933,0.0692,-0.9913,-0.3167,-4.4003,B2,E2,9
34.3743,1.1774,0.9964,0.0217,-0.988,-0.3167,-4.5411,B2,E2,9
34.5077,1.0785,0.9967,0.0308,-0.9856,-0.3167,-4.674,B2,E2,9
34.6515,1.1851,0.9886,0.0585,-0.9832,-0.3167,-4.8159,B2,E2,9
34.8011,1.0596,0.9959,0.8173,-1.0036,-0.3167,-4.9641,B2,E2,9
34.9371,1.1724,0.9928,0.7737,-1,-0.3167,-5.0992,B2,E2,9
35.0819,1.0589,0.9859,0.211,-1.0055,-0.3167,-5.2416,B2,E2,9
35.2083,1.1702,0.985,0.3732,-1.0018,-0.3167,-5.3661,B2,E2,9
35.3488,1.0653,0.9746,0.0974,-0.9979,-0.3167,-5.5026,B2,E2,9
35.4683,1.1776,0.9847,0.0954,-0.9939,-0.3167,-5.6205,B2,E2,9
35.6252,1.0593,0.9839,0.0218,-0.9884,-0.3167,-5.7747,B2,E2,9
35.7521,1.1671,0.989,0.0501,-0.9846,-0.3167,-5.9004,B2,E2,9
35.9079,1.0506,0.9724,0.1068,-0.9795,-0.3167,-6.0511,B2,E2,9
36.0441,1.1601,0.9831,0.0781,-0.975,-0.3167,-6.1853,B2,E2,9
36.197,1.0449,0.9784,0.0471,-0.969,-0.3167,-6.3346,B2,E2,9
36.331,1.1568,0.9815,0.0319,-0.9643,-0.3167,-6.4662,B2,E2,9
36.4779,1.0451,0.9681,0.0945,-0.9599,-0.3167,-6.6078,B2,E2,9
36.6139,1.1532,0.9784,0.0785,-0.9551,-0.3167,-6.7411,B2,E2,9
36.7622,1.0387,0.9773,0.0205,-0.9495,-0.3167,-6.8859,B2,E2,9
36.8891,1.1528,0.9785,0.0148,-0.9449,-0.3167,-7.01,B2,E2,9
37.049,1.0286,0.965,0.0876,-0.9401,-0.3167,-7.1638,B2,E2,9
37.1826,1.1413,0.976,0.084,-0.9354,-0.3167,-7.2945,B2,E2,9
37.3324,1.0237,0.9687,0.0682,-0.9289,-0.3167,-7.4391,B2,E2,9
37.4653,1.1321,0.9718,0.0346,-0.924,-0.3167,-7.5683,B2,E2,9
37.6153,1.013,0.9568,0.1028,-0.919,-0.3167,-7.7112,B2,E2,9
37.7452,1.1248,0.9662,0.0775,-0.914,-0.3167,-7.8369,B2,E2,9
37.8995,0.9996,0.962,0.0382,-0.9074,-0.3167,-7.985,B2,E2,9
38.0291,1.1097,0.964,0.0228,-0.9023,-0.3167,-8.1099,B2,E2,9
38.1868,0.9811,0.9446,0.1233,-0.8964,-0.3167,-8.258,B2,E2,9
38.3213,1.0885,0.9542,0.073,-0.8909,-0.3167,-8.3865,B2,E2,9
38.4797,0.9561,0.945,0.0682,-0.8835,-0.3167,-8.5356,B2,E2,9
38.6238,1.0553,0.9451,0.0157,-0.8774,-0.3167,-8.6717,B2,E2,9
38.7741,0.9283,0.9237,0.1428,-0.8714,-0.3167,-8.8096,B2,E2,9
38.9084,1.094,0.9262,0.0274,-0.8655,-0.3167,-8.934,B2,E2,9
39.0526,0.9724,0.8575,1.1956,-0.8872,-0.3167,-9.0538,B2,E2,9
39.1922,1.0713,0.8903,0.7329,-0.8864,-0.3167,-9.1795,B2,E2,9
39.3255,0.963,0.9306,0.4007,-0.8829,-0.3167,-9.3049,B2,E2,9
39.4772,1.0747,0.9026,0.2231,-0.8839,-0.3167,-9.4407,B2,E2,9
39.6144,0.9489,0.9163,0.106,-0.8833,-0.3167,-9.5669,B2,E2,9
39.7742,1.0177,0.8976,0.1187,-0.8834,-0.3167,-9.7096,B2,E2,9
39.9165,0.896,0.879,0.1371,-0.8844,-0.3167,-9.834,B2,E2,9
40.055,1.0247,0.8647,0.1551,-0.888,-0.3167,-9.9532,B2,E2,9
40.1957,0.9187,0.8536,0.1389,-0.8938,-0.3167,-10.0729,B2,E2,9
40.3235,1.0544,0.8757,0.1734,-0.8984,-0.3167,-10.1853,B2,E2,9
40.4689,0.9483,0.889,0.0919,-0.9038,-0.3167,-10.315,B2,E2,9
40.5962,1.0321,0.9012,0.0968,-0.9082,-0.3167,-10.43,B2,E2,9
40.7603,0.9648,0.9689,1.7496,-0.9729,-0.3167,-10.5805,B2,E2,9
40.9027,1.0521,0.9076,1.5252,-0.9802,-0.3167,-10.7084,B2,E2,9
41.0472,0.9661,0.9122,0.3574,-0.9862,-0.3167,-10.8403,B2,E2,9
41.1948,1.0254,0.9094,0.0397,-0.9933,-0.3167,-10.9743,B2,E2,9
41.3307,0.9521,0.8993,0.1172,-1.002,-0.3167,-11.0958,B2,E2,9
41.4788,1.0333,0.8976,0.0187,-1.0114,-0.3167,-11.2284,B2,E2,9
41.613,0.9605,0.9038,0.0745,-1.0186,-0.3167,-11.3496,B2,E2,9
41.7707,1.0279,0.9093,0.0573,-1.026,-0.3167,-11.4931,B2,E2,9
41.8885,0.9821,0.9523,1.3276,-1.0545,-0.3167,-11.6034,B2,E2,9
42.0351,1.056,0.9265,0.9197,-1.0597,-0.3167,-11.7385,B2,E2,9
42.1671,1.0196,0.9792,1.7187,-1.1062,-0.3167,-11.8621,B2,E2,9
42.3132,1.1241,0.8924,0.9664,-1.1627,-0.3167,-11.9764,B2,E2,9
42.4485,1.1031,0.9784,0.6479,-1.2159,-0.3167,-12.1008,B2,E2,9
42.6019,1.1251,0.9946,0.6252,-1.2596,-0.3167,-12.2478,B2,E2,9
42.7305,1.0619,0.9696,2.2119,-1.2533,-0.3167,-12.3732,B2,E2,9
42.8769,1.0701,0.9632,0.3076,-1.2484,-0.3167,-12.514,B2,E2,9
43.0074,1.0197,0.9602,0.0577,-1.2466,-0.3167,-12.6392,B2,E2,9
43.1558,1.0554,0.9485,0.1161,-1.2466,-0.3167,-12.7796,B2,E2,9
43.2811,1.0116,0.9473,0.0098,-1.2463,-0.3167,-12.8982,B2,E2,9
43.4332,1.0481,0.9459,0.0159,-1.2463,-0.3167,-13.042,B2,E2,9
43.5701,1.0021,0.9473,0.0381,-1.2454,-0.3167,-13.1718,B2,E2,9
43.7037,1.0315,0.9455,0.0275,-1.2452,-0.3167,-13.298,B2,E2,9
43.8444,0.9903,0.9446,0.0202,-1.2454,-0.3167,-13.4309,B2,E2,9
43.9765,1.0021,0.9444,0.0093,-1.2456,-0.3167,-13.5556,B2,E2,9
44.1099,0.9742,0.9439,0.0455,-1.2469,-0.3167,-13.6815,B2,E2,9
44.2311,0.9737,0.9451,0.0556,-1.2488,-0.3167,-13.7961,B2,E2,9
44.3898,0.966,0.9484,0.0554,-1.2527,-0.3167,-13.9467,B2,E2,9
44.5194,1.0863,0.9551,0.0641,-1.2565,-0.3167,-14.0706,B2,E2,9
44.6701,1.0531,0.9777,0.1835,-1.2577,-0.3167,-14.2188,B2,E2,9
44.7998,1.0925,0.9887,0.2902,-1.2534,-0.3167,-14.3473,B2,E2,9
44.948,1.0213,0.9735,0.367,-1.2403,-0.3167,-14.4906,B2,E2,9
45.0747,1.0412,0.9685,0.0799,-1.2295,-0.3167,-14.6126,B2,E2,9
45.2258,0.9782,0.9618,0.0736,-1.2186,-0.3167,-14.7572,B2,E2,9
45.3722,0.9678,0.9568,0.0693,-1.2094,-0.3167,-14.8969,B2,E2,9
45.5235,0.9279,0.9523,0.1097,-1.2026,-0.3167,-15.0406,B2,E2,9
45.6641,0.9201,0.9517,0.1274,-1.1989,-0.3167,-15.1743,B2,E2,9
45.8101,0.9388,0.9586,0.1283,-1.1975,-0.3167,-15.3146,B2,E2,9
45.9432,1.07,0.9902,0.2441,-1.197,-0.3167,-15.4474,B2,E2,9
46.0931,1.1502,0.9979,0.2009,-1.1905,-0.3167,-15.5972,B2,E2,9
46.2255,1.3876,0.9992,0.4277,-1.1765,-0.3167,-15.7288,B2,E2,9
46.3713,1.4856,0.9993,0.4643,-1.1508,-0.3167,-15.8723,B2,E2,9
46.4931,1.7591,0.9998,0.1525,-1.1342,-0.3167,-15.993,B2,E2,9
46.6332,1.882,0.9988,0.6958,-1.1314,-0.3167,-16.1331,B2,E2,9
46.7765,2.208,0.9987,0.6291,-1.1091,-0.3167,-16.2746,B2,E2,9
46.9157,2.3274,0.9996,0.2466,-1.0845,-0.3167,-16.4116,B2,E2,9
47.0594,2.6667,0.9999,0.15,-1.0566,-0.3167,-16.5526,B2,E2,9
47.1895,2.7825,1,0.0411,-1.0312,-0.3167,-16.6802,B2,E2,9
47.3422,3.1392,1,0.0075,-1.0013,-0.3167,-16.83,B2,E2,9
47.4805,3.2658,1,0.0017,-0.9742,-0.3167,-16.9656,B2,E2,9
47.6135,3.6012,1,0.0004,-0.9482,-0.3167,-17.096,B2,E2,9
47.7461,3.7247,1,0.0002,-0.9223,-0.3167,-17.226,B2,E2,9
47.8888,4.0757,1,0,-0.8943,-0.3167,-17.366,B2,E2,9
48.0252,4.2045,1,0.0001,-0.8676,-0.3167,-17.4997,B2,E2,9
48.1684,4.5618,1,0,-0.8396,-0.3167,-17.6402,B2,E2,9
48.3051,4.6921,1,0.0001,-0.8129,-0.3167,-17.7743,B2,E2,9
48.441,5.0386,1,0.0001,-0.7863,-0.3167,-17.9075,B2,E2,9
48.5767,5.1688,1,0.0001,-0.7597,-0.3167,-18.0405,B2,E2,9
48.7064,5.5048,1,0,-0.7344,-0.3167,-18.1677,B2,E2,9
48.859,5.5739,0.5883,2.7195,-0.7123,-0.3167,-18.2386,B2,E2,9
49.0027,5.7889,0.0979,3.9743,-0.7003,-0.3167,-18.218,B2,E2,9
49.1501,5.6835,0.5738,3.8978,-0.6964,-0.3167,-18.1127,B2,E2,9
49.2939,5.7721,0.9145,2.3915,-0.6968,-0.3167,-17.9689,B2,E2,9
49.4218,5.6445,0.9829,0.5378,-0.6971,-0.3167,-17.841,B2,E2,9
49.555,5.7198,0.9966,0.1032,-0.6975,-0.3167,-17.7077,B2,E2,9
49.6735,5.6016,0.9993,0.0232,-0.6978,-0.3167,-17.5892,B2,E2,9
49.8234,5.6661,0.9999,0.0038,-0.6981,-0.3167,-17.4393,B2,E2,9
49.9478,5.542,1,0.0008,-0.6985,-0.3167,-17.315,B2,E2,9
50.0964,5.6114,1,0.0001,-0.6989,-0.3167,-17.1663,B2,E2,9
50.2241,5.484,1,0.0001,-0.6992,-0.3167,-17.0387,B2,E2,9
50.3682,5.5569,1,0,-0.6996,-0.3167,-16.8945,B2,E2,9
50.4982,5.4272,1,0,-0.6999,-0.3167,-16.7645,B2,E2,9
50.6453,5.5014,1,0.0001,-0.7003,-0.3167,-16.6175,B2,E2,9
50.7857,5.3613,1,0.0001,-0.7006,-0.3167,-16.477,B2,E2,9
50.929,5.4446,1,0.0002,-0.701,-0.3167,-16.3337,B2,E2,9
51.0779,5.2961,1,0.0001,-0.7014,-0.3167,-16.1849,B2,E2,9
51.2167,5.387,1,0,-0.7017,-0.3167,-16.0461,B2,E2,9
51.3643,5.2397,1,0,-0.7021,-0.3167,-15.8985,B2,E2,9
51.5065,5.3289,1,0.0001,-0.7025,-0.3167,-15.7562,B2,E2,9
51.6391,5.1967,1,0,-0.7028,-0.3167,-15.6236,B2,E2,9
51.7883,5.2725,1,0.0001,-0.7032,-0.3167,-15.4744,B2,E2,9
51.9172,5.1439,1,0,-0.7035,-0.3167,-15.3456,B2,E2,9
52.0702,5.216,1,0,-0.7039,-0.3167,-15.1926,B2,E2,9
52.2043,5.0822,1,0.0001,-0.7043,-0.3167,-15.0585,B2,E2,9
52.3458,5.1608,1,0,-0.7047,-0.3167,-14.917,B2,E2,9
52.472,5.0349,1,0,-0.705,-0.3167,-14.7907,B2,E2,9
52.6242,5.105,1,0,-0.7054,-0.3167,-14.6386,B2,E2,9
52.7532,4.9763,1,0,-0.7057,-0.3167,-14.5096,B2,E2,9
52.9046,5.0489,1,0,-0.7061,-0.3167,-14.3581,B2,E2,9
53.0415,4.9123,1,0,-0.7064,-0.3167,-14.2213,B2,E2,9
53.1883,4.992,1,0,-0.7068,-0.3167,-14.0744,B2,E2,9
53.3107,4.8699,1,0,-0.7071,-0.3167,-13.952,B2,E2,9
53.4557,4.9385,1,0.0001,-0.7075,-0.3167,-13.8071,B2,E2,9
53.5872,4.8073,1,0,-0.7079,-0.3167,-13.6755,B2,E2,9
53.744,4.8807,1,0,-0.7083,-0.3167,-13.5188,B2,E2,9
53.8725,4.7526,1,0,-0.7086,-0.3167,-13.3903,B2,E2,9
54.0378,4.8219,1,0,-0.709,-0.3167,-13.225,B2,E2,9
54.1767,4.6833,1,0,-0.7094,-0.3167,-13.086,B2,E2,9
54.3267,4.764,1,0.0001,-0.7098,-0.3167,-12.936,B2,E2,9
54.4667,4.6243,1,0,-0.7101,-0.3167,-12.796,B2,E2,9
54.5981,4.7096,1,0.0001,-0.7105,-0.3167,-12.6646,B2,E2,9
54.7522,4.5559,1,0.0001,-0.7109,-0.3167,-12.5105,B2,E2,9
54.8843,4.6523,1,0.0001,-0.7112,-0.3167,-12.3785,B2,E2,9
55.0389,4.4981,1,0,-0.7116,-0.3167,-12.2238,B2,E2,9
55.1678,4.5955,1,0,-0.7119,-0.3167,-12.0949,B2,E2,9
55.3159,4.4478,1,0.0001,-0.7123,-0.3167,-11.9468,B2,E2,9
55.4381,4.5414,1,0.0001,-0.7126,-0.3167,-11.8247,B2,E2,9
55.5879,4.392,1,0,-0.713,-0.3167,-11.6749,B2,E2,9
55.7106,4.4868,1,0.0001,-0.7133,-0.3167,-11.5522,B2,E2,9
55.8636,4.3342,1,0,-0.7137,-0.3167,-11.3992,B2,E2,9
55.9978,4.4293,1,0,-0.7141,-0.3167,-11.265,B2,E2,9
56.1427,4.2848,1,0,-0.7144,-0.3167,-11.1201,B2,E2,9
56.2918,4.3704,1,0.0001,-0.7148,-0.3167,-10.9709,B2,E2,9
56.4162,4.2463,1,0.0001,-0.7151,-0.3167,-10.8465,B2,E2,9
56.5734,4.314,1,0.0001,-0.7156,-0.3167,-10.6894,B2,E2,9
56.6955,4.1922,1,0.0001,-0.7159,-0.3167,-10.5673,B2,E2,9
56.8427,4.2601,1,0,-0.7162,-0.3167,-10.4201,B2,E2,9
56.9805,4.1226,1,0,-0.7166,-0.3167,-10.2823,B2,E2,9
57.1287,4.2028,1,0,-0.717,-0.3167,-10.1341,B2,E2,9
57.2653,4.0665,1,0,-0.7173,-0.3167,-9.9974,B2,E2,9
57.393,4.1498,1,0.0001,-0.7177,-0.3167,-9.8698,B2,E2,9
57.5331,4.0101,1,0.0001,-0.718,-0.3167,-9.7297,B2,E2,9
57.6482,4.0987,1,0,-0.7183,-0.3167,-9.6146,B2,E2,9
57.7885,3.9588,1,0.0001,-0.7187,-0.3167,-9.4742,B2,E2,9
57.9145,4.0454,1,0,-0.719,-0.3167,-9.3482,B2,E2,9
58.0837,3.8766,1,0,-0.7194,-0.3167,-9.179,B2,E2,9
58.2106,3.9861,1,0.0001,-0.7198,-0.3167,-9.0521,B2,E2,9
58.3559,3.8412,1,0.0001,-0.7201,-0.3167,-8.9069,B2,E2,9
58.483,3.9315,1,0,-0.7205,-0.3167,-8.7798,B2,E2,9
58.6287,3.7862,1,0,-0.7209,-0.3167,-8.634,B2,E2,9
58.7579,3.8764,1,0,-0.7212,-0.3167,-8.5049,B2,E2,9
58.9061,3.7286,1,0,-0.7216,-0.3167,-8.3566,B2,E2,9
59.034,3.8211,1,0.0001,-0.7219,-0.3167,-8.2288,B2,E2,9
59.174,3.6815,1,0.0001,-0.7223,-0.3167,-8.0887,B2,E2,9
59.2933,3.7692,1,0,-0.7226,-0.3167,-7.9695,B2,E2,9
59.4388,3.6241,1,0.0001,-0.7229,-0.3167,-7.8239,B2,E2,9
59.5639,3.715,1,0.0001,-0.7233,-0.3167,-7.6989,B2,E2,9
59.7051,3.5742,1,0,-0.7236,-0.3167,-7.5577,B2,E2,9
59.8413,3.6594,1,0.0001,-0.724,-0.3167,-7.4215,B2,E2,9
59.9946,3.5066,1,0,-0.7244,-0.3167,-7.2682,B2,E2,9
60.1334,3.6009,1,0,-0.7247,-0.3167,-7.1293,B2,E2,9
60.2728,3.462,1,0,-0.7251,-0.3167,-6.99,B2,E2,9
60.4059,3.5464,1,0,-0.7254,-0.3167,-6.8568,B2,E2,9
60.5451,3.4076,1,0.0001,-0.7258,-0.3167,-6.7177,B2,E2,9
60.6739,3.4927,1,0.0001,-0.7261,-0.3167,-6.5889,B2,E2,9
60.8293,3.3378,1,0,-0.7265,-0.3167,-6.4335,B2,E2,9
60.9559,3.4362,1,0,-0.7269,-0.3167,-6.3069,B2,E2,9
61.1051,3.2875,1,0.0001,-0.7272,-0.3167,-6.1577,B2,E2,9
61.2337,3.3806,1,0.0001,-0.7276,-0.3167,-6.029,B2,E2,9
61.3899,3.2249,1,0,-0.728,-0.3167,-5.8729,B2,E2,9
61.5118,3.3249,1,0,-0.7283,-0.3167,-5.7509,B2,E2,9
61.663,3.1742,1,0,-0.7287,-0.3167,-5.5998,B2,E2,9
61.7956,3.268,1,0,-0.729,-0.3167,-5.4672,B2,E2,9
61.9494,3.1148,1,0,-0.7294,-0.3167,-5.3134,B2,E2,9
62.0882,3.2095,1,0,-0.7298,-0.3167,-5.1746,B2,E2,9
62.2395,3.0586,1,0,-0.7302,-0.3167,-5.0232,B2,E2,9
62.3809,3.1508,1,0,-0.7305,-0.3167,-4.8819,B2,E2,9
62.5067,3.0255,1,0.0001,-0.7309,-0.3167,-4.7561,B2,E2,9
62.6606,3.0948,1,0,-0.7313,-0.3167,-4.6021,B2,E2,9
62.7933,2.9626,1,0,-0.7316,-0.3167,-4.4695,B2,E2,9
62.9539,3.0361,1,0,-0.732,-0.3167,-4.3089,B2,E2,9
63.1041,2.8864,1,0,-0.7324,-0.3167,-4.1587,B2,E2,9
63.2566,2.9755,1,0,-0.7328,-0.3167,-4.0061,B2,E2,9
63.4029,2.8297,1,0,-0.7332,-0.3167,-3.8599,B2,E2,9
63.5849,2.9097,1,0,-0.7336,-0.3167,-3.6778,B2,E2,9
63.7203,2.7748,1,0,-0.734,-0.3167,-3.5425,B2,E2,9
63.8765,2.8513,1,0,-0.7344,-0.3167,-3.3863,B2,E2,9
64.0241,2.7043,1,0,-0.7348,-0.3167,-3.2387,B2,E2,9
64.186,2.7894,1,0,-0.7352,-0.3167,-3.0768,B2,E2,9
64.3239,2.652,1,0,-0.7355,-0.3167,-2.9389,B2,E2,9
64.4737,2.7318,1,0,-0.7359,-0.3167,-2.7891,B2,E2,9
64.6088,2.5971,1,0,-0.7363,-0.3167,-2.6539,B2,E2,9
64.7517,2.6761,1,0,-0.7366,-0.3167,-2.511,B2,E2,9
64.887,2.5413,1,0,-0.737,-0.3167,-2.3758,B2,E2,9
65.0448,2.6174,1,0,-0.7374,-0.3167,-2.218,B2,E2,9
65.1708,2.4919,1,0.0001,-0.7377,-0.3167,-2.092,B2,E2,9
65.3151,2.5633,1,0,-0.7381,-0.3167,-1.9477,B2,E2,9
65.4381,2.4407,1,0,-0.7384,-0.3167,-1.8247,B2,E2,9
65.5884,2.5085,1,0,-0.7388,-0.3167,-1.6744,B2,E2,9
65.7137,2.3837,1,0,-0.7391,-0.3167,-1.549,B2,E2,9
65.846,2.457,1,0.0001,-0.7395,-0.3167,-1.4168,B2,E2,9
65.972,2.3315,1,0,-0.7398,-0.3167,-1.2908,B2,E2,9
66.1162,2.4029,1,0,-0.7402,-0.3167,-1.1466,B2,E2,9
66.2427,2.2769,1,0,-0.7405,-0.3167,-1.0201,B2,E2,9
66.3926,2.3475,1,0,-0.7409,-0.3167,-0.8702,B2,E2,9
66.5227,2.2179,1,0,-0.7412,-0.3167,-0.74,B2,E2,9
66.6554,2.2949,1,0,-0.7416,-0.3167,-0.6074,B2,E2,9
66.7831,2.1678,1,0,-0.7419,-0.3167,-0.4797,B2,E2,9
66.9172,2.2425,1,0,-0.7422,-0.3167,-0.3455,B2,E2,9
67.0478,2.1125,1,0.0001,-0.7426,-0.3167,-0.215,B2,E2,9
67.1792,2.1901,1,0,-0.7429,-0.3167,-0.0836,B2,E2,9
67.3019,2.0678,1,0,-0.7432,-0.3167,0.0392,B2,E2,9
67.4607,2.1337,1,0,-0.7436,-0.3167,0.1979,B2,E2,9
67.5876,2.0073,1,0,-0.744,-0.3167,0.3249,B2,E2,9
67.7341,2.079,1,0,-0.7443,-0.3167,0.4713,B2,E2,9
67.8643,1.9494,1,0,-0.7447,-0.3167,0.6015,B2,E2,9
68.0289,2.02,1,0,-0.7451,-0.3167,0.7661,B2,E2,9
68.1555,1.894,1,0.0001,-0.7454,-0.3167,0.8927,B2,E2,9
68.3116,1.9634,1,0,-0.7458,-0.3167,1.0488,B2,E2,9
68.4439,1.8317,1,0,-0.7462,-0.3167,1.1811,B2,E2,9
68.6016,1.9054,1,0.0001,-0.7466,-0.3167,1.3388,B2,E2,9
68.7332,1.7744,1,0,-0.7469,-0.3167,1.4704,B2,E2,9
68.8703,1.8516,1,0,-0.7473,-0.3167,1.6076,B2,E2,9
69.0005,1.7221,1,0,-0.7476,-0.3167,1.7377,B2,E2,9
69.152,1.7952,1,0,-0.748,-0.3167,1.8892,B2,E2,9
69.3229,1.6253,1,0,-0.7484,-0.3167,2.0601,B2,E2,9
69.4723,1.7311,1,0,-0.7488,-0.3167,2.2096,B2,E2,9
69.618,1.5862,1,0,-0.7492,-0.3167,2.3553,B2,E2,9
69.7471,1.6761,1,0,-0.7495,-0.3167,2.4843,B2,E2,9
69.887,1.5371,1,0,-0.7499,-0.3167,2.6242,B2,E2,9
70.0111,1.6233,1,0,-0.7502,-0.3167,2.7483,B2,E2,9
70.1643,1.471,1,0.0001,-0.7506,-0.3167,2.9015,B2,E2,9
70.2928,1.567,1,0,-0.7509,-0.3167,3.03,B2,E2,9
70.4492,1.4116,1,0,-0.7513,-0.3167,3.1864,B2,E2,9
70.5874,1.5081,1,0,-0.7517,-0.3167,3.3246,B2,E2,9
70.7415,1.355,1,0,-0.7521,-0.3167,3.4787,B2,E2,9
70.8853,1.4485,1,0,-0.7525,-0.3167,3.6225,B2,E2,9
71.0241,1.3106,1,0,-0.7528,-0.3167,3.7613,B2,E2,9
71.1653,1.3925,1,0,-0.7532,-0.3167,3.9025,B2,E2,9
71.312,1.2469,1,0,-0.7536,-0.3167,4.0492,B2,E2,9
71.4528,1.335,1,0,-0.7539,-0.3167,4.19,B2,E2,9
71.5841,1.2047,1,0.0001,-0.7543,-0.3167,4.3213,B2,E2,9
71.7441,1.2768,1,0.0001,-0.7547,-0.3167,4.4813,B2,E2,9
71.8858,1.1363,1,0,-0.755,-0.3167,4.623,B2,E2,9
72.0267,1.2203,1,0,-0.7554,-0.3167,4.7639,B2,E2,9
72.1709,1.0774,1,0,-0.7558,-0.3167,4.9081,B2,E2,9
72.2986,1.166,1,0,-0.7561,-0.3167,5.0358,B2,E2,9
72.4504,1.0162,0.9963,0.0243,-0.7566,-0.3167,5.1869,B2,E2,9
72.5939,1.2065,0.9846,0.0823,-0.7573,-0.3167,5.3278,B2,E2,9
72.7703,1.0677,0.8457,1.8865,-0.6969,-0.3167,5.4609,B2,E2,9
72.913,1.1796,0.9615,1.9071,-0.6973,-0.3167,5.6035,B2,E2,9
73.0585,1.0346,0.992,0.3855,-0.698,-0.3167,5.7491,B2,E2,9
73.1902,1.2085,0.9896,0.0774,-0.6988,-0.3167,5.8793,B2,E2,9
73.3424,1.0569,0.9979,0.0553,-0.6996,-0.3167,6.0315,B2,E2,9
73.4733,1.2363,0.9996,0.0128,-0.7003,-0.3167,6.1624,B2,E2,9
73.6248,1.0873,0.9904,0.0605,-0.7012,-0.3167,6.3121,B2,E2,9
73.7572,1.2102,0.8575,2.6518,-0.6526,-0.3167,6.4126,B2,E2,9
73.887,1.0805,0.9627,2.1908,-0.6532,-0.3167,6.5425,B2,E2,9
74.0223,1.1571,0.9922,0.4316,-0.6542,-0.3167,6.6778,B2,E2,9
74.1648,1.016,0.9916,0.0714,-0.6553,-0.3167,6.8191,B2,E2,9
74.312,1.2085,0.9797,0.0822,-0.6566,-0.3167,6.9629,B2,E2,9
74.461,1.099,0.859,2.7984,-0.5895,-0.3167,7.0717,B2,E2,9
74.5967,1.1911,0.9583,2.5164,-0.5905,-0.3167,7.2074,B2,E2,9
74.7401,1.0477,0.9912,0.4911,-0.592,-0.3167,7.3508,B2,E2,9
74.8713,1.2365,0.9943,0.0957,-0.5934,-0.3167,7.4813,B2,E2,9
75.0192,1.0916,0.9826,0.0811,-0.5949,-0.3167,7.6262,B2,E2,9
75.1514,1.2192,0.8832,3.2255,-0.5325,-0.3167,7.7259,B2,E2,9
75.2984,1.0735,0.9582,2.2992,-0.5323,-0.3167,7.872,B2,E2,9
75.4287,1.1649,0.991,0.6139,-0.5341,-0.3167,8.0023,B2,E2,9
75.585,1.0098,0.9942,0.0924,-0.5362,-0.3167,8.1578,B2,E2,9
75.7197,1.2075,0.9837,0.0797,-0.5378,-0.3167,8.2899,B2,E2,9
75.8814,1.0785,0.8673,1.9908,-0.5955,-0.3167,8.4155,B2,E2,9
76.0136,1.1813,0.966,1.9887,-0.5973,-0.3167,8.5478,B2,E2,9
76.1638,1.0312,0.9929,0.3628,-0.599,-0.3167,8.6979,B2,E2,9
76.2792,1.2107,0.9905,0.085,-0.6002,-0.3167,8.8122,B2,E2,9
76.4335,1.0566,0.9981,0.0505,-0.6019,-0.3167,8.9664,B2,E2,9
76.5636,1.2366,0.9996,0.0119,-0.6033,-0.3167,9.0965,B2,E2,9
76.7197,1.0823,0.9912,0.0538,-0.6049,-0.3167,9.2509,B2,E2,9
76.8513,1.2087,0.8998,2.5786,-0.5556,-0.3167,9.358,B2,E2,9
77.0122,1.0484,0.9711,1.7089,-0.5573,-0.3167,9.5188,B2,E2,9
77.1412,1.2368,0.9939,0.4404,-0.5591,-0.3167,9.6479,B2,E2,9
77.2851,1.0952,0.9887,0.0748,-0.5609,-0.3167,9.7899,B2,E2,9
77.4224,1.213,0.8572,2.6156,-0.6145,-0.3167,9.8929,B2,E2,9
77.566,1.0696,0.9623,2.0193,-0.6164,-0.3167,10.0365,B2,E2,9
77.714,1.1548,0.9921,0.4045,-0.618,-0.3167,10.1845,B2,E2,9
77.8496,1.0205,0.9916,0.077,-0.6194,-0.3167,10.3189,B2,E2,9
78.0083,1.2081,0.9788,0.0828,-0.6209,-0.3167,10.4737,B2,E2,9
78.156,1.1025,0.8971,2.9603,-0.5482,-0.3167,10.5866,B2,E2,9
78.2996,1.1915,0.9639,2.4893,-0.5497,-0.3167,10.7301,B2,E2,9
78.4494,1.0426,0.9922,0.4967,-0.5519,-0.3167,10.8799,B2,E2,9
78.6051,1.2318,0.9947,0.0858,-0.5542,-0.3167,11.0349,B2,E2,9
78.7526,1.0885,0.9825,0.0838,-0.556,-0.3167,11.1793,B2,E2,9
78.8972,1.2071,0.8494,2.3224,-0.6085,-0.3167,11.288,B2,E2,9
79.0435,1.0613,0.962,1.8788,-0.6106,-0.3167,11.4342,B2,E2,9
79.1781,1.2357,0.9921,0.4226,-0.6123,-0.3167,11.5688,B2,E2,9
79.3351,1.0812,0.9889,0.0679,-0.614,-0.3167,11.724,B2,E2,9
79.4669,1.2066,0.8647,2.4574,-0.6609,-0.3167,11.8258,B2,E2,9
79.6129,1.0607,0.9654,1.8152,-0.6626,-0.3167,11.9718,B2,E2,9
79.7566,1.2339,0.9928,0.3819,-0.664,-0.3167,12.1154,B2,E2,9
79.923,1.0697,0.9888,0.0634,-0.6654,-0.3167,12.2797,B2,E2,9
80.0542,1.1765,0.9978,0.0694,-0.6666,-0.3167,12.411,B2,E2,9
80.2188,1.0122,0.9996,0.011,-0.6681,-0.3167,12.5756,B2,E2,9
80.3683,1.2017,0.9897,0.0657,-0.6694,-0.3167,12.7232,B2,E2,9
80.514,1.0563,0.998,0.0564,-0.6707,-0.3167,12.8688,B2,E2,9
80.6541,1.2344,0.9996,0.0117,-0.672,-0.3167,13.009,B2,E2,9
80.7884,1.1024,0.9881,0.0858,-0.6731,-0.3167,13.1412,B2,E2,9
80.9518,1.2116,0.8674,2.0708,-0.7339,-0.3167,13.2672,B2,E2,9
81.1097,1.0538,0.9652,1.7434,-0.7353,-0.3167,13.4251,B2,E2,9
81.2333,1.2379,0.9927,0.4668,-0.736,-0.3167,13.5486,B2,E2,9
81.3813,1.0915,0.9899,0.0708,-0.7367,-0.3167,13.6951,B2,E2,9
81.5234,1.2142,0.8919,2.587,-0.6789,-0.3167,13.8075,B2,E2,9
81.6709,1.0671,0.9681,2.0075,-0.6797,-0.3167,13.955,B2,E2,9
81.8156,1.156,0.9932,0.4289,-0.681,-0.3167,14.0997,B2,E2,9
81.9491,1.0239,0.9921,0.0805,-0.6822,-0.3167,14.2321,B2,E2,9
82.0966,1.2105,0.9794,0.0863,-0.6833,-0.3167,14.3761,B2,E2,9
82.2293,1.1142,0.845,3.2815,-0.7461,-0.3167,14.4688,B2,E2,9
82.3862,1.1908,0.9462,2.1521,-0.7506,-0.3167,14.6237,B2,E2,9
82.5216,1.0554,0.9885,0.6536,-0.7512,-0.3167,14.7592,B2,E2,9
82.6623,1.2347,0.9937,0.1156,-0.7519,-0.3167,14.8991,B2,E2,9
82.7941,1.1055,0.983,0.0847,-0.7524,-0.3167,15.0284,B2,E2,9
82.9379,1.2174,0.893,2.6882,-0.6899,-0.3167,15.1409,B2,E2,9
83.0691,1.0868,0.9668,2.4002,-0.6906,-0.3167,15.2721,B2,E2,9
83.2121,1.1629,0.9929,0.4634,-0.6919,-0.3167,15.4152,B2,E2,9
83.348,1.0282,0.9948,0.0872,-0.6931,-0.3167,15.5504,B2,E2,9
83.493,1.2097,0.9829,0.0824,-0.6942,-0.3167,15.6925,B2,E2,9
83.652,1.091,0.8448,2.5194,-0.7628,-0.3167,15.8065,B2,E2,9
83.7902,1.1905,0.9571,2.361,-0.7641,-0.3167,15.9447,B2,E2,9
83.947,1.0339,0.991,0.4389,-0.7648,-0.3167,16.1015,B2,E2,9
84.0793,1.2362,0.9941,0.0929,-0.7653,-0.3167,16.2331,B2,E2,9
84.2138,1.1048,0.9812,0.0985,-0.7657,-0.3167,16.3647,B2,E2,9
84.3489,1.2223,0.8969,3.1816,-0.6999,-0.3167,16.468,B2,E2,9
84.4802,1.092,0.963,2.6365,-0.6998,-0.3167,16.599,B2,E2,9
84.6112,1.1701,0.992,0.5893,-0.7011,-0.3167,16.73,B2,E2,9
84.7506,1.0317,0.9969,0.1063,-0.7024,-0.3167,16.8692,B2,E2,9
84.8842,1.1967,0.9865,0.0789,-0.7035,-0.3167,17.0006,B2,E2,9
85.0424,1.0671,0.8762,1.7308,-0.7507,-0.3167,17.1282,B2,E2,9
85.1821,1.2261,0.9687,1.5946,-0.7521,-0.3167,17.2676,B2,E2,9
85.3228,1.0874,0.9847,0.3092,-0.7529,-0.3167,17.4068,B2,E2,9
85.4606,1.1684,0.9969,0.1075,-0.7537,-0.3167,17.5446,B2,E2,9
85.5947,1.0359,0.9976,0.0122,-0.7545,-0.3167,17.6784,B2,E2,9
85.7535,1.2086,0.9859,0.0741,-0.7557,-0.3167,17.8345,B2,E2,9
85.8937,1.0957,0.8495,2.1582,-0.7132,-0.3167,17.9427,B2,E2,9
86.0454,1.176,0.9639,1.6306,-0.714,-0.3167,18.0943,B2,E2,9
86.2054,1.0172,0.9925,0.3254,-0.7156,-0.3167,18.2544,B2,E2,9
86.3547,1.2021,0.9882,0.0716,-0.7172,-0.3167,18.4017,B2,E2,9
86.4935,1.0644,0.9976,0.0685,-0.7186,-0.3167,18.5405,B2,E2,9
86.6652,1.2278,0.9995,0.011,-0.7203,-0.3167,18.7122,B2,E2,9
86.8153,1.0811,0.9888,0.0721,-0.7219,-0.3167,18.8602,B2,E2,9
86.9636,1.1698,0.9978,0.0609,-0.7234,-0.3167,19.0085,B2,E2,9
87.1085,1.0261,0.9994,0.0116,-0.7248,-0.3167,19.1534,B2,E2,9
87.2599,1.2051,0.9869,0.0834,-0.7265,-0.3167,19.3023,B2,E2,9
87.3945,1.0923,0.9456,3.6016,-0.6507,-0.3167,19.4092,B2,E2,9
87.5446,1.1726,0.957,2.2239,-0.6422,-0.3167,19.5557,B2,E2,9
87.6745,1.0429,0.9892,0.9953,-0.6446,-0.3167,19.6856,B2,E2,9
87.833,1.2069,0.9859,0.1645,-0.6477,-0.3167,19.8417,B2,E2,9
87.9746,1.0963,0.9435,3.5494,-0.5654,-0.3167,19.9524,B2,E2,9
88.143,1.1806,0.9538,2.0932,-0.5573,-0.3167,20.1166,B2,E2,9
88.2902,1.0334,0.9886,0.9201,-0.5615,-0.3167,20.2638,B2,E2,9
88.4557,1.2019,0.9892,0.1596,-0.5665,-0.3167,20.4274,B2,E2,9
88.5933,1.0643,0.9978,0.0743,-0.5707,-0.3167,20.5649,B2,E2,9
88.7334,1.2344,0.9996,0.0146,-0.5749,-0.3167,20.705,B2,E2,9
88.8606,1.109,0.9888,0.0846,-0.5787,-0.3167,20.8304,B2,E2,9
88.9984,1.2119,0.8979,2.409,-0.5305,-0.3167,20.9436,B2,E2,9
89.1402,1.0705,0.9711,1.9017,-0.5348,-0.3167,21.0853,B2,E2,9
89.2647,1.2379,0.9939,0.472,-0.5394,-0.3167,21.2098,B2,E2,9
89.3989,1.1052,0.9917,0.0781,-0.5443,-0.3167,21.3427,B2,E2,9
89.5309,1.2132,0.8665,2.5514,-0.5953,-0.3167,21.4431,B2,E2,9
89.7044,1.0399,0.9653,1.5608,-0.6017,-0.3167,21.6165,B2,E2,9
89.8443,1.2346,0.9927,0.4188,-0.606,-0.3167,21.7564,B2,E2,9
90.0091,1.0719,0.9892,0.0677,-0.6109,-0.3167,21.9192,B2,E2,9
90.1774,1.4227,0.9978,0.0522,-0.6161,-0.3167,22.0873,B2,E2,9
90.3383,1.2667,0.9996,0.0109,-0.621,-0.3167,22.2482,B2,E2,9
90.4871,1.1262,0.9869,0.085,-0.6254,-0.3167,22.3945,B2,E2,9
90.6367,0.9842,0.9974,0.0699,-0.63,-0.3167,22.544,B2,E2,9
90.7902,0.8413,0.9995,0.0136,-0.6347,-0.3167,22.6975,B2,E2,9
90.9187,0.7267,0.9882,0.0876,-0.6384,-0.3167,22.824,B2,E2,9
91.0704,0.5958,0.9976,0.0622,-0.6431,-0.3167,22.9756,B2,E2,9
91.2081,0.4874,0.9995,0.0137,-0.6473,-0.3167,23.1134,B2,E2,9
91.3765,0.3829,0.9903,0.055,-0.6523,-0.3167,23.2796,B2,E2,9
91.5178,0.2948,0.8743,2.2318,-0.7037,-0.3167,23.3899,B2,E2,9
91.6916,0.2995,0.9677,1.4721,-0.709,-0.3167,23.5636,B2,E2,9
91.8499,0.3816,0.9932,0.3631,-0.7124,-0.3167,23.7219,B2,E2,9
92.0062,0.4979,0.9848,0.0871,-0.7156,-0.3167,23.8754,B2,E2,9
92.1634,0.6335,0.997,0.0781,-0.7189,-0.3167,24.0326,B2,E2,9
92.3051,0.7629,0.9994,0.0173,-0.7219,-0.3167,24.1743,B2,E2,9
92.4417,0.8892,0.9872,0.0891,-0.7247,-0.3167,24.3087,B2,E2,9
92.582,1.0145,0.9013,2.4248,-0.6728,-0.3167,24.4236,B2,E2,9
92.7396,1.0542,0.9713,1.7574,-0.6761,-0.3167,24.5811,B2,E2,9
92.8851,1.2336,0.9938,0.4446,-0.6811,-0.3167,24.7266,B2,E2,9
93.0322,1.0887,0.99,0.0828,-0.686,-0.3167,24.872,B2,E2,9
93.1738,1.1776,0.998,0.0602,-0.6909,-0.3167,25.0135,B2,E2,9
93.328,1.0241,0.9996,0.0112,-0.6962,-0.3167,25.1676,B2,E2,9
93.4827,1.2028,0.9903,0.0605,-0.7014,-0.3167,25.3204,B2,E2,9
93.6297,1.0565,0.9981,0.0532,-0.7065,-0.3167,25.4673,B2,E2,9
93.7683,1.2348,0.9996,0.0113,-0.7113,-0.3167,25.6058,B2,E2,9
93.8981,1.1075,0.9885,0.086,-0.7155,-0.3167,25.7337,B2,E2,9
94.0538,1.2618,0.8562,2.1845,-0.7754,-0.3167,25.8502,B2,E2,9
94.1962,1.1268,0.9229,1.8244,-0.7794,-0.3167,25.9854,B2,E2,9
94.3552,1.1768,0.8379,2.5089,-0.8616,-0.3167,26.0918,B2,E2,9
94.5044,1.0285,0.9487,2.6947,-0.8637,-0.3167,26.2409,B2,E2,9
94.6592,1.1934,0.9786,0.6294,-0.8612,-0.3167,26.3938,B2,E2,9
94.807,1.054,0.9839,0.1294,-0.8587,-0.3167,26.5394,B2,E2,9
94.9779,1.1911,0.994,0.0662,-0.8555,-0.3167,26.7097,B2,E2,9
95.1251,1.0728,0.9868,0.051,-0.8534,-0.3167,26.8547,B2,E2,9
95.2593,1.0732,0.8638,1.3447,-0.8311,-0.3167,26.9647,B2,E2,9
95.3999,1.0195,0.9145,0.4478,-0.8172,-0.3167,27.0943,B2,E2,9
95.5473,1.149,0.954,0.3645,-0.8076,-0.3167,27.2361,B2,E2,9
95.7002,1.0092,0.9736,0.2572,-0.8026,-0.3167,27.3856,B2,E2,9
95.8556,1.1833,0.9712,0.184,-0.8018,-0.3167,27.5365,B2,E2,9
96.0095,1.0703,0.7733,1.9691,-0.7614,-0.3167,27.6422,B2,E2,9
96.1579,1.2151,0.9423,1.8189,-0.7639,-0.3167,27.7893,B2,E2,9
96.3224,1.0607,0.9879,0.4933,-0.773,-0.3167,27.9536,B2,E2,9
96.471,1.2245,0.9975,0.1389,-0.7821,-0.3167,28.1019,B2,E2,9
96.6067,1.0982,0.9883,0.0929,-0.7912,-0.3167,28.2354,B2,E2,9
96.7419,1.1554,0.9977,0.0705,-0.7998,-0.3167,28.3703,B2,E2,9
96.8746,1.0296,0.9957,0.0148,-0.8082,-0.3167,28.5021,B2,E2,9
