Time_s,Distance_m,Velocity_mps,Acceleration_mps2,PosX_m,PosY_m,PosZ_m,Status,MethodRaw,ScenarioRaw,Method,Scenario,RunID,Result
9453.416,3.5692,0.4425,1.6327,-3.1316,-0.3167,29.5766,0,2,2,M2,E2,3,SUCCESS
9453.555,3.4802,0.8815,3.585,-3.1243,-0.3167,29.4377,0,2,2,M2,E2,3,SUCCESS
9453.775,3.8525,0.9762,0.4547,-3.1132,-0.3167,29.218,0,2,2,M2,E2,3,SUCCESS
9454.031,3.8845,0.9952,0.0781,-3.1002,-0.3167,28.9623,0,2,2,M2,E2,3,SUCCESS
9454.244,3.7328,0.999,0.0188,-3.0894,-0.3167,28.7493,0,2,2,M2,E2,3,SUCCESS
9454.46,3.9058,0.9998,0.0037,-3.0785,-0.3167,28.534,0,2,2,M2,E2,3,SUCCESS
9454.675,3.751,1,0.0008,-3.0676,-0.3167,28.3196,0,2,2,M2,E2,3,SUCCESS
9454.891,3.894,1,0.0001,-3.0566,-0.3167,28.1035,0,2,2,M2,E2,3,SUCCESS
9455.113,3.7336,1,0,-3.0454,-0.3167,27.8818,0,2,2,M2,E2,3,SUCCESS
9455.328,3.88,1,0,-3.0345,-0.3167,27.6671,0,2,2,M2,E2,3,SUCCESS
9455.559,3.7132,1,0,-3.0228,-0.3167,27.4371,0,2,2,M2,E2,3,SUCCESS
9455.676,3.9375,1,0,-3.0169,-0.3167,27.3201,0,2,2,M2,E2,3,SUCCESS
9455.876,3.7894,1,0,-3.0067,-0.3167,27.1202,0,2,2,M2,E2,3,SUCCESS
9456.094,3.8796,1,0,-2.9957,-0.3167,26.9021,0,2,2,M2,E2,3,SUCCESS
9456.216,3.7897,1,0,-2.9895,-0.3167,26.7806,0,2,2,M2,E2,3,SUCCESS
9456.414,3.9465,1,0,-2.9794,-0.3167,26.5822,0,2,2,M2,E2,3,SUCCESS
9456.612,3.7981,1,0,-2.9694,-0.3167,26.384,0,2,2,M2,E2,3,SUCCESS
9456.815,3.8839,1,0,-2.9591,-0.3167,26.1818,0,2,2,M2,E2,3,SUCCESS
9456.978,3.7634,1,0,-2.9509,-0.3167,26.0197,0,2,2,M2,E2,3,SUCCESS
9457.135,3.9416,1,0,-2.9429,-0.3167,25.8626,0,2,2,M2,E2,3,SUCCESS
9457.357,3.7746,1,0,-2.9317,-0.3167,25.6406,0,2,2,M2,E2,3,SUCCESS
9457.628,3.8118,1,0,-2.918,-0.3167,25.3704,0,2,2,M2,E2,3,SUCCESS
9457.767,3.7094,1,0,-2.9109,-0.3167,25.2318,0,2,2,M2,E2,3,SUCCESS
9457.979,3.9118,1,0,-2.9002,-0.3167,25.02,0,2,2,M2,E2,3,SUCCESS
9458.198,3.7462,1,0,-2.889,-0.3167,24.8004,0,2,2,M2,E2,3,SUCCESS
9458.408,3.8535,1,0,-2.8784,-0.3167,24.5904,0,2,2,M2,E2,3,SUCCESS
9458.611,3.7022,1,0,-2.8681,-0.3167,24.3883,0,2,2,M2,E2,3,SUCCESS
9458.833,3.8584,1,0,-2.8569,-0.3167,24.1667,0,2,2,M2,E2,3,SUCCESS
9459.034,3.7071,1,0,-2.8467,-0.3167,23.9657,0,2,2,M2,E2,3,SUCCESS
9459.281,3.8399,1,0,-2.8341,-0.3167,23.7185,0,2,2,M2,E2,3,SUCCESS
9459.471,3.6974,1,0,-2.8245,-0.3167,23.5294,0,2,2,M2,E2,3,SUCCESS
9459.719,3.8432,1,0,-2.812,-0.3167,23.2819,0,2,2,M2,E2,3,SUCCESS
9459.97,3.7935,1,0,-2.7993,-0.3167,23.0311,0,2,2,M2,E2,3,SUCCESS
9460.105,3.6912,1,0,-2.7924,-0.3167,22.896,0,2,2,M2,E2,3,SUCCESS
9460.308,3.9137,1,0,-2.7821,-0.3167,22.6935,0,2,2,M2,E2,3,SUCCESS
9460.571,3.8131,1,0,-2.7688,-0.3167,22.4308,0,2,2,M2,E2,3,SUCCESS
9460.755,3.6725,1,0,-2.7595,-0.3167,22.247,0,2,2,M2,E2,3,SUCCESS
9461.01,3.8316,1,0,-2.7466,-0.3167,21.9924,0,2,2,M2,E2,3,SUCCESS
9461.205,3.6811,1,0,-2.7367,-0.3167,21.7975,0,2,2,M2,E2,3,SUCCESS
9461.426,3.8493,1,0,-2.7255,-0.3167,21.5771,0,2,2,M2,E2,3,SUCCESS
9461.695,3.7913,1,0,-2.7118,-0.3167,21.308,0,2,2,M2,E2,3,SUCCESS
9461.999,3.727,1,0,-2.6964,-0.3167,21.0045,0,2,2,M2,E2,3,SUCCESS
9462.108,3.6424,1,0,-2.6909,-0.3167,20.895,0,2,2,M2,E2,3,SUCCESS
9462.355,3.8261,1,0,-2.6784,-0.3167,20.6487,0,2,2,M2,E2,3,SUCCESS
9462.624,3.7773,1,0,-2.6648,-0.3167,20.3806,0,2,2,M2,E2,3,SUCCESS
9462.844,3.6059,1,0,-2.6536,-0.3167,20.1611,0,2,2,M2,E2,3,SUCCESS
9463.072,3.8394,1,0,-2.6421,-0.3167,19.933,0,2,2,M2,E2,3,SUCCESS
9463.331,3.8125,1,0,-2.6289,-0.3167,19.6738,0,2,2,M2,E2,3,SUCCESS
9463.574,3.6202,1,0,-2.6166,-0.3167,19.4312,0,2,2,M2,E2,3,SUCCESS
9463.817,3.829,1,0,-2.6043,-0.3167,19.1888,0,2,2,M2,E2,3,SUCCESS
9464.135,3.7778,1,0,-2.5882,-0.3167,18.8718,0,2,2,M2,E2,3,SUCCESS
9464.267,3.6719,1,0,-2.5815,-0.3167,18.7397,0,2,2,M2,E2,3,SUCCESS
9464.564,3.843,1,0,-2.5664,-0.3167,18.442,0,2,2,M2,E2,3,SUCCESS
9464.772,3.675,1,0,-2.5559,-0.3167,18.2349,0,2,2,M2,E2,3,SUCCESS
9464.998,3.9335,1,0,-2.5445,-0.3167,18.0098,0,2,2,M2,E2,3,SUCCESS
9465.138,3.8174,1,0,-2.5374,-0.3167,17.8698,0,2,2,M2,E2,3,SUCCESS
9465.428,3.9724,1,0,-2.5227,-0.3167,17.5806,0,2,2,M2,E2,3,SUCCESS
9465.674,3.7671,1,0,-2.5102,-0.3167,17.3341,0,2,2,M2,E2,3,SUCCESS
9465.912,3.9742,1,0,-2.4981,-0.3167,17.0961,0,2,2,M2,E2,3,SUCCESS
9466.129,3.7927,1,0,-2.4871,-0.3167,16.8796,0,2,2,M2,E2,3,SUCCESS
9466.241,4.1779,1,0.0001,-2.4814,-0.3167,16.7676,0,2,2,M2,E2,3,SUCCESS
9466.432,4.0143,1,0,-2.4718,-0.3167,16.5776,0,2,2,M2,E2,3,SUCCESS
9466.666,4.165,1,0,-2.4599,-0.3167,16.3438,0,2,2,M2,E2,3,SUCCESS
9466.885,3.9763,1,0,-2.4488,-0.3167,16.125,0,2,2,M2,E2,3,SUCCESS
9467.125,4.2816,1,0,-2.4367,-0.3167,15.8853,0,2,2,M2,E2,3,SUCCESS
9467.386,4.3794,1,0,-2.4235,-0.3167,15.6252,0,2,2,M2,E2,3,SUCCESS
9467.611,4.1555,1,0,-2.412,-0.3167,15.3998,0,2,2,M2,E2,3,SUCCESS
9467.874,4.3518,1,0,-2.3987,-0.3167,15.1373,0,2,2,M2,E2,3,SUCCESS
9468.064,4.1618,1,0,-2.389,-0.3167,14.9466,0,2,2,M2,E2,3,SUCCESS
9468.313,4.3576,1,0,-2.3764,-0.3167,14.6978,0,2,2,M2,E2,3,SUCCESS
9468.626,4.2951,1,0,-2.3606,-0.3167,14.3861,0,2,2,M2,E2,3,SUCCESS
9468.739,4.182,1,0,-2.3548,-0.3167,14.2727,0,2,2,M2,E2,3,SUCCESS
9469.017,4.3308,1,0,-2.3408,-0.3167,13.9964,0,2,2,M2,E2,3,SUCCESS
9469.253,4.0946,1,0,-2.3288,-0.3167,13.7595,0,2,2,M2,E2,3,SUCCESS
9469.508,4.3533,1,0,-2.3159,-0.3167,13.5052,0,2,2,M2,E2,3,SUCCESS
9469.782,4.3337,1,0,-2.302,-0.3167,13.231,0,2,2,M2,E2,3,SUCCESS
9470.022,4.0949,1,0,-2.2898,-0.3167,12.9914,0,2,2,M2,E2,3,SUCCESS
9470.295,4.3362,1,0,-2.276,-0.3167,12.7193,0,2,2,M2,E2,3,SUCCESS
9470.575,4.329,1,0,-2.2618,-0.3167,12.4396,0,2,2,M2,E2,3,SUCCESS
9470.69,4.2139,1,0,-2.256,-0.3167,12.324,0,2,2,M2,E2,3,SUCCESS
9470.979,4.3222,1,0,-2.2414,-0.3167,12.037,0,2,2,M2,E2,3,SUCCESS
9471.193,4.108,1,0,-2.2305,-0.3167,11.8221,0,2,2,M2,E2,3,SUCCESS
9471.467,4.3365,1,0,-2.2166,-0.3167,11.5489,0,2,2,M2,E2,3,SUCCESS
9471.697,4.107,1,0,-2.2049,-0.3167,11.3185,0,2,2,M2,E2,3,SUCCESS
9471.963,4.3453,1,0,-2.1915,-0.3167,11.0536,0,2,2,M2,E2,3,SUCCESS
9472.177,4.1326,1,0,-2.1807,-0.3167,10.84,0,2,2,M2,E2,3,SUCCESS
9472.423,4.3644,1,0,-2.1682,-0.3167,10.5937,0,2,2,M2,E2,3,SUCCESS
9472.734,4.3005,1,0,-2.1524,-0.3167,10.2829,0,2,2,M2,E2,3,SUCCESS
9472.855,4.1803,1,0,-2.1463,-0.3167,10.1622,0,2,2,M2,E2,3,SUCCESS
9473.137,4.3302,1,0,-2.132,-0.3167,9.8808,0,2,2,M2,E2,3,SUCCESS
9473.362,4.1061,1,0,-2.1206,-0.3167,9.6557,0,2,2,M2,E2,3,SUCCESS
9473.634,4.3411,1,0,-2.1068,-0.3167,9.3846,0,2,2,M2,E2,3,SUCCESS
9473.867,4.1095,1,0,-2.095,-0.3167,9.1519,0,2,2,M2,E2,3,SUCCESS
9474.112,4.3672,1,0,-2.0825,-0.3167,8.9065,0,2,2,M2,E2,3,SUCCESS
9474.343,4.1387,1,0,-2.0709,-0.3167,8.6769,0,2,2,M2,E2,3,SUCCESS
9474.612,4.344,1,0,-2.0572,-0.3167,8.4076,0,2,2,M2,E2,3,SUCCESS
9474.915,4.3117,1,0,-2.0419,-0.3167,8.1055,0,2,2,M2,E2,3,SUCCESS
9475.045,4.1821,1,0,-2.0353,-0.3167,7.9753,0,2,2,M2,E2,3,SUCCESS
9475.289,4.3706,1,0,-2.0229,-0.3167,7.7319,0,2,2,M2,E2,3,SUCCESS
9475.525,4.1357,1,0,-2.011,-0.3167,7.4958,0,2,2,M2,E2,3,SUCCESS
9475.807,4.3337,1,0,-1.9967,-0.3167,7.2146,0,2,2,M2,E2,3,SUCCESS
9476.029,4.1122,1,0,-1.9854,-0.3167,6.992,0,2,2,M2,E2,3,SUCCESS
9476.247,4.6272,1,0,-1.9744,-0.3167,6.7747,0,2,2,M2,E2,3,SUCCESS
9476.479,4.3966,1,0,-1.9626,-0.3167,6.5432,0,2,2,M2,E2,3,SUCCESS
9476.741,4.1354,1,0,-1.9493,-0.3167,6.2809,0,2,2,M2,E2,3,SUCCESS
9477.011,3.868,1,0,-1.9357,-0.3167,6.0121,0,2,2,M2,E2,3,SUCCESS
9477.158,3.7219,1,0,-1.9282,-0.3167,5.8651,0,2,2,M2,E2,3,SUCCESS
9477.429,3.4532,1,0,-1.9145,-0.3167,5.5947,0,2,2,M2,E2,3,SUCCESS
9477.658,3.2261,1,0,-1.9029,-0.3167,5.3657,0,2,2,M2,E2,3,SUCCESS
9477.886,3.0012,1,0,-1.8914,-0.3167,5.1387,0,2,2,M2,E2,3,SUCCESS
9478.105,2.7839,1,0,-1.8802,-0.3167,4.9189,0,2,2,M2,E2,3,SUCCESS
9478.298,2.5939,1,0,-1.8704,-0.3167,4.7265,0,2,2,M2,E2,3,SUCCESS
9478.533,2.3625,1,0,-1.8585,-0.3167,4.4914,0,2,2,M2,E2,3,SUCCESS
9478.746,2.1539,1,0,-1.8477,-0.3167,4.2788,0,2,2,M2,E2,3,SUCCESS
9479.029,1.8783,1,0,-1.8334,-0.3167,3.9964,0,2,2,M2,E2,3,SUCCESS
9479.142,1.7693,1,0.0001,-1.8277,-0.3167,3.8841,0,2,2,M2,E2,3,SUCCESS
9479.422,1.5,1,0,-1.8135,-0.3167,3.6041,0,2,2,M2,E2,3,SUCCESS
9479.613,1.3189,1,0,-1.8038,-0.3167,3.4131,0,2,2,M2,E2,3,SUCCESS
9479.84,1.1087,1,0,-1.7923,-0.3167,3.1868,0,2,2,M2,E2,3,SUCCESS
9480.084,0.8913,1,0,-1.7799,-0.3167,2.9431,0,2,2,M2,E2,3,SUCCESS
9480.306,0.7088,1,0,-1.7687,-0.3167,2.7214,0,2,2,M2,E2,3,SUCCESS
9480.549,0.5438,1,0,-1.7564,-0.3167,2.4785,0,2,2,M2,E2,3,SUCCESS
9480.793,0.4552,1,0,-1.744,-0.3167,2.235,0,2,2,M2,E2,3,SUCCESS
9481.036,0.4874,1,0,-1.7317,-0.3167,1.9916,0,2,2,M2,E2,3,SUCCESS
9481.155,0.5436,1,0,-1.7256,-0.3167,1.8728,0,2,2,M2,E2,3,SUCCESS
9481.405,0.7139,1,0,-1.713,-0.3167,1.6229,0,2,2,M2,E2,3,SUCCESS
9481.648,0.9149,1,0,-1.7007,-0.3167,1.3806,0,2,2,M2,E2,3,SUCCESS
9481.876,1.1191,1,0,-1.6891,-0.3167,1.1527,0,2,2,M2,E2,3,SUCCESS
9482.045,1.2749,1,0,-1.6806,-0.3167,0.9846,0,2,2,M2,E2,3,SUCCESS
9482.296,1.5121,1,0,-1.6679,-0.3167,0.7341,0,2,2,M2,E2,3,SUCCESS
9482.552,1.7583,1,0,-1.6549,-0.3167,0.4782,0,2,2,M2,E2,3,SUCCESS
9482.814,2.0135,1,0,-1.6416,-0.3167,0.2157,0,2,2,M2,E2,3,SUCCESS
9482.968,2.1632,1,0,-1.6338,-0.3167,0.0626,0,2,2,M2,E2,3,SUCCESS
9483.194,2.3849,1,0,-1.6223,-0.3167,-0.1633,0,2,2,M2,E2,3,SUCCESS
9483.477,2.6629,1,0,-1.608,-0.3167,-0.4456,0,2,2,M2,E2,3,SUCCESS
9483.602,2.7857,1,0,-1.6017,-0.3167,-0.5699,0,2,2,M2,E2,3,SUCCESS
9483.759,2.0326,1,0,-1.5937,-0.3167,-0.7275,0,2,2,M2,E2,3,SUCCESS
9483.921,1.9109,1,0,-1.5855,-0.3167,-0.8894,0,2,2,M2,E2,3,SUCCESS
9484.156,1.4189,1,0,-1.5735,-0.3167,-1.1246,0,2,2,M2,E2,3,SUCCESS
9484.386,1.3512,1,0,-1.562,-0.3167,-1.353,0,2,2,M2,E2,3,SUCCESS
9484.643,1.6113,1,0,-1.5489,-0.3167,-1.6099,0,2,2,M2,E2,3,SUCCESS
9484.884,1.7563,1,0,-1.5367,-0.3167,-1.8513,0,2,2,M2,E2,3,SUCCESS
9485.146,2.7561,1,0,-1.5234,-0.3167,-2.1134,0,2,2,M2,E2,3,SUCCESS
9485.425,3.4812,1,0,-1.5093,-0.3167,-2.391,0,2,2,M2,E2,3,SUCCESS
9485.561,3.3885,1,0,-1.5024,-0.3167,-2.5272,0,2,2,M2,E2,3,SUCCESS
9485.794,3.567,1,0,-1.4906,-0.3167,-2.7602,0,2,2,M2,E2,3,SUCCESS
9486.011,3.3506,1,0,-1.4796,-0.3167,-2.9764,0,2,2,M2,E2,3,SUCCESS
9486.239,3.5699,1,0,-1.468,-0.3167,-3.2049,0,2,2,M2,E2,3,SUCCESS
9486.505,3.5527,0.9416,0.2233,-1.4587,-0.3167,-3.4506,0,2,2,M2,E2,3,SUCCESS
9486.728,3.3758,0.831,0.5652,-1.4672,-0.3167,-3.6296,0,2,2,M2,E2,3,SUCCESS
9486.922,3.7463,0.6585,0.9055,-1.4773,-0.3167,-3.7484,0,2,2,M2,E2,3,SUCCESS
9487.138,3.6412,0.5691,0.7473,-1.519,-0.3167,-3.8603,0,2,2,M2,E2,3,SUCCESS
9487.42,3.976,0.4612,0.7609,-1.6067,-0.3167,-3.9509,0,2,2,M2,E2,3,SUCCESS
9487.541,3.9503,0.4585,0.7674,-1.6504,-0.3167,-3.9851,0,2,2,M2,E2,3,SUCCESS
9487.799,4.3003,0.4683,0.0999,-1.7474,-0.3167,-4.0587,0,2,2,M2,E2,3,SUCCESS
9488.04,4.1672,0.6278,1.1763,-1.8112,-0.3167,-4.2099,0,2,2,M2,E2,3,SUCCESS
9488.301,4.5558,0.593,0.1563,-1.8863,-0.3167,-4.3421,0,2,2,M2,E2,3,SUCCESS
9488.538,4.4512,0.656,0.3186,-1.9748,-0.3167,-4.4748,0,2,2,M2,E2,3,SUCCESS
9488.78,4.8355,0.6881,0.1323,-2.066,-0.3167,-4.6169,0,2,2,M2,E2,3,SUCCESS
9488.984,4.7048,0.7926,0.7919,-2.1265,-0.3167,-4.7732,0,2,2,M2,E2,3,SUCCESS
9489.124,5.0252,0.9154,1.785,-2.1392,-0.3167,-4.9061,0,2,2,M2,E2,3,SUCCESS
9489.359,4.8107,0.9686,0.3711,-2.1524,-0.3167,-5.1371,0,2,2,M2,E2,3,SUCCESS
9489.615,4.9445,0.9928,0.1306,-2.164,-0.3167,-5.3924,0,2,2,M2,E2,3,SUCCESS
9489.75,4.8206,0.9833,0.3432,-2.1632,-0.3167,-5.5239,0,2,2,M2,E2,3,SUCCESS
9489.997,4.4553,0.9949,0.3724,-2.136,-0.3167,-5.7697,0,2,2,M2,E2,3,SUCCESS
9490.2,4.2596,0.9989,0.1061,-2.113,-0.3167,-5.9713,0,2,2,M2,E2,3,SUCCESS
9490.421,3.6346,0.9998,0.0198,-2.0879,-0.3167,-6.1908,0,2,2,M2,E2,3,SUCCESS
9490.65,3.4186,1,0.0038,-2.0619,-0.3167,-6.419,0,2,2,M2,E2,3,SUCCESS
9490.886,2.8086,1,0.0007,-2.0352,-0.3167,-6.6526,0,2,2,M2,E2,3,SUCCESS
9491.101,2.6172,1,0.0002,-2.0108,-0.3167,-6.8664,0,2,2,M2,E2,3,SUCCESS
9491.367,2.0456,1,0,-1.9806,-0.3167,-7.1307,0,2,2,M2,E2,3,SUCCESS
9491.636,1.6861,1,0,-1.9501,-0.3167,-7.3979,0,2,2,M2,E2,3,SUCCESS
9491.748,1.6181,1,0.0001,-1.9373,-0.3167,-7.5094,0,2,2,M2,E2,3,SUCCESS
9492.009,1.3864,1,0.0001,-1.9077,-0.3167,-7.7685,0,2,2,M2,E2,3,SUCCESS
9492.22,1.3558,1,0,-1.8837,-0.3167,-7.9784,0,2,2,M2,E2,3,SUCCESS
9492.451,1.5266,1,0,-1.8575,-0.3167,-8.2079,0,2,2,M2,E2,3,SUCCESS
9492.672,1.6271,1,0,-1.8324,-0.3167,-8.4274,0,2,2,M2,E2,3,SUCCESS
9492.902,2.0895,1,0,-1.8063,-0.3167,-8.6559,0,2,2,M2,E2,3,SUCCESS
9493.133,2.262,1,0,-1.7801,-0.3167,-8.8856,0,2,2,M2,E2,3,SUCCESS
9493.39,2.8726,1,0,-1.751,-0.3167,-9.14,0,2,2,M2,E2,3,SUCCESS
9493.566,3.0251,1,0,-1.731,-0.3167,-9.3157,0,2,2,M2,E2,3,SUCCESS
9493.681,3.5289,1,0.0001,-1.7179,-0.3167,-9.4299,0,2,2,M2,E2,3,SUCCESS
9493.928,3.7522,1,0,-1.6899,-0.3167,-9.6747,0,2,2,M2,E2,3,SUCCESS
9494.105,4.2614,1,0,-1.6698,-0.3167,-9.8513,0,2,2,M2,E2,3,SUCCESS
9494.341,4.4808,1,0,-1.6431,-0.3167,-10.0851,0,2,2,M2,E2,3,SUCCESS
9494.585,5.1123,1,0,-1.6154,-0.3167,-10.3274,0,2,2,M2,E2,3,SUCCESS
9494.833,5.3488,1,0,-1.5871,-0.3167,-10.5745,0,2,2,M2,E2,3,SUCCESS
9495.109,6.097,1,0,-1.5558,-0.3167,-10.8488,0,2,2,M2,E2,3,SUCCESS
9495.347,6.3256,1,0,-1.5289,-0.3167,-11.0845,0,2,2,M2,E2,3,SUCCESS
9495.608,7.086,1,0,-1.4992,-0.3167,-11.3445,0,2,2,M2,E2,3,SUCCESS
9495.903,7.6322,1,0,-1.4657,-0.3167,-11.6378,0,2,2,M2,E2,3,SUCCESS
9496.037,7.7625,1,0,-1.4505,-0.3167,-11.7707,0,2,2,M2,E2,3,SUCCESS
9496.307,8.4515,1,0,-1.4199,-0.3167,-12.0384,0,2,2,M2,E2,3,SUCCESS
9496.514,8.6538,1,0,-1.3964,-0.3167,-12.244,0,2,2,M2,E2,3,SUCCESS
9496.71,9.3202,1,0,-1.3741,-0.3167,-12.4392,0,2,2,M2,E2,3,SUCCESS
9496.949,9.5545,1,0,-1.347,-0.3167,-12.6765,0,2,2,M2,E2,3,SUCCESS
9497.123,10.1592,1,0,-1.3272,-0.3167,-12.8496,0,2,2,M2,E2,3,SUCCESS
9497.372,10.4041,1,0,-1.299,-0.3167,-13.0971,0,2,2,M2,E2,3,SUCCESS
9497.629,11.0788,1,0,-1.2698,-0.3167,-13.3521,0,2,2,M2,E2,3,SUCCESS
9497.922,11.6235,1,0,-1.2366,-0.3167,-13.6432,0,2,2,M2,E2,3,SUCCESS
9498.05,11.7495,1,0.0001,-1.2221,-0.3167,-13.7702,0,2,2,M2,E2,3,SUCCESS
9498.328,12.4445,1,0,-1.1904,-0.3167,-14.0471,0,2,2,M2,E2,3,SUCCESS
9498.543,12.6564,1,0,-1.1661,-0.3167,-14.2603,0,2,2,M2,E2,3,SUCCESS
9498.741,13.3449,1,0,-1.1436,-0.3167,-14.4574,0,2,2,M2,E2,3,SUCCESS
9499.01,13.8082,1,0,-1.1131,-0.3167,-14.7239,0,2,2,M2,E2,3,SUCCESS
9499.248,14.044,1,0,-1.086,-0.3167,-14.9609,0,2,2,M2,E2,3,SUCCESS
9499.508,14.8075,1,0,-1.0565,-0.3167,-15.2191,0,2,2,M2,E2,3,SUCCESS
9499.714,15.011,1,0,-1.0332,-0.3167,-15.4234,0,2,2,M2,E2,3,SUCCESS
9500.005,15.7645,1,0,-1.0002,-0.3167,-15.7126,0,2,2,M2,E2,3,SUCCESS
9500.111,15.8706,1,0,-0.988,-0.3167,-15.819,0,2,2,M2,E2,3,SUCCESS
9500.37,16.5243,1,0,-0.9587,-0.3167,-16.0755,0,2,2,M2,E2,3,SUCCESS
9500.611,16.7639,1,0,-0.9313,-0.3167,-16.3157,0,2,2,M2,E2,3,SUCCESS
9500.736,17.3877,1,0,-0.9171,-0.3167,-16.4399,0,2,2,M2,E2,3,SUCCESS
9501.006,17.7797,1,0,-0.8865,-0.3167,-16.7074,1,2,2,M2,E2,3,SUCCESS
9501.247,17.7598,0.1479,3.5721,-0.8741,-0.3167,-16.6877,1,2,2,M2,E2,3,SUCCESS
9501.4,18.1167,0.7734,5.9197,-0.8745,-0.3167,-16.5343,1,2,2,M2,E2,3,SUCCESS
9501.555,17.9629,0.9547,1.1815,-0.8749,-0.3167,-16.3805,1,2,2,M2,E2,3,SUCCESS
9501.802,18.0224,0.9909,0.1467,-0.8756,-0.3167,-16.1329,1,2,2,M2,E2,3,SUCCESS
9502.039,17.7855,0.9982,0.0307,-0.8762,-0.3167,-15.8959,1,2,2,M2,E2,3,SUCCESS
9502.178,17.9604,0.9996,0.0105,-0.8765,-0.3167,-15.7573,1,2,2,M2,E2,3,SUCCESS
9502.383,17.7547,0.9999,0.0014,-0.8771,-0.3167,-15.5516,1,2,2,M2,E2,3,SUCCESS
9502.594,17.5444,1,0.0003,-0.8776,-0.3167,-15.3413,1,2,2,M2,E2,3,SUCCESS
9502.89,17.2488,1,0,-0.8784,-0.3167,-15.0455,1,2,2,M2,E2,3,SUCCESS
9503.139,16.9998,1,0,-0.8791,-0.3167,-14.7965,1,2,2,M2,E2,3,SUCCESS
9503.313,16.8244,1,0,-0.8795,-0.3167,-14.6211,1,2,2,M2,E2,3,SUCCESS
9503.548,16.5905,1,0,-0.8802,-0.3167,-14.3871,1,2,2,M2,E2,3,SUCCESS
9503.788,16.3506,1,0,-0.8808,-0.3167,-14.1472,1,2,2,M2,E2,3,SUCCESS
9504.044,16.0942,1,0,-0.8815,-0.3167,-13.8907,1,2,2,M2,E2,3,SUCCESS
9504.312,15.8267,1,0,-0.8822,-0.3167,-13.6231,1,2,2,M2,E2,3,SUCCESS
9504.425,15.7139,1,0.0001,-0.8825,-0.3167,-13.5103,1,2,2,M2,E2,3,SUCCESS
9504.696,15.4425,1,0.0001,-0.8832,-0.3167,-13.2388,1,2,2,M2,E2,3,SUCCESS
9504.883,15.2553,1,0,-0.8837,-0.3167,-13.0515,1,2,2,M2,E2,3,SUCCESS
9505.08,15.0585,1,0,-0.8842,-0.3167,-12.8547,1,2,2,M2,E2,3,SUCCESS
9505.328,14.8105,1,0,-0.8848,-0.3167,-12.6066,1,2,2,M2,E2,3,SUCCESS
9505.565,14.5733,1,0,-0.8855,-0.3167,-12.3694,1,2,2,M2,E2,3,SUCCESS
9505.812,14.3272,1,0,-0.8861,-0.3167,-12.1232,1,2,2,M2,E2,3,SUCCESS
9505.997,14.1417,1,0,-0.8866,-0.3167,-11.9376,1,2,2,M2,E2,3,SUCCESS
9506.197,13.9418,1,0,-0.8871,-0.3167,-11.7377,1,2,2,M2,E2,3,SUCCESS
9506.504,13.6349,1,0,-0.888,-0.3167,-11.4306,1,2,2,M2,E2,3,SUCCESS
9506.617,13.5223,1,0,-0.8882,-0.3167,-11.318,1,2,2,M2,E2,3,SUCCESS
9506.879,13.2605,1,0,-0.8889,-0.3167,-11.0562,1,2,2,M2,E2,3,SUCCESS
9507.097,13.0425,1,0,-0.8895,-0.3167,-10.838,1,2,2,M2,E2,3,SUCCESS
9507.3,12.8394,1,0,-0.89,-0.3167,-10.6349,1,2,2,M2,E2,3,SUCCESS
9507.534,12.6055,1,0,-0.8907,-0.3167,-10.4009,1,2,2,M2,E2,3,SUCCESS
9507.756,12.3837,1,0,-0.8913,-0.3167,-10.1789,1,2,2,M2,E2,3,SUCCESS
9507.968,12.1719,1,0,-0.8918,-0.3167,-9.967,1,2,2,M2,E2,3,SUCCESS
9508.179,11.9613,1,0,-0.8924,-0.3167,-9.7564,1,2,2,M2,E2,3,SUCCESS
9508.433,11.7069,1,0,-0.893,-0.3167,-9.5018,1,2,2,M2,E2,3,SUCCESS
9508.543,11.5968,1,0.0001,-0.8933,-0.3167,-9.3917,1,2,2,M2,E2,3,SUCCESS
9508.819,11.321,1,0,-0.8941,-0.3167,-9.1157,1,2,2,M2,E2,3,SUCCESS
9509.021,11.1202,1,0,-0.8946,-0.3167,-8.9148,1,2,2,M2,E2,3,SUCCESS
9509.253,10.8879,1,0,-0.8952,-0.3167,-8.6824,1,2,2,M2,E2,3,SUCCESS
9509.527,10.6132,1,0,-0.8959,-0.3167,-8.4075,1,2,2,M2,E2,3,SUCCESS
9509.783,10.357,1,0,-0.8966,-0.3167,-8.1512,1,2,2,M2,E2,3,SUCCESS
9509.959,10.1814,1,0,-0.8971,-0.3167,-7.9755,1,2,2,M2,E2,3,SUCCESS
9510.197,9.9435,1,0,-0.8977,-0.3167,-7.7374,1,2,2,M2,E2,3,SUCCESS
9510.409,9.7322,1,0,-0.8982,-0.3167,-7.526,1,2,2,M2,E2,3,SUCCESS
9510.689,9.4522,1,0,-0.899,-0.3167,-7.2458,1,2,2,M2,E2,3,SUCCESS
9510.829,9.3122,1,0.0001,-0.8994,-0.3167,-7.1057,1,2,2,M2,E2,3,SUCCESS
9511.061,9.081,1,0,-0.9,-0.3167,-6.8743,1,2,2,M2,E2,3,SUCCESS
9511.292,8.8495,1,0,-0.9006,-0.3167,-6.6426,1,2,2,M2,E2,3,SUCCESS
9511.493,8.649,1,0,-0.9011,-0.3167,-6.442,1,2,2,M2,E2,3,SUCCESS
9511.713,8.4524,0.9177,0.3876,-0.8958,-0.3167,-6.2449,1,2,2,M2,E2,3,SUCCESS
9511.936,8.2859,0.7868,0.6216,-0.8808,-0.3167,-6.0775,1,2,2,M2,E2,3,SUCCESS
9512.093,8.196,0.6238,1.0792,-0.8655,-0.3167,-5.9867,1,2,2,M2,E2,3,SUCCESS
9512.369,8.0699,0.5448,0.6239,-0.7971,-0.3167,-5.8566,1,2,2,M2,E2,3,SUCCESS
9512.553,8.0257,0.3864,1.0663,-0.7529,-0.3167,-5.8094,1,2,2,M2,E2,3,SUCCESS
9512.792,7.9892,0.3511,0.4894,-0.6808,-0.3167,-5.7676,1,2,2,M2,E2,3,SUCCESS
9513.061,7.8695,0.4734,0.818,-0.6224,-0.3167,-5.6428,1,2,2,M2,E2,3,SUCCESS
9513.178,7.8319,0.4934,0.9463,-0.5805,-0.3167,-5.6014,1,2,2,M2,E2,3,SUCCESS
9513.431,7.7634,0.4861,0.2239,-0.4856,-0.3167,-5.5233,1,2,2,M2,E2,3,SUCCESS
9513.644,7.7079,0.5144,0.2073,-0.3962,-0.3167,-5.4576,1,2,2,M2,E2,3,SUCCESS
9513.853,7.6541,0.5292,0.0835,-0.3062,-0.3167,-5.3923,1,2,2,M2,E2,3,SUCCESS
9514.063,7.5772,0.5926,0.4425,-0.2151,-0.3167,-5.3023,1,2,2,M2,E2,3,SUCCESS
9514.272,7.4705,0.671,0.657,-0.133,-0.3167,-5.182,1,2,2,M2,E2,3,SUCCESS
9514.492,7.319,0.7814,0.8147,-0.0631,-0.3167,-5.0171,1,2,2,M2,E2,3,SUCCESS
9514.599,7.2289,0.888,1.7318,-0.0415,-0.3167,-4.9219,1,2,2,M2,E2,3,SUCCESS
9514.77,7.0735,0.9476,0.5743,-0.0159,-0.3167,-4.7595,1,2,2,M2,E2,3,SUCCESS
9515.059,6.8071,0.9734,0.1033,0.0283,-0.3167,-4.4799,1,2,2,M2,E2,3,SUCCESS
9515.165,6.707,0.9897,0.1893,0.0437,-0.3167,-4.3747,1,2,2,M2,E2,3,SUCCESS
9515.349,6.535,0.9786,0.3516,0.0558,-0.3167,-4.1966,1,2,2,M2,E2,3,SUCCESS
9515.566,6.3266,0.9823,0.2181,0.0609,-0.3167,-3.9823,1,2,2,M2,E2,3,SUCCESS
9515.782,6.1142,0.9961,0.2493,0.0544,-0.3167,-3.7662,1,2,2,M2,E2,3,SUCCESS
9516.008,5.893,0.9992,0.0489,0.0476,-0.3167,-3.5408,1,2,2,M2,E2,3,SUCCESS
9516.253,5.6533,0.9998,0.009,0.0402,-0.3167,-3.2962,1,2,2,M2,E2,3,SUCCESS
9516.414,5.4955,1,0.0027,0.0353,-0.3167,-3.1349,1,2,2,M2,E2,3,SUCCESS
9516.638,5.2766,1,0.0004,0.0285,-0.3167,-2.9109,1,2,2,M2,E2,3,SUCCESS
9516.871,5.0496,1,0.0001,0.0214,-0.3167,-2.678,1,2,2,M2,E2,3,SUCCESS
9517.157,4.7713,1,0,0.0128,-0.3167,-2.3916,1,2,2,M2,E2,3,SUCCESS
9517.295,4.6385,1,0,0.0086,-0.3167,-2.2546,1,2,2,M2,E2,3,SUCCESS
9517.536,4.4053,1,0,0.0013,-0.3167,-2.0134,1,2,2,M2,E2,3,SUCCESS
9517.74,4.2083,1,0,-0.0049,-0.3167,-1.8088,1,2,2,M2,E2,3,SUCCESS
9517.948,4.0089,1,0,-0.0112,-0.3167,-1.6011,1,2,2,M2,E2,3,SUCCESS
9518.087,3.8764,1,0,-0.0154,-0.3167,-1.4625,1,2,2,M2,E2,3,SUCCESS
9518.269,3.7036,1,0,-0.0209,-0.3167,-1.281,1,2,2,M2,E2,3,SUCCESS
9518.5,3.485,1,0,-0.0278,-0.3167,-1.05,1,2,2,M2,E2,3,SUCCESS
9518.694,2.6573,1,0,-0.0337,-0.3167,-0.8556,1,2,2,M2,E2,3,SUCCESS
9518.914,2.438,1,0,-0.0404,-0.3167,-0.6356,1,2,2,M2,E2,3,SUCCESS
9519.109,1.4269,1,0,-0.0463,-0.3167,-0.4405,1,2,2,M2,E2,3,SUCCESS
9519.219,1.3192,1,0,-0.0496,-0.3167,-0.331,1,2,2,M2,E2,3,SUCCESS
9519.408,0.9653,1,0,-0.0553,-0.3167,-0.1418,1,2,2,M2,E2,3,SUCCESS
9519.613,0.7809,1,0,-0.0616,-0.3167,0.0634,1,2,2,M2,E2,3,SUCCESS
9519.762,1.0067,1,0,-0.066,-0.3167,0.2115,1,2,2,M2,E2,3,SUCCESS
9519.946,0.9126,1,0,-0.0716,-0.3167,0.3959,1,2,2,M2,E2,3,SUCCESS
9520.166,1.2204,1,0,-0.0783,-0.3167,0.6154,1,2,2,M2,E2,3,SUCCESS
9520.324,1.2603,1,0,-0.083,-0.3167,0.7733,1,2,2,M2,E2,3,SUCCESS
9520.475,1.7429,1,0,-0.0876,-0.3167,0.9244,1,2,2,M2,E2,3,SUCCESS
9520.722,1.576,1,0,-0.0951,-0.3167,1.171,1,2,2,M2,E2,3,SUCCESS
9520.974,1.4181,1,0,-0.1027,-0.3167,1.4232,1,2,2,M2,E2,3,SUCCESS
9521.211,1.2973,1,0,-0.1099,-0.3167,1.6601,1,2,2,M2,E2,3,SUCCESS
9521.329,1.2496,1,0,-0.1135,-0.3167,1.778,1,2,2,M2,E2,3,SUCCESS
9521.606,1.1772,1,0,-0.1219,-0.3167,2.0552,1,2,2,M2,E2,3,SUCCESS
9521.8,1.1637,1,0,-0.1277,-0.3167,2.2485,1,2,2,M2,E2,3,SUCCESS
9522.001,1.1834,1,0,-0.1338,-0.3167,2.4492,1,2,2,M2,E2,3,SUCCESS
9522.272,1.2616,1,0,-0.142,-0.3167,2.7208,1,2,2,M2,E2,3,SUCCESS
9522.515,1.3733,1,0,-0.1493,-0.3167,2.9627,1,2,2,M2,E2,3,SUCCESS
9522.741,1.5064,1,0,-0.1562,-0.3167,3.1898,1,2,2,M2,E2,3,SUCCESS
9522.946,1.6443,1,0,-0.1624,-0.3167,3.3949,1,2,2,M2,E2,3,SUCCESS
9523.17,1.8089,1,0,-0.1692,-0.3167,3.6179,1,2,2,M2,E2,3,SUCCESS
9523.45,2.0314,1,0,-0.1777,-0.3167,3.898,1,2,2,M2,E2,3,SUCCESS
9523.578,2.1377,1,0,-0.1815,-0.3167,4.026,1,2,2,M2,E2,3,SUCCESS
9523.827,2.3503,1,0,-0.1891,-0.3167,4.2746,1,2,2,M2,E2,3,SUCCESS
9524.063,2.559,1,0,-0.1962,-0.3167,4.5116,1,2,2,M2,E2,3,SUCCESS
9524.292,2.764,1,0,-0.2031,-0.3167,4.7395,1,2,2,M2,E2,3,SUCCESS
9524.52,2.9719,1,0,-0.21,-0.3167,4.9669,1,2,2,M2,E2,3,SUCCESS
9524.734,3.1707,1,0,-0.2165,-0.3167,5.1817,1,2,2,M2,E2,3,SUCCESS
9525.001,3.4205,1,0,-0.2246,-0.3167,5.4485,1,2,2,M2,E2,3,SUCCESS
9525.267,3.6709,1,0,-0.2326,-0.3167,5.7136,1,2,2,M2,E2,3,SUCCESS
9525.506,3.8992,1,0,-0.2399,-0.3167,5.9534,1,2,2,M2,E2,3,SUCCESS
9525.654,4.0405,1,0,-0.2444,-0.3167,6.1011,1,2,2,M2,E2,3,SUCCESS
9525.859,4.2371,1,0,-0.2506,-0.3167,6.3059,1,2,2,M2,E2,3,SUCCESS
9526.117,4.486,1,0,-0.2584,-0.3167,6.564,1,2,2,M2,E2,3,SUCCESS
9526.336,4.6977,1,0,-0.265,-0.3167,6.7827,1,2,2,M2,E2,3,SUCCESS
9526.602,4.9555,1,0,-0.273,-0.3167,7.0483,1,2,2,M2,E2,3,SUCCESS
9526.817,5.165,1,0,-0.2795,-0.3167,7.2634,1,2,2,M2,E2,3,SUCCESS
9527.037,5.3793,1,0,-0.2862,-0.3167,7.4831,1,2,2,M2,E2,3,SUCCESS
9527.278,5.6157,1,0,-0.2935,-0.3167,7.7249,1,2,2,M2,E2,3,SUCCESS
9527.592,5.9225,1,0,-0.303,-0.3167,8.0379,1,2,2,M2,E2,3,SUCCESS
9527.71,6.0385,1,0,-0.3066,-0.3167,8.1561,1,2,2,M2,E2,3,SUCCESS
9527.978,6.3011,1,0,-0.3147,-0.3167,8.4234,1,2,2,M2,E2,3,SUCCESS
9528.222,6.5415,1,0,-0.3221,-0.3167,8.6677,1,2,2,M2,E2,3,SUCCESS
9528.451,6.7668,1,0,-0.329,-0.3167,8.8964,1,2,2,M2,E2,3,SUCCESS
9528.683,6.9955,1,0,-0.336,-0.3167,9.1284,1,2,2,M2,E2,3,SUCCESS
9528.938,7.2464,1,0,-0.3437,-0.3167,9.3826,1,2,2,M2,E2,3,SUCCESS
9529.154,7.461,1,0,-0.3503,-0.3167,9.5998,1,2,2,M2,E2,3,SUCCESS
9529.39,7.6933,1,0,-0.3574,-0.3167,9.8349,1,2,2,M2,E2,3,SUCCESS
9529.689,7.9899,1,0,-0.3665,-0.3167,10.1346,1,2,2,M2,E2,3,SUCCESS
9529.828,8.1274,1,0,-0.3707,-0.3167,10.2735,1,2,2,M2,E2,3,SUCCESS
9530.091,8.387,1,0,-0.3786,-0.3167,10.5357,1,2,2,M2,E2,3,SUCCESS
9530.3,8.5943,1,0,-0.3849,-0.3167,10.7448,1,2,2,M2,E2,3,SUCCESS
9530.482,8.7755,1,0,-0.3905,-0.3167,10.9275,1,2,2,M2,E2,3,SUCCESS
9530.741,9.0319,1,0,-0.3983,-0.3167,11.1861,1,2,2,M2,E2,3,SUCCESS
9531.003,9.2912,1,0,-0.4062,-0.3167,11.4474,1,2,2,M2,E2,3,SUCCESS
9531.229,9.5162,1,0,-0.4131,-0.3167,11.674,1,2,2,M2,E2,3,SUCCESS
9531.465,9.7502,1,0,-0.4202,-0.3167,11.9096,1,2,2,M2,E2,3,SUCCESS
9531.746,10.0293,1,0,-0.4287,-0.3167,12.1905,1,2,2,M2,E2,3,SUCCESS
9531.875,10.1572,1,0,-0.4326,-0.3167,12.3193,1,2,2,M2,E2,3,SUCCESS
9532.154,10.1282,1,0,-0.4411,-0.3167,12.5982,1,2,2,M2,E2,3,SUCCESS
9532.37,10.3442,1,0,-0.4476,-0.3167,12.8144,1,2,2,M2,E2,3,SUCCESS
9532.605,9.5888,1,0,-0.4547,-0.3167,13.0493,1,2,2,M2,E2,3,SUCCESS
9532.819,9.8023,1,0,-0.4612,-0.3167,13.263,1,2,2,M2,E2,3,SUCCESS
9533.071,9.1563,1,0,-0.4688,-0.3167,13.5144,1,2,2,M2,E2,3,SUCCESS
9533.298,9.3829,1,0,-0.4757,-0.3167,13.7412,1,2,2,M2,E2,3,SUCCESS
9533.563,8.692,1,0,-0.4837,-0.3167,14.0068,1,2,2,M2,E2,3,SUCCESS
9533.859,8.4566,1,0,-0.4927,-0.3167,14.3028,1,2,2,M2,E2,3,SUCCESS
9533.998,8.5953,1,0,-0.4969,-0.3167,14.4417,1,2,2,M2,E2,3,SUCCESS
9534.245,7.9717,1,0,-0.5043,-0.3167,14.6878,1,2,2,M2,E2,3,SUCCESS
9534.47,8.1962,1,0,-0.5111,-0.3167,14.9126,1,2,2,M2,E2,3,SUCCESS
9534.69,7.4749,1,0,-0.5178,-0.3167,15.133,1,2,2,M2,E2,3,SUCCESS
9534.928,7.7124,1,0,-0.525,-0.3167,15.3708,1,2,2,M2,E2,3,SUCCESS
9535.173,7.0406,1,0,-0.5324,-0.3167,15.6155,1,2,2,M2,E2,3,SUCCESS
9535.379,7.2462,1,0,-0.5386,-0.3167,15.8213,1,2,2,M2,E2,3,SUCCESS
9535.599,6.5648,1,0,-0.5453,-0.3167,16.0409,1,2,2,M2,E2,3,SUCCESS
9535.899,6.4262,1,0,-0.5544,-0.3167,16.3418,1,2,2,M2,E2,3,SUCCESS
9536.033,6.5595,1,0,-0.5584,-0.3167,16.4752,1,2,2,M2,E2,3,SUCCESS
9536.3,5.9578,1,0,-0.5665,-0.3167,16.7421,1,2,2,M2,E2,3,SUCCESS
9536.505,6.1625,1,0,-0.5727,-0.3167,16.9471,1,2,2,M2,E2,3,SUCCESS
9536.742,5.4556,1,0,-0.5799,-0.3167,17.1839,1,2,2,M2,E2,3,SUCCESS
9536.98,5.6939,1,0,-0.5871,-0.3167,17.4225,1,2,2,M2,E2,3,SUCCESS
9537.221,4.9828,1,0,-0.5944,-0.3167,17.662,1,2,2,M2,E2,3,SUCCESS
9537.453,5.2154,1,0,-0.6014,-0.3167,17.895,1,2,2,M2,E2,3,SUCCESS
9537.685,4.5021,1,0,-0.6084,-0.3167,18.1265,1,2,2,M2,E2,3,SUCCESS
9537.986,4.3403,1,0,-0.6176,-0.3167,18.4279,1,2,2,M2,E2,3,SUCCESS
9538.1,4.4533,1,0,-0.621,-0.3167,18.5411,1,2,2,M2,E2,3,SUCCESS
9538.362,3.8862,1,0,-0.6289,-0.3167,18.803,1,2,2,M2,E2,3,SUCCESS
9538.627,3.628,1,0,-0.6369,-0.3167,19.0685,1,2,2,M2,E2,3,SUCCESS
9538.902,3.3717,1,0,-0.6453,-0.3167,19.3432,1,2,2,M2,E2,3,SUCCESS
9539.146,3.6151,1,0,-0.6527,-0.3167,19.5871,1,2,2,M2,E2,3,SUCCESS
9539.383,2.8151,1,0,-0.6598,-0.3167,19.8236,1,2,2,M2,E2,3,SUCCESS
9539.603,3.0344,1,0,-0.6665,-0.3167,20.0436,1,2,2,M2,E2,3,SUCCESS
9539.859,2.3785,1,0,-0.6742,-0.3167,20.2996,1,2,2,M2,E2,3,SUCCESS
9540.178,2.1847,1,0,-0.6839,-0.3167,20.6177,1,2,2,M2,E2,3,SUCCESS
9540.298,2.3043,1,0,-0.6875,-0.3167,20.7378,1,2,2,M2,E2,3,SUCCESS
9540.553,1.6843,1,0,-0.6952,-0.3167,20.9925,1,2,2,M2,E2,3,SUCCESS
9540.796,1.9259,1,0,-0.7026,-0.3167,21.2355,1,2,2,M2,E2,3,SUCCESS
9541.061,1.4469,1,0,-0.7106,-0.3167,21.5007,1,2,2,M2,E2,3,SUCCESS
9541.292,1.2175,1,0,-0.7176,-0.3167,21.7314,1,2,2,M2,E2,3,SUCCESS
9541.534,0.721,1,0,-0.7249,-0.3167,21.9734,1,2,2,M2,E2,3,SUCCESS
9541.806,0.7499,1,0,-0.7331,-0.3167,22.2455,1,2,2,M2,E2,3,SUCCESS
9542.032,0.5488,1,0,-0.74,-0.3167,22.4716,1,2,2,M2,E2,3,SUCCESS
9542.345,0.8291,1,0,-0.7494,-0.3167,22.784,1,2,2,M2,E2,3,SUCCESS
9542.484,0.7505,1,0,-0.7537,-0.3167,22.9239,1,2,2,M2,E2,3,SUCCESS
9542.72,1.1097,1,0,-0.7608,-0.3167,23.1592,1,2,2,M2,E2,3,SUCCESS
9542.956,1.112,1,0,-0.7679,-0.3167,23.3953,1,2,2,M2,E2,3,SUCCESS
9543.181,1.5009,1,0,-0.7747,-0.3167,23.6193,1,2,2,M2,E2,3,SUCCESS
9543.418,1.6011,1,0,-0.7819,-0.3167,23.8569,1,2,2,M2,E2,3,SUCCESS
9543.654,1.7348,1,0,-0.7891,-0.3167,24.0932,1,2,2,M2,E2,3,SUCCESS
9543.897,1.978,1,0,-0.7964,-0.3167,24.3363,1,2,2,M2,E2,3,SUCCESS
9544.143,1.7474,1,0,-0.8038,-0.3167,24.581,1,2,2,M2,E2,3,SUCCESS
9544.425,1.787,1,0,-0.8124,-0.3167,24.8637,1,2,2,M2,E2,3,SUCCESS
9544.549,1.9096,1,0,-0.8161,-0.3167,24.9869,1,2,2,M2,E2,3,SUCCESS
9544.822,1.6911,1,0,-0.8244,-0.3167,25.2607,1,2,2,M2,E2,3,SUCCESS
9545.058,1.9246,1,0,-0.8315,-0.3167,25.4957,1,2,2,M2,E2,3,SUCCESS
9545.295,1.7253,1,0,-0.8387,-0.3167,25.7325,1,2,2,M2,E2,3,SUCCESS
9545.536,1.9639,1,0,-0.846,-0.3167,25.9739,1,2,2,M2,E2,3,SUCCESS
9545.781,1.7335,1,0,-0.8534,-0.3167,26.2187,1,2,2,M2,E2,3,SUCCESS
9546.038,1.7442,1,0,-0.8612,-0.3167,26.4756,1,2,2,M2,E2,3,SUCCESS
9546.278,1.9789,1,0,-0.8685,-0.3167,26.7162,1,2,2,M2,E2,3,SUCCESS
9546.581,1.771,1,0,-0.8776,-0.3167,27.0181,1,2,2,M2,E2,3,SUCCESS
9546.709,1.894,1,0.0001,-0.8815,-0.3167,27.1461,1,2,2,M2,E2,3,SUCCESS
9546.931,1.61,1,0,-0.8882,-0.3167,27.3678,1,2,2,M2,E2,3,SUCCESS
9547.099,1.7691,1,0,-0.8933,-0.3167,27.5354,1,2,2,M2,E2,3,SUCCESS
9547.313,1.6017,1,0,-0.8998,-0.3167,27.7498,1,2,2,M2,E2,3,SUCCESS
9547.5,1.7775,1,0,-0.9054,-0.3167,27.9368,1,2,2,M2,E2,3,SUCCESS
9547.697,1.6019,1,0,-0.9114,-0.3167,28.1343,1,2,2,M2,E2,3,SUCCESS
9547.925,1.8152,1,0,-0.9183,-0.3167,28.3618,1,2,2,M2,E2,3,SUCCESS
9548.167,1.6786,1,0,-0.9256,-0.3167,28.6037,1,2,2,M2,E2,3,SUCCESS
9548.381,1.88,1,0,-0.9321,-0.3167,28.8179,1,2,2,M2,E2,3,SUCCESS
9548.701,1.7358,1,0,-0.9418,-0.3167,29.1376,1,2,2,M2,E2,3,SUCCESS
9548.81,1.7358,0,0,-0.9418,-0.3167,29.1376,2,2,2,M2,E2,3,SUCCESS
