Metodo;Escenario;RunID;Timestamp;TiempoTotal_s;LongitudTrayectoria_m;DistMin_m;DistMedia_m;DistMediana_m;DistP05_m;DistIQR_m;VelMedia_mps;VelMediana_mps;VelMax_mps;VelStd_mps;AccMax_mps2;AccRMS_mps2;TiempoSocial_s;TiempoPersonal_s;TiempoIntima_s;TiempoStop_s;NumeroStops;EficienciaTrayectoria;PacketsValid;PacketsInvalid;PacketsOutOfOrder
M0;E1;1;2026-05-02 18:42:04;93,876400;93,514398;0,469800;9,828845;12;0,976590;3,351900;0,999889;1;2,828700;0,103283;24,481800;1,239582;12,379400;5,944100;0;0,177000;1;0,996144;456;0;0
M0;E1;2;2026-05-02 18:44:45;94,321800;93,841702;0,453500;9,817498;12;1,020200;3,391700;0,997203;1;1,870600;0,070720;12,360000;0,668760;12,528400;5,999000;0;0;0;0,994910;386;0;0
M0;E1;3;2026-05-02 18:47:34;93,737400;93,446294;0,552800;10,025686;12;1,661740;2,773075;0,998089;1;1,561900;0,054350;5,937100;0,417735;10,155100;3,151700;0;0;0;0,996894;329;0;0
M0;E1;4;2026-05-02 18:50:31;94,281200;93,979802;0,588100;10,200167;12;1,886400;1,919075;0,998187;1;1,731300;0,056806;9,765600;0,592365;9,737800;2,267700;0;0;0;0,996803;375;0;0
M0;E1;5;2026-05-02 18:52:56;93,801500;93,456895;0,466500;10,093968;12;1,533585;1,901425;0,996509;1;1,435200;0,059464;4,960200;0,368643;11,111300;4,779100;0;0,207400;1;0,996326;383;0;0
M0;E1;6;2026-05-02 18:55:43;93,965700;93,688798;0,541100;9,934626;12;1,496775;3,126975;1,000198;1;2,223400;0,084411;18,919500;1,074463;10,168300;3,796600;0;0;0;0,997053;337;0;0
M0;E1;7;2026-05-02 18:59:48;94,313700;93,878500;1,076700;10,155294;12;2,058100;2,396500;0,996300;1;1,360900;0,055283;4,950900;0,330644;9,141000;1,625900;0;0;0;0,995386;386;0;0
M0;E1;8;2026-05-02 19:02:18;94,118800;93,755398;0,478700;9,999804;12;1,474915;2,826100;0,998934;1;1,958200;0,069397;10,771000;0,649968;10,335500;4,072700;0;0;0;0,996139;333;0;0
M0;E1;9;2026-05-02 19:05:28;94,184000;93,752601;0,516300;9,949407;12;1,486455;3,024350;0,995003;1;1;0,053669;3,883900;0,269460;10,962000;4,043600;0;0,197900;1;0,995420;399;0;0
M0;E1;10;2026-05-02 19:07:56;94,393900;94,087905;0,459900;9,846503;12;1,109140;3,398300;0,999715;1;2,025000;0,072487;17,503400;1,025078;11,594200;4,968000;0;0;0;0,996758;332;0;0
M0;E2;1;2026-05-02 21:32:53;93,834600;93,439402;0,644300;3,405486;2,609000;0,806535;2,412925;0,997636;1;2,065800;0,063289;12,819200;0,599710;69,338200;18,584200;0;0;0;0,995788;677;0;0
M0;E2;2;2026-05-02 21:35:24;93,696400;93,319539;0,641000;3,377045;1,420200;0,804800;4,185550;0,997238;1;1,885600;0,059170;10,706900;0,538279;60,765400;39,607200;0;0;0;0,995978;669;0;0
M0;E2;3;2026-05-02 21:37:48;93,728600;93,373502;0,707700;4,890528;2,241950;0,783520;7,966400;0,998406;1;2,383700;0,072764;15,539100;0,728955;49,947700;36,039100;0;0;0;0,996211;654;0;0
M0;E2;4;2026-05-02 21:40:14;93,963400;93,586697;0,528400;2,392377;1,704700;0,589135;2,041425;0,996852;1;1,459900;0,052103;4,990000;0,356529;73,813200;26,331400;0;0;0;0,995991;327;0;0
M0;E2;5;2026-05-02 21:42:32;93,852100;93,507206;0,533400;2,074875;1,288400;0,687250;1,155900;0,997670;1;1,769400;0,060274;11,345900;0,579288;81,813400;33,676600;0;0;0;0,996325;492;0;0
M0;E2;6;2026-05-02 21:45:11;93,739400;93,374194;0,452000;4,210779;1,597450;0,587250;6,213050;0,997003;1;1,490000;0,053906;5,158200;0,369619;54,742100;23,041200;0;0;0;0,996104;340;0;0
M0;E2;7;2026-05-02 21:47:28;93,974200;93,617300;0,542600;3,107825;1,569150;0,636690;4,268000;0,994961;1;1;0,053354;3,339600;0,267877;63,154500;33,920700;0;0,222100;1;0,996202;436;0;0
M0;E2;8;2026-05-02 21:51:41;94,327200;93,976802;0,499500;2,470593;1,527700;0,645850;2,705475;0,998627;1;2,161100;0,069495;17,122600;0,858143;70,631400;30,614100;0;0;0;0,996285;475;0;0
M0;E2;9;2026-05-02 21:54:03;94,303200;93,949503;0,527200;4,086802;4,443000;0,743000;3,674350;0,998617;1;1,695900;0,050731;9,293700;0,510099;30,448300;11,718400;0;0;0;0,996249;405;0;0
M0;E2;10;2026-05-02 21:56:19;94,294100;93,880000;0,412500;2,459525;1,871500;0,622520;2,423400;0,997202;1;1,803400;0,070088;11,202000;0,612107;77,977500;30,948700;0,534700;0,311100;1;0,995608;394;0;0
M0;E3;1;2026-05-03 14:21:29;94,023800;93,667401;0,604800;3,318446;2,037200;0,748855;3,813600;0,999270;1;2,646800;0,083850;23,659800;1,141971;60,311700;17,402500;0;0;0;0,996209;579;0;0
M0;E3;2;2026-05-03 14:23:39;94,006800;93,603812;0,573700;2,006875;1,046100;0,721020;1,632050;0,998690;1;2,534700;0,080194;23,456700;1,036409;83,757300;51,232400;0;0;0;0,995713;592;0;0
M0;E3;3;2026-05-03 14:26:15;93,776900;93,417606;0,653400;2,091323;0,960650;0,713140;2,134400;0,999540;1;2,681300;0,084522;22,172200;1,005216;74,749200;53,422300;0;0;0;0,996169;594;0;0
M0;E3;4;2026-05-03 14:28:33;93,795700;93,416697;0,648200;2,744489;1,379500;0,748810;3,188050;0,997527;1;1,993600;0,064960;10,359500;0,504771;67,373100;42,715300;0;0;0;0,995959;584;0;0
M0;E3;5;2026-05-03 14:31:27;93,967600;93,559606;0,597600;1,886342;1,199200;0,789940;1,390400;0,998933;1;2,695400;0,086770;22,391400;1,010216;83,175200;48,187900;0;0;0;0,995658;586;0;0
M0;E3;6;2026-05-03 14:34:27;94,077200;93,679401;0,680200;1,681587;1,140400;0,742215;0,853400;0,997759;1;2,254400;0,072132;14,375100;0,689633;84,589100;50,987700;0;0;0;0,995772;611;0;0
M0;E3;7;2026-05-03 14:37:31;93,941100;93,569307;0,627300;1,951802;0,999000;0,754340;1,792550;0,997935;1;1,968600;0,061456;13,215200;0,667675;82,820900;53,029800;0;0;0;0,996042;576;0;0
M0;E3;8;2026-05-03 14:40:39;94,026300;93,645100;0,596500;2,480820;1,705950;0,748830;3,003750;0,997939;1;2,294800;0,071877;21,185600;0,927731;67,733700;42,294600;0;0;0;0,995946;624;0;0
M0;E3;9;2026-05-03 14:42:58;94,015200;93,599019;0,650600;4,520292;1,953900;0,730980;9,847525;0,996879;1;1,845300;0,059862;14,176300;0,647981;59,711200;40,690800;0;0;0;0,995573;619;0;0
M0;E3;10;2026-05-03 14:19:12;93,941500;93,529802;0,624300;5,848615;2,720200;0,758880;10,899650;0,999118;1;2,990700;0,095738;28,728200;1,223230;51,673300;29,897800;0;0;0;0,995618;617;0;0
M0;E4;1;2026-05-03 16:53:23;94,095000;93,790200;0,452600;4,554035;4,266200;0,697600;5,280700;0,995108;1;1;0,055431;3,078300;0,259935;43,465800;19,774900;0;0,323600;1;0,996761;366;0;0
M0;E4;2;2026-05-03 16:55:32;94,135500;93,821200;0,568200;2,810191;1,139400;0,770085;3,548550;0,995441;1;1;0,041090;4,679600;0,300518;68,464100;48,990800;0;0;0;0,996661;363;0;0
M0;E4;3;2026-05-03 16:57:44;94,329800;93,949202;0,459500;2,985454;1,969350;0,571460;3,701200;0,994972;1;1;0,043036;3,301000;0,255728;65,047600;37,257900;0;0;0;0,995965;332;0;0
M0;E4;4;2026-05-03 17:00:05;94,343000;93,988003;0,514600;3,499477;2,282700;0,601880;5,108075;0,999293;1;2,085600;0,075130;14,401100;0,819920;59,562400;33,744200;0;0;0;0,996237;347;0;0
M0;E4;5;2026-05-03 17:01:49;78,019100;77,638152;0,352700;3,559978;2,081050;0,584520;5,947400;0,993898;1;1;0,048681;3,252000;0,288334;50,232700;32,210000;0,214700;0;0;0,995117;286;0;0
M0;E4;6;2026-05-03 17:05:03;93,860800;93,495198;0,594600;6,466749;6,547200;0,792810;5,428225;0,997972;1;2,255200;0,073077;14,723000;0,737544;24,025400;10,333200;0;0;0;0,996105;583;0;0
M0;E4;7;2026-05-03 17:07:46;94,243200;93,851100;0,558200;3,338700;2,286800;0,693750;4,075850;0,997289;1;1,786500;0,059863;12,681900;0,647273;56,367800;35,439700;0;0,119800;1;0,995839;565;0;0
M0;E4;8;2026-05-03 17:09:42;93,770300;93,446796;0,595100;3,808760;3,705600;0,994740;2,748500;0,998406;1;2,245400;0,074571;13,907100;0,729042;44,604000;8,966700;0;0,131200;1;0,996550;546;0;0
M0;E4;9;2026-05-03 17:12:15;94,040800;93,633298;0,558500;3,526673;2,984050;0,788340;2,116700;0,998575;1;2,391300;0,078166;15,737000;0,779237;54,661800;12,316200;0;0;0;0,995667;554;0;0
M0;E4;10;2026-05-03 16:49:03;94,108100;93,677700;0,507400;3,734993;3,744700;0,675250;4,518600;0,994318;1;1;0,055983;2,679300;0,235377;46,703200;20,585000;0;0;0;0,995427;365;0;0
M1;E1;1;2026-05-02 19:11:32;108,367400;93,503807;0,673200;9,316081;12;0,871070;5,104250;0,871833;1;1,336400;0,330213;5,021400;0,433964;20,946000;13,262900;0;13,545500;2;0,862841;456;0;0
M1;E1;2;2026-05-02 19:14:01;109,850300;93,910801;0,676900;9,101661;12;0,871190;6,119400;0,857190;1;1,506100;0,347613;6,309700;0,495961;22,296100;15,010100;0;14,979900;2;0,854898;348;0;0
M1;E1;3;2026-05-02 19:28:13;111,614600;93,811401;0,700300;9,015567;12;0,867500;6,493650;0,846625;1;2,133300;0,362786;18,446200;0,993035;23,800000;17,273700;0;16,808100;3;0,840494;492;0;0
M1;E1;4;2026-05-02 19:30:34;109,282100;93,993606;0,543000;9,140050;12;0,893060;5,969550;0,863772;1;1,978100;0,345269;17,827900;0,992292;21,660100;14,089900;0;14,334400;2;0,860101;377;0;0
M1;E1;5;2026-05-02 19:32:45;105,163600;93,655697;0,581000;9,400605;12;0,883340;4,895300;0,891764;1;1,189000;0,305414;3,567000;0,394416;18,103400;10,692200;0;10,574500;2;0,890571;362;0;0
M1;E1;6;2026-05-02 19:34:59;104,191100;94,000904;0,667500;9,541347;12;0,890040;4,402000;0,908502;1;1,969000;0,291658;15,709200;0,910979;16,295700;9,551400;0;9,327600;2;0,902197;362;0;0
M1;E1;7;2026-05-02 19:37:27;103,617800;93,642398;0,796400;9,562599;12;0,893155;4,312825;0,904556;1;1,306700;0,288983;4,616100;0,458942;16,106700;8,778600;0;8,831700;2;0,903729;421;0;0
M1;E1;8;2026-05-02 19:39:54;102,177700;93,993902;0,637200;9,650506;12;0,930095;3,938750;0,921030;1;1,925000;0,272823;14,967100;0,886620;14,772600;7,684900;0;7,305800;2;0,919906;357;0;0
M1;E1;9;2026-05-02 19:42:16;102,133200;94,020502;0,679700;9,707085;12;0,973540;3,777250;0,925336;1;1,838900;0,264466;11,992700;0,740112;14,943600;7,461500;0;7,233100;2;0,920567;352;0;0
M1;E1;10;2026-05-02 19:44:27;106,429900;93,355992;0,622300;9,238227;12;0,891580;5,533800;0,879325;1;1,538100;0,323814;5,036000;0,457055;19,758800;12,527800;0;12,162600;2;0,877159;362;0;0
M1;E2;1;2026-05-03 08:16:36;120,200200;93,826900;0,678800;4,982127;1,750400;0,898005;8,755175;0,783239;1;1,698000;0,385614;11,437000;1,132957;69,846700;16,337200;0;18,261200;19;0,780589;671;0;0
M1;E2;2;2026-05-03 08:21:12;128,229100;94,162527;0,722100;4,010618;1,435050;0,914120;5,092800;0,737642;0,999200;1;0,391517;4,386000;1,353887;86,547600;12,567600;0;19,845700;44;0,734330;838;0;0
M1;E2;3;2026-05-03 08:25:43;117,079900;94,229925;0,724500;5,294465;2,091800;0,899440;10,580500;0,811739;1;1;0,370159;4,231000;0,834210;66,843400;17,104200;0;18,061300;12;0,804834;774;0;0
M1;E2;4;2026-05-03 08:29:20;120,095900;94,091918;0,696700;5,052790;1,819500;0,864225;9,601775;0,787779;1;1;0,380941;4,168400;1,048409;70,883500;17,396700;0;19,077900;19;0,783473;803;0;0
M1;E2;5;2026-05-03 08:33:26;115,126400;94,155616;0,770800;5,419947;2,449600;0,875200;10,569850;0,818630;1;1;0,366597;3,987200;0,788155;64,868500;16,083100;0;16,581500;6;0,817846;745;0;0
M1;E2;6;2026-05-03 08:37:35;117,229700;94,184011;0,769900;5,751953;1,553600;0,886905;10,649875;0,805454;1;1;0,378831;4,041300;0,767320;63,928600;19,030300;0;19,287100;3;0,803414;771;0;0
M1;E2;7;2026-05-03 08:40:14;109,149700;94,077829;0,849500;6,311184;2,848500;0,885850;10,208225;0,863650;1;1;0,335067;4,168900;0,477298;55,982300;13,677600;0;13,654300;3;0,861916;715;0;0
M1;E2;8;2026-05-03 08:43:28;112,020900;93,537739;0,761000;5,956308;2,900500;0,895080;10,332375;0,838273;1;2,450300;0,368003;17,710000;0,887598;61,108000;16,511500;0;16,895700;4;0,835003;741;0;0
M1;E2;9;2026-05-03 08:46:25;134,913700;93,408315;0,785900;3,744371;1,406800;0,900590;4,286425;0,694840;0,984000;2,307700;0,412160;15,003300;1,597110;94,218800;16,410700;0;24,360800;55;0,692356;873;0;0
M1;E2;10;2026-05-03 08:48:45;106,581400;93,470618;0,754200;5,551743;5,069300;0,884995;4,887325;0,878075;1;1,498500;0,323478;8,093200;0,501923;34,598100;12,231200;0;12,098400;2;0,876988;689;0;0
M1;E3;1;2026-05-03 14:46:19;162,168800;36,885631;1,010300;1,263505;1,213000;1,036230;0,163775;0,233392;0;1,896100;0,376203;8,972800;1,403461;162,168800;76,797100;0;107,600600;56;0,227452;1023;0;0
M1;E3;2;2026-05-03 14:49:02;127,716900;93,361804;0,787600;5,134925;1,777400;0,870650;10,695800;0,738289;1;2,317600;0,428249;15,286300;1,005529;76,942600;28,868100;0;29,658000;7;0,731006;864;0;0
M1;E3;3;2026-05-03 14:50:59;78,848700;38,183070;0,865300;1,823548;1,294400;0,888800;1,567600;0,493909;0,394900;1,802100;0,497480;11,658400;0,775518;78,848700;27,815000;0;39,052300;5;0,484257;491;0;0
M1;E3;4;2026-05-03 14:53:24;110,993200;93,519901;0,836100;6,021435;2,695900;0,900960;9,331350;0,847318;1;2,419200;0,359036;16,708600;0,837771;60,979500;14,366900;0;15,905000;4;0,842573;761;0;0
M1;E3;5;2026-05-03 15:01:50;117,717200;93,371303;0,693000;5,386491;2,320800;0,889505;10,640750;0,799120;1;2,097100;0,386237;12,012500;0,946662;69,245300;20,030300;0;19,448800;6;0,793183;771;0;0
M1;E3;6;2026-05-03 15:22:38;66,053900;38,332375;0,854200;1,932819;2,688500;0,860380;1,811400;0,583456;1;1,990700;0,498154;13,760500;0,801945;66,053900;27,779200;0;27,346300;1;0,580320;418;0;0
M1;E3;7;2026-05-03 15:24:48;110,907400;93,410499;0,720400;6,436450;2,698600;0,900985;9,349400;0,850346;1;2,179900;0,356105;12,923100;0,689768;58,037900;16,127100;0;16,196900;3;0,842239;709;0;0
M1;E3;8;2026-05-03 15:28:42;101,599300;38,054866;0,854000;1,496213;1,222700;0,855000;0,339650;0,384897;0;3,170000;0,479001;30,984900;1,544579;96,200000;48,571300;0;57,598100;6;0,374558;656;0;0
M1;E3;9;2026-05-03 15:30:49;79,371900;37,749157;0,870700;1,566549;1,306800;0,870700;0,585950;0,496624;0,507100;2,411500;0,484154;16,419300;1,334338;73,574600;36,011800;0;36,283200;4;0,475599;537;0;0
M1;E3;10;2026-05-03 15:33:41;130,176600;93,555401;0,832300;4,972407;1,485250;0,884250;9,377500;0,722424;0,999800;1,985600;0,415821;11,429300;1,326293;77,264900;21,464700;0;26,055300;33;0,718681;880;0;0
M1;E4;1;2026-05-03 17:17:51;50,218600;32,722002;0,781000;6,887242;8,118600;0,867560;10,878700;0,666898;1;2,232900;0,479736;14,351600;0,990298;20,715700;17,374600;0;16,669900;2;0,651591;288;0;0
M1;E4;10;2026-05-03 17:14:23;74,309000;32,926309;0,817900;1,783007;1,104900;0,872805;2,064300;0,446801;0;1,938500;0,500526;15,583600;0,840638;74,309000;41,431600;0;40,396500;2;0,443100;411;0;0
M2;E1;1;2026-05-02 19:52:32;113,470800;93,702299;0,543000;9,160743;12;0,894290;6,264250;0,824073;1;1,379600;0,377393;5,227300;0,438535;22,392200;10,345700;0;18,820400;2;0,825783;393;0;0
M2;E1;2;2026-05-02 19:50:01;113,543000;93,825601;0,546100;9,155206;12;0,893530;6,187600;0,823665;1;1,237300;0,377598;5,053500;0,440047;22,093700;10,580100;0;18,834700;2;0,826344;392;0;0
M2;E1;3;2026-05-02 19:55:14;111,964300;94,179104;0,706600;9,373365;12;0,908420;5,271725;0,847468;1;1,851500;0,360236;14,315500;0,820176;20,059800;8,291600;0;16,851700;2;0,841153;377;0;0
M2;E1;4;2026-05-02 19:57:26;110,753100;93,434993;0,743100;9,379124;12;0,928680;5,252650;0,844849;1;1,642400;0,361451;6,492500;0,489461;19,759500;7,752600;0;16,458100;2;0,843633;377;0;0
M2;E1;5;2026-05-02 19:59:53;114,256000;94,058502;0,667400;9,218277;12;0,896050;5,929550;0,829561;1;1,925800;0,378121;13,572200;0,768978;22,610700;10,531200;0;19,189600;2;0,823226;400;0;0
M2;E1;6;2026-05-02 20:02:50;113,323800;93,413293;0,647800;9,270262;12;0,896200;5,747650;0,833592;1;1,655800;0,372024;5,884400;0,466492;21,945100;9,968900;0;19,015200;2;0,824304;400;0;0
M2;E1;7;2026-05-02 20:06:21;111,176700;93,902600;0,592000;9,424617;12;0,945020;5,192800;0,850912;1;1,672500;0,355936;12,314300;0,724614;19,672200;7,560400;0;16,336600;2;0,844625;386;0;0
M2;E1;8;2026-05-02 20:08:49;108,393200;93,619998;0,862600;9,645210;12;1,405035;4,178825;0,875849;1;2,034100;0,332698;11,003100;0,674182;17,378900;3,579300;0;13,765800;2;0,863707;389;0;0
M2;E1;9;2026-05-02 20:11:11;109,784100;93,403095;0,776700;9,474270;12;1,056655;4,947800;0,855236;1;1,187300;0,346930;3,562000;0,393849;18,586700;6,755200;0;15,436500;2;0,850789;383;0;0
M2;E1;10;2026-05-02 19:46:58;115,849100;93,570699;0,608000;9,299073;12;0,891620;5,517075;0,833410;1;1,299700;0,370155;4,834600;0,397596;24,521700;12,702100;0;21,431800;3;0,807695;463;0;0
M2;E2;1;2026-05-03 08:52:58;148,998800;94,180911;0,727600;5,025419;3,209300;0,866850;7,083500;0,638768;1;1;0,472950;4,207900;0,557963;85,157100;21,176800;0;52,355400;8;0,632092;960;0;0
M2;E2;2;2026-05-03 08:55:30;115,176800;94,057314;0,737900;6,560363;3,789850;0,869500;9,493300;0,820791;1;1;0,376864;4,127800;0,470042;53,125500;10,930700;0;19,759500;3;0,816634;770;0;0
M2;E2;3;2026-05-03 08:58:15;111,568700;94,326009;0,736200;6,646169;3,832700;0,868740;9,560225;0,841687;1;1;0,358915;4,444300;0,418648;51,078300;10,454800;0;16,264700;3;0,845452;711;0;0
M2;E2;4;2026-05-03 09:00:35;110,710200;93,513701;0,687800;7,295002;5,468850;0,875000;8,061400;0,847466;1;1,982900;0,359164;11,077900;0,608048;20,530900;10,733000;0;16,220700;2;0,844671;710;0;0
M2;E2;5;2026-05-03 09:03:59;110,539400;93,280997;0,755900;7,653947;5,608100;0,875570;6,668650;0,844132;1;2,192100;0,363308;13,269300;0,679109;19,238000;10,964900;0;16,298100;2;0,843871;727;0;0
M2;E2;6;2026-05-03 09:06:52;110,491700;93,571501;0,676300;7,851667;8,852500;0,878340;8,465800;0,846543;1;2,722400;0,363213;23,362300;1,048755;26,841300;9,418400;0;15,729700;3;0,846865;782;0;0
M2;E2;7;2026-05-03 09:09:12;110,286600;93,498509;0,669300;7,855859;8,961000;0,883085;8,513150;0,843987;1;1,374300;0,357650;6,858800;0,547664;27,011800;9,409000;0;15,458100;3;0,847778;721;0;0
M2;E2;8;2026-05-03 09:11:35;114,263300;93,221300;0,723400;7,042453;5,855000;0,882735;9,326750;0,820024;1;2,119300;0,383291;11,315600;0,633330;39,019300;12,920300;0;19,597400;3;0,815846;737;0;0
M2;E2;9;2026-05-03 09:14:12;115,010000;93,311308;0,695000;6,594239;4,127550;0,872100;9,703100;0,816099;1;2,261400;0,387595;13,453400;0,716046;48,103100;13,068200;0;20,230400;3;0,811332;730;0;0
M2;E2;10;2026-05-03 09:17:32;129,798000;93,471003;0,718600;5,982886;3,853600;0,888225;10,197975;0,726158;1;2,201700;0,444837;13,645500;0,701409;59,905200;22,785800;0;34,829900;4;0,720127;887;0;0
M2;E3;1;2026-05-03 15:40:21;130,990300;93,502503;0,858000;5,894668;3,415700;0,868500;9,986000;0,723009;1;2,536700;0,446036;18,459400;0,886828;70,168400;12,953600;0;35,413500;6;0,713812;894;0;0
M2;E3;2;2026-05-03 15:52:22;114,355700;93,570312;0,734400;6,506925;3,813850;0,867880;9,698400;0,824606;1;1,712300;0,376912;11,454700;0,610456;54,770000;10,916100;0;19,451700;3;0,818239;722;0;0
M2;E3;3;2026-05-03 15:55:42;164,576300;93,621303;0,854000;5,232410;2,942600;0,868500;9,891900;0,580201;1;1,615200;0,489381;10,362500;0,598626;102,299700;24,248300;0;68,834900;6;0,568863;1043;0;0
M2;E3;4;2026-05-03 15:58:14;88,965600;45,104783;0,854200;3,021464;2,262800;0,906200;1,876500;0,507970;0,531650;2,195800;0,499219;13,748500;0,834800;72,868200;15,104400;0;42,289700;5;0,506991;568;0;0
M2;E3;5;2026-05-03 15:59:53;73,079600;49,561269;0,746500;3,009602;2,781800;0,906550;1,744675;0,685002;1;2,741100;0,468031;25,001600;1,350720;54,320600;5,784000;0;21,894400;4;0,678182;461;0;0
M2;E3;6;2026-05-03 16:01:56;95,179700;46,713632;0,853800;3,297829;2,379600;0,893025;1,995675;0,501593;0,474400;2,119200;0,501320;12,813500;0,721545;75,821100;19,284900;0;47,562800;3;0,490794;595;0;0
M2;E3;7;2026-05-03 16:04:21;111,735200;60,776098;0,854000;4,365377;2,429400;0,884270;3,554050;0,547181;1;1,933500;0,496386;10,626100;0,628931;79,601500;23,767000;0;49,713700;3;0,543930;729;0;0
M2;E3;8;2026-05-03 16:06:05;77,435400;44,664268;0,854300;2,914675;2,376800;0,868000;1,795650;0,574354;1;2,150100;0,493350;14,336000;0,932879;64,377800;12,272500;0;31,220300;5;0,576794;485;0;0
M2;E3;9;2026-05-03 16:08:13;107,706600;66,558413;0,783700;5,124496;2,897800;0,868200;10,328000;0,619779;1;2,067000;0,482281;10,952100;0,720306;67,164200;14,582200;0;39,108200;5;0,617960;690;0;0
M2;E3;10;2026-05-03 15:37:40;144,221600;93,645952;0,828300;5,354755;3,014250;0,900180;10,373000;0,646182;1;2,577200;0,477088;21,751100;0,943754;83,878000;22,106700;0;48,475800;6;0,649320;1006;0;0
M2;E4;1;2026-05-03 17:19:20;47,795300;31,909378;0,708900;7,327136;9,907900;0,856895;10,540000;0,684273;1;1,683500;0,469348;7,394900;0,526460;18,470200;6,306600;0;15,467100;1;0,667626;287;0;0
M2;E4;2;2026-05-03 17:20:35;43,058200;32,832207;1,098500;7,862810;11,775100;1,098500;10,594675;0,774601;1;1,593500;0,422328;7,419500;0,593849;13,557500;10,448400;0;9,783800;1;0,762508;247;0;0
M3;E1;1;2026-05-02 20:28:13;104,690200;95,893878;1,142200;9,749351;12;1,545150;3,873850;0,915919;1;1;0,197480;3,834200;0,399046;15,275800;0,714700;0;0;0;0,915978;460;0;0
M3;E1;2;2026-05-02 20:31:55;106,342300;97,131273;1,056000;9,633364;12;1,390765;4,260900;0,915101;1;1,667300;0,205684;6,186700;0,464535;16,033600;3,843000;0;0;0;0,913383;383;0;0
M3;E1;3;2026-05-02 20:34:11;110,664600;99,682629;0,868600;9,398702;12;1,124060;5,182000;0,900838;1;1,579800;0,217816;5,877600;0,450718;19,198200;7,166800;0;0;0;0,900763;386;0;0
M3;E1;4;2026-05-02 20:37:04;115,612600;102,924085;0,836900;9,258240;12;1,112270;5,826400;0,892795;1;1,839100;0,226908;9,286000;0,566923;22,334600;9,721500;0;0;0;0,890250;416;0;0
M3;E1;5;2026-05-02 20:39:40;113,295200;101,192445;0,853300;9,307246;12;1,120080;5,606600;0,892927;1;1,205300;0,220805;3,412100;0,379121;21,563100;9,160100;0;0;0;0,893175;388;0;0
M3;E1;6;2026-05-02 20:42:01;104,727900;96,209202;1,152400;9,663553;12;1,541480;4,257925;0,917746;1;1,300800;0,198615;4,827800;0,424128;15,031000;1,487200;0;0;0;0,918659;373;0;0
M3;E1;7;2026-05-02 20:45:34;108,217200;98,169586;0,929200;9,486054;12;1,265280;4,928800;0,905357;1;1,123900;0,209872;3,421400;0,373612;17,770900;4,403500;0;0;0;0,907153;369;0;0
M3;E1;8;2026-05-02 20:50:07;102,667100;94,847185;1,263500;9,835597;12;1,768160;3,527100;0,925912;1;1,311200;0,191076;4,266000;0,379783;13,458800;0;0;0,300100;1;0,923832;354;0;0
M3;E1;9;2026-05-02 20:52:38;110,924100;94,354977;1,866800;8,167083;9,792100;1,978635;8,484650;0,858108;1;1,855500;0,245502;14,414200;0,797492;29,534400;0;0;0;0;0,850626;453;0;0
M3;E1;10;2026-05-02 20:55:09;115,223800;102,647309;0,937300;9,300304;12;1,134640;5,541000;0,893228;1;1,232100;0,220633;4,523700;0,408355;21,789000;9,454700;0;0;0;0,890852;394;0;0
M3;E2;1;2026-05-03 13:17:02;120,578900;99,012943;0,911600;6,532162;4,149500;0,997025;9,293600;0,819797;1;1,845600;0,261121;12,422200;0,668343;37,821500;12,900600;0;0;0;0,821147;935;0;0
M3;E2;2;2026-05-03 13:20:15;113,861200;98,028832;0,812700;7,167411;5,753100;1,151180;8,331375;0,860273;1;2,171700;0,248876;14,027800;0,821790;27,795400;7,661600;0;0;0;0,860950;853;0;0
M3;E2;3;2026-05-03 13:25:17;116,908500;100,435347;0,851200;7,235544;5,976350;0,999740;8,390000;0,858024;1;2,121700;0,247444;13,796300;0,765341;28,873200;11,940700;0;0;0;0,859094;854;0;0
M3;E2;4;2026-05-03 13:27:47;115,177800;100,452924;0,948300;7,324966;6,171400;1,000870;8,191925;0,866776;1;1;0,236084;7,849000;0,545238;26,010800;12,394100;0;0;0;0,872155;797;0;0
M3;E2;5;2026-05-03 13:30:17;116,595700;99,880617;0,955300;7,160800;5,873750;1,107180;8,734800;0,849879;1;1;0,245524;6,163700;0,523515;29,683900;7,813700;0;0;0;0,856641;814;0;0
M3;E2;6;2026-05-03 13:32:38;111,049500;99,517128;0,948300;7,633711;6,457000;1,143015;7,759675;0,893776;1;1;0,217986;5,791700;0,525896;20,101800;6,400100;0;0;0;0,896151;771;0;0
M3;E2;7;2026-05-03 13:35:07;118,793200;101,741576;0,899900;7,080085;5,676700;1,004350;8,635750;0,850013;1;1;0,246213;6,465900;0,539390;29,708400;13,878900;0;0;0;0,856460;816;0;0
M3;E2;8;2026-05-03 13:37:44;115,203000;98,006567;0,949400;6,822334;4,536600;1,104505;8,853125;0,844073;1;1,008500;0,248374;7,164200;0,514911;30,215500;7,906100;0;0;0;0,850729;799;0;0
M3;E2;9;2026-05-03 13:41:12;130,524800;97,747149;0,944400;4,949872;3,684600;1,328160;4,327350;0,745554;0,999050;1,192500;0,273657;7,350900;0,591761;57,095700;4,509300;0;0;0;0,748878;924;0;0
M3;E2;10;2026-05-03 13:43:40;118,120400;100,138360;0,830600;6,698158;3,760300;1,002565;8,530150;0,844721;1;1;0,247383;6,630000;0,654254;30,251300;11,822300;0;0;0;0,847765;799;0;0
M3;E3;1;2026-05-03 16:10:06;76,540900;50,702429;0,965800;4,080493;3,631000;1,394550;0,863325;0,659524;0,471800;1,228800;0,248322;8,409900;1,317721;30,490300;2,005300;0;0;0;0,662423;515;0;0
M3;E3;2;2026-05-03 16:12:09;93,893100;48,515971;1,371500;3,338931;2,901500;1,661430;1,419500;0,518103;0,450000;1,648200;0,180826;15,773700;0,784183;75,534100;0;0;0;0;0,516715;609;0;0
M3;E3;3;2026-05-03 16:14:06;88,540100;56,545188;1,227500;4,555825;3,614100;1,440640;0,280900;0,643553;0,450900;2,059000;0,258844;12,532500;1,097382;40,793900;0;0;0;0;0,638639;561;0;0
M3;E3;4;2026-05-03 16:16:09;70,197900;57,294240;1,265300;5,398899;3,725000;1,549575;1,880800;0,821203;0,995800;2,149700;0,253641;13,566400;1,234716;14,062700;0;0;0;0;0,816182;445;0;0
M3;E3;5;2026-05-03 16:17:57;58,022600;45,418523;1,223800;4,014481;3,680500;1,394110;0,414900;0,785022;0,978200;2,075100;0,260879;16,734900;1,442888;13,494800;0;0;0;0;0,782773;371;0;0
M3;E3;6;2026-05-03 16:19:32;69,182100;53,577267;1,228900;4,811869;3,680400;1,430130;0,149225;0,769435;0,968100;1,004700;0,254624;5,718000;1,191253;15,869300;0;0;0;0;0,774438;443;0;0
M3;E3;7;2026-05-03 16:21:15;71,174600;60,580215;0,961500;5,667890;3,717150;1,297660;6,911700;0,844237;0,999800;1,019300;0,236629;6,370300;1,018076;11,828300;3,098400;0;0;0;0,851149;462;0;0
M3;E3;8;2026-05-03 16:24:02;51,495500;43,410283;0,956800;3,725637;3,708900;1,054775;0,109275;0,840453;0,999900;1;0,240201;5,001200;0,903331;11,017800;2,984200;0;0;0;0,842992;339;0;0
M3;E3;9;2026-05-03 16:25:11;49,567200;43,172197;0,959700;3,695588;3,715250;1,034740;0,085400;0,866177;1;1,087600;0,233380;6,995400;0,670509;10,579300;3,010400;0;0;0;0,870983;326;0;0
M3;E3;10;2026-05-03 16:27:18;107,351500;86,204983;1,241500;7,451085;8,357800;1,475790;9,490800;0,797532;1;1,066700;0,265844;5,889800;0,447124;37,356800;0;0;0;0;0,803016;711;0;0
M3;E4;1;2026-05-03 17:25:03;151,825300;106,649468;0,887500;4,422426;3,370150;1,009300;4,115500;0,705892;0,450200;1,531200;0,276759;6,429400;0,526154;81,268400;16,916100;0;0;0;0,702449;882;0;0
M3;E4;2;2026-05-03 17:31:36;186,037300;104,099160;0,722200;2,996722;2,580600;1,020685;1,627575;0,561536;0,450000;2,683600;0,232958;22,420700;0,906189;147,706300;16,297200;0;0;0;0,559561;1043;0;0
M3;E4;3;2026-05-03 17:35:06;182,724900;109,916185;0,756300;3,157643;2,362200;0,971640;2,130650;0,608299;0,450000;2,160100;0,256683;13,083700;0,796471;128,462100;26,818100;0;0;0;0,601539;1032;0;0
M3;E4;4;2026-05-03 17:38:36;155,990100;108,148684;0,808200;4,067282;3,059600;1,009730;4,247700;0,691555;0,450000;1,901800;0,278560;12,891600;0,675123;86,329000;21,071800;0;0;0;0,693305;911;0;0
M3;E4;5;2026-05-03 17:42:42;151,778100;105,714490;0,897800;4,098735;3,215600;1,038545;3,891900;0,697363;0,450000;2,681700;0,282128;20,429000;0,872097;82,613800;15,064600;0;0;0;0,696507;893;0;0
M3;E4;6;2026-05-03 17:48:52;150,801800;103,212927;0,906200;3,908663;3,290500;1,060635;3,431050;0,684926;0,450000;1,701400;0,278565;10,470200;0,582041;83,732000;14,380200;0;0;0;0,684428;739;0;0
M3;E4;7;2026-05-03 17:54:49;176,997300;104,086421;0,934700;3,390650;2,717850;1,056600;1,763100;0,593362;0,450000;1,826300;0,249178;12,790000;0,616416;129,796500;16,215700;0;0;0;0,588068;850;0;0
M3;E4;8;2026-05-03 17:57:50;148,256600;103,370747;0,933700;3,990934;3,370900;1,062670;3,404050;0,697649;0,450000;2,216700;0,279871;19,329200;0,857537;79,554700;11,778000;0;0;0;0,697242;729;0;0
M3;E4;9;2026-05-03 18:00:57;148,149700;97,400361;0,977700;3,699417;3,164200;1,379540;1,669050;0,662531;0,450000;1;0,265372;4,016900;0,504328;90,858500;3,210200;0;0;0;0,657446;767;0;0
M3;E4;10;2026-05-03 18:08:58;144,020000;98,782758;0,966200;4,434152;3,245200;1,226825;3,052925;0,687264;0,450000;1,099200;0,271018;8,275200;0,516447;80,782900;6,931500;0;0;0;0,685896;705;0;0
M4;E1;1;2026-05-02 21:00:10;100,245700;94,429266;0,880500;9,940566;12;1,617040;3,052800;0,948166;1;2,045800;0,158074;16,860200;0,902411;12,652600;3,320200;0;0;0;0,941978;418;0;0
M4;E1;2;2026-05-02 21:02:26;106,424900;97,830799;0,754100;9,464255;12;1,075855;4,745425;0,919564;1;2,070400;0,200039;17,654800;1,008827;17,484500;8,463600;0;0;0;0,919247;363;0;0
M4;E1;3;2026-05-02 21:05:28;102,455900;95,378993;0,811100;9,675159;12;1,122420;4,053800;0,931095;1;1,617300;0,178300;5,483200;0,499421;14,941700;5,579000;0;0,301600;1;0,930927;354;0;0
M4;E1;4;2026-05-02 21:07:34;100,365200;94,385974;0,861600;9,832734;12;1,486515;3,577200;0,942627;1;1,701100;0,162283;6,700400;0,477721;12,886500;3,610200;0;0;0;0,940425;339;0;0
M4;E1;5;2026-05-02 21:10:54;99,354400;93,970859;1,183200;9,957067;12;1,805670;3,023000;0,947335;1;1,127700;0,143940;3,383200;0,316094;12,081400;0,285300;0;0,284900;1;0,945815;359;0;0
M4;E1;6;2026-05-02 21:14:50;101,850300;95,352130;0,785700;9,742206;12;1,283960;3,833650;0,938014;1;2,101200;0,179927;19,006100;1,102531;13,892500;4,935100;0;0,298700;1;0,936199;332;0;0
M4;E1;7;2026-05-02 21:16:56;99,993700;94,243853;0,871000;9,931708;12;1,608480;3,075550;0,945736;1;1,371500;0,152533;5,829200;0,424622;12,216300;2,825300;0;0;0;0,942498;328;0;0
M4;E1;8;2026-05-02 21:21:01;100,225700;94,120234;0,828000;9,881812;12;1,548300;3,331700;0,941851;1;1,281000;0,156148;4,523300;0,374100;12,866400;3,319200;0;0;0;0,939083;350;0;0
M4;E1;9;2026-05-02 21:25:07;102,198800;95,500725;0,725900;9,693830;12;1,214440;3,988175;0,931181;1;1;0,169800;4,780700;0,406898;13,750800;4,725300;0;0;0;0,934460;339;0;0
M4;E1;10;2026-05-02 21:27:26;102,059000;95,167570;0,689500;9,701530;12;1,209585;3,973675;0,935061;1;2,065700;0,181957;11,815700;0,729613;14,296300;5,370500;0;0,293400;1;0,932476;357;0;0
M4;E2;1;2026-05-03 13:47:00;113,613200;96,717478;0,797200;6,412075;3,725600;0,931055;9,141950;0,846647;1;1;0,226771;4,637700;0,628652;33,033900;15,214600;0;0;0;0,851287;763;0;0
M4;E2;2;2026-05-03 13:50:03;114,598000;96,279935;0,773800;6,282170;3,718750;0,935880;9,916100;0,833873;1;1,153100;0,232375;8,127700;0,664023;37,522600;15,438400;0;0;0;0,840154;826;0;0
M4;E2;3;2026-05-03 13:56:36;112,510100;96,533679;0,810200;6,486282;3,740650;0,935600;9,141600;0,851931;1;1,477000;0,231860;9,884000;0,760267;32,277400;13,823500;0;0;0;0,858000;790;0;0
M4;E2;4;2026-05-03 14:00:12;118,722000;98,717647;0,782000;5,974078;3,718000;0,933620;9,764450;0,824651;1;1,437800;0,240025;9,058100;0,769257;40,708600;19,100300;0;0;0;0,831503;827;0;0
M4;E2;5;2026-05-03 14:02:48;121,020000;96,666301;0,797100;5,988146;4,692900;0,947935;10,278775;0,803003;1;2,245900;0,248093;18,589800;0,924170;50,443900;22,062500;0;0,160100;1;0,798763;799;0;0
M4;E2;6;2026-05-03 14:05:16;97,886500;94,590151;0,786400;5,250748;5,105500;2,121550;0,782250;0,968863;1;2,117400;0,141151;16,093000;0,788920;5,925700;4,128000;0;0;0;0,966325;664;0;0
M4;E2;7;2026-05-03 14:07:58;116,985800;95,879921;0,780600;6,091522;3,942250;0,933440;9,515500;0,823035;1;2,333000;0,236896;14,582000;0,892611;42,173300;15,274800;0;0;0;0,819586;802;0;0
M4;E2;8;2026-05-03 14:10:34;116,072900;96,427822;0,798200;6,496023;5,014650;0,959500;9,732800;0,835243;1;1,995100;0,233198;15,133800;0,795475;39,589900;16,200800;0;0,151900;1;0,830752;730;0;0
M4;E2;9;2026-05-03 14:12:58;110,358100;95,629330;0,787600;6,904541;6,200650;0,981620;8,596400;0,869928;1;2,064200;0,225461;11,825800;0,689178;29,378600;13,864600;0;0;0;0,866537;698;0;0
M4;E2;10;2026-05-03 14:15:46;133,651200;95,892224;0,894700;4,166968;2,664700;0,991265;5,740975;0,722777;0,607500;1,612600;0,226140;10,321600;0,553889;84,130800;13,847500;0;0;0;0,717481;841;0;0
M4;E3;1;2026-05-03 16:29:26;72,996600;51,535220;1,268400;4,652161;2,013100;1,292475;7,415700;0,699740;0,607500;1,532900;0,237887;9,674800;0,662249;44,914100;0;0;0,148300;1;0,705995;493;0;0
M4;E3;2;2026-05-03 16:32:22;154,800000;94,324177;1,096500;2,740102;1,315400;1,293915;1,150775;0,612704;0,600900;1,312500;0,190454;6,616600;0,529291;128,143500;1,161500;0;0;0;0,609329;1013;0;0
M4;E3;3;2026-05-03 16:34:05;70,942800;48,831207;0,794800;3,892594;3,596300;1,338360;1,118000;0,687780;0,607500;1,335100;0,169198;10,450000;0,929848;35,280300;3,272300;0;0;0;0,688318;466;0;0
M4;E3;4;2026-05-03 16:35:24;57,755800;42,819215;0,807000;3,373075;3,635550;1,152120;0,682000;0,736367;0,623100;1,317700;0,185665;10,165600;1,154412;19,042200;3,071400;0;0;0;0,741384;374;0;0
M4;E3;5;2026-05-03 16:37:14;80,138200;55,218845;0,827000;3,645072;2,725500;1,195815;2,332450;0,687407;0,607500;1;0,189684;4,246300;0,650190;55,324300;4,119700;0;0;0;0,689045;517;0;0
M4;E3;6;2026-05-03 16:38:46;61,716900;47,638596;0,808200;3,939967;3,650500;0,931095;0,545350;0,768459;0,685900;1,650600;0,214390;11,710300;1,129816;19,386700;5,145900;0;0;0;0,771889;409;0;0
M4;E3;7;2026-05-03 16:40:39;82,721500;69,867559;0,828700;6,075030;3,688050;1,014610;8,712400;0,840418;0,997000;1,393900;0,208057;8,198600;0,903670;21,821900;5,209300;0;0;0;0,844612;548;0;0
M4;E3;8;2026-05-03 16:42:11;37,274500;32,436959;1,727000;3,446821;3,682200;2,252090;0,087975;0,869152;0,997500;1,441800;0,179763;9,633700;0,986894;8,584800;0;0;0;0;0,870218;253;0;0
M4;E3;9;2026-05-03 16:43:25;46,866200;37,888356;0,849900;3,071620;3,672500;0,936335;1,240975;0,810227;0,996900;1,429000;0,223983;8,479000;0,906643;18,279400;5,078700;0;0;0;0,808437;319;0;0
M4;E3;10;2026-05-03 16:45:19;90,416900;77,334570;0,837700;6,583600;3,707300;1,043625;8,400300;0,853141;0,999400;1,362600;0,204219;8,204300;0,865940;22,151500;5,261600;0;0;0;0,855311;595;0;0
M4;E4;1;2026-05-03 18:12:43;131,307100;95,655316;0,845200;3,733290;2,759700;0,979520;2,924300;0,727215;0,607500;1,857200;0,210338;16,323700;0,756266;84,257900;13,133800;0;0;0;0,728485;946;0;0
M4;E4;2;2026-05-03 18:16:51;134,989700;96,077977;0,832700;3,634595;2,659100;0,955855;2,732825;0,711633;0,607500;1,520100;0,207084;9,595700;0,629541;91,142800;15,730000;0;0;0;0,711743;901;0;0
M4;E4;3;2026-05-03 18:27:03;139,392500;95,737148;0,843500;3,421711;2,554900;0,965025;2,076025;0,687607;0,607500;1,424100;0,194440;11,869300;0,625029;102,307300;17,334600;0;0;0;0,686817;915;0;0
M4;E4;4;2026-05-03 18:33:42;151,574200;97,440627;0,712000;2,854754;1,966300;0,938080;1,563075;0,642656;0,607500;1,472400;0,181389;9,537400;0,639625;124,121400;23,332000;0;0,153700;1;0,642858;999;0;0
M4;E4;5;2026-05-03 18:37:45;158,013900;98,744642;0,722300;2,657988;1,872200;0,934695;1,725700;0,622513;0,607500;1,389900;0,181944;10,257100;0,695211;131,252900;33,021900;0;0;0;0,624911;1021;0;0
M4;E4;6;2026-05-03 18:40:51;161,381700;99,217436;0,537900;2,698914;1,968600;0,915805;1,651000;0,614996;0,607500;1,174800;0,169667;7,482500;0,583176;138,623400;40,629400;0;0;0;0,614800;1041;0;0
M4;E4;7;2026-05-03 18:44:27;169,433200;96,771085;0,689000;2,282269;1,307500;0,904650;1,426625;0,572066;0,563700;1,469600;0,171345;9,472600;0,546633;149,831200;55,599100;0;0;0;0,571146;1153;0;0
M4;E4;8;2026-05-03 18:49:14;148,359500;94,552551;0,892900;2,667041;1,613050;1,039960;1,717600;0,640426;0,607500;1,823900;0,184136;8,096600;0,523838;121,528500;13,865600;0;0;0;0,637321;994;0;0
M4;E4;9;2026-05-03 19:03:10;152,111500;96,696843;0,762900;2,820177;1,965100;0,971695;1,874750;0,637500;0,607500;2,154600;0,188140;12,262600;0,710282;125,484600;16,907500;0;0;0;0,635697;1027;0;0
M4;E4;10;2026-05-03 19:06:31;151,299500;96,522978;0,753300;2,859340;1,979100;0,956750;1,905750;0,640803;0,607500;2,315100;0,190910;14,783600;0,757091;124,477400;15,545400;0;0;0;0,637960;996;0;0
