Timestamp,Method,Scenario,RunID,Result,TotalTime_s,PathLength_m,MinDistance_m,MeanDistance_m,MedianDistance_m,MeanVelocity_mps,MaxVelocity_mps,MaxAcceleration_mps2,MaxJerk_mps3,SocialTime_s,PersonalTime_s,IntimateTime_s,StopTime_s,NumberOfStops
2026-09-09 20:34:35,M0,E1,1,SUCCESS,96.4892,93.1924066277664,0.5305,13.0194361702128,10.6978,0.961809219858156,1,5.0748,19.4784017278623,20.7214,3.07090000000002,0,0,1
2026-09-09 20:36:19,M0,E1,2,SUCCESS,96.315,93.0608353874354,0.5998,13.2854677804296,10.9325,0.962299761336515,1,6.9356,29.2937062937042,19.0791,3.39880000000005,0,0,1
2026-09-09 20:38:02,M0,E1,3,SUCCESS,96.6604,93.2656311932549,0.564,12.7513863746959,11.1265,0.960688321167883,1,6.8847,31.4270946681191,17.6991999999999,2.91249999999999,0,0,1
2026-09-09 20:39:45,M0,E1,4,SUCCESS,96.6544,92.9505171599191,0.5024,12.7329836538462,10.35865,0.959561538461538,1,4.5347,28.2634271099744,21.0495,3.37119999999999,0,0,1
2026-09-09 20:41:29,M0,E1,5,SUCCESS,96.9224,92.967257226681,0.5304,12.9008569739953,9.8035,0.956336170212766,1,4.9127,27.4855491329451,20.3784,2.71009999999995,0,0,1
2026-09-09 20:43:12,M0,E1,6,SUCCESS,96.1750999999999,93.0158565728133,0.5464,13.339595990566,12.1775,0.963260141509434,1,7.0107,27.369255150546,19.5076999999999,3.38920000000007,0,0,1
2026-09-09 20:44:56,M0,E1,7,SUCCESS,97.1924,92.8996989465395,0.7318,13.0316182242991,9.9802,0.954864018691589,1,8.4622,51.8500000000156,22.0866000000001,3.02479999999991,0,0,1
2026-09-09 20:46:40,M0,E1,8,SUCCESS,96.6738,93.0089593008387,0.5956,12.0283098795181,10.2628,0.95829734939759,1,3.8956,19.8237317282848,20.1192,3.42389999999989,0,0,1
2026-09-09 20:48:24,M0,E1,9,SUCCESS,96.7582,92.9818497864858,0.5909,13.1279030588235,11.2565,0.956448705882353,1,7.4913,34.8761429758812,19.8505000000001,3.65160000000003,0,0,1
2026-09-09 20:50:07,M0,E1,10,SUCCESS,96.2605000000001,92.8154312376532,0.4298,12.8994940758294,10.2769,0.961640284360189,1,7.8089,41.8684654300116,19.9485,3.12040000000002,0.25,0,1
2026-09-09 20:51:53,M0,E2,1,SUCCESS,96.2629999999999,93.1002778079513,0.3867,3.92134228028504,3.8073,0.963963420427553,1,6.7658,31.6508771929734,41.8460000000002,10.5629999999999,0.548000000000002,0,1
2026-09-09 20:53:37,M0,E2,2,SUCCESS,96.4370000000001,92.8883190513392,0.3981,4.36773105022831,3.83,0.96209497716895,1,5.6296,30.6793388430089,38.3069999999998,5.4989999999998,0.394999999999982,0,1
2026-09-09 20:55:19,M0,E2,3,SUCCESS,96.0360000000001,93.0860707852986,0.3788,4.11774243792325,3.8209,0.964894356659142,1,5.7507,30.8871794871896,40.0819999999999,11.413,0.440000000000055,0,1
2026-09-09 20:57:01,M0,E2,4,SUCCESS,96.046,93.0338741583468,0.3844,4.58848290993072,3.8669,0.966143418013857,1,7.2876,34.9544,36.913,5.04499999999985,0.482999999999947,0,1
2026-09-09 20:58:45,M0,E2,5,SUCCESS,96.0739999999998,92.6686276491629,0.3912,4.02990684931507,3.8256,0.962731506849315,1,6.9046,30.3827338129723,39.6209999999999,11.2980000000002,0.65300000000002,0,1
2026-09-09 21:00:28,M0,E2,6,SUCCESS,96.8120000000001,93.0167105531108,0.3832,4.61603810623557,3.9161,0.959606697459584,1,8.8416,56.2622641509463,36.6490000000001,5.72699999999986,0.408999999999878,0,1
2026-09-09 21:02:12,M0,E2,7,SUCCESS,96.5169999999998,93.1164844731863,0.372,4.04397945823928,3.8284,0.960172009029345,1,4.5823,27.8678260869543,40.8259999999998,10.0709999999997,0.397999999999911,0,1
2026-09-09 21:03:54,M0,E2,8,SUCCESS,95.952,92.9640329541474,0.3827,4.47143449074074,3.852,0.966790046296296,1,4.3141,23.0698275862098,37.518,5.19700000000012,0.41800000000012,0,1
2026-09-09 21:05:38,M0,E2,9,SUCCESS,96.0120000000002,92.6343756396964,0.4088,4.26500854503464,3.8258,0.962926327944573,1,4.4348,26.1461538461116,38.7910000000008,7.78199999999993,0.466000000000122,0,1
2026-09-09 21:07:20,M0,E2,10,SUCCESS,96.057,92.7344691512417,0.4001,4.52018165137615,3.8395,0.965115596330275,1,8.2895,49.4444444444606,38.3839999999996,5.65499999999975,0.544000000000096,0,1
2026-09-09 21:09:03,M0,E3,1,SUCCESS,96.0250000000001,93.1479264836626,0.3778,5.8157688221709,5.3285,0.967374826789838,1,7.1037,30.5985507246554,38.8500000000004,16.1839999999997,0.427999999999884,0,1
2026-09-09 21:10:46,M0,E3,2,SUCCESS,95.895,92.840345079548,0.4105,6.09449627039627,5.6641,0.966721445221445,1,4.7959,23.4191304347345,33.2020000000002,5.40999999999985,0.45699999999988,0,1
2026-09-09 21:12:30,M0,E3,3,SUCCESS,97.748,92.9893308936626,0.3816,6.0676375,5.84095,0.950283333333333,1,5.0482,29.5216374269314,34.8809999999994,6.625,0.528999999999996,0,1
2026-09-09 21:14:13,M0,E3,4,SUCCESS,96.0129999999999,93.0549272446989,0.3756,5.51187888631091,4.9595,0.967597911832947,1,9.1153,59.0649122806848,39.951,17.3909999999996,0.462000000000444,0,1
2026-09-09 21:15:55,M0,E3,5,SUCCESS,95.5159999999996,92.8118324708642,0.3793,6.21342286374134,5.9075,0.970270669745958,1,8.022,44.5864661653245,35.547,12.6809999999996,0.597000000000207,0,1
2026-09-09 21:17:38,M0,E3,6,SUCCESS,95.7280000000001,92.8063524900371,0.3922,5.81624334862385,5.355,0.967732110091743,1,7.3884,34.582733813032,39.1640000000002,17.0879999999997,0.416999999999916,0,1
2026-09-09 21:19:21,M0,E3,7,SUCCESS,95.7180000000003,92.8951198141874,0.3763,6.07090352941177,5.7562,0.967104705882353,1,6.186,21.876595744669,33.7239999999993,5.04899999999952,0.319999999999709,0,1
2026-09-09 21:21:03,M0,E3,8,SUCCESS,95.8110000000001,92.673757769233,0.3948,6.07773581395349,5.84185,0.963995813953488,1,8.0109,42.3468253969098,37.2220000000002,17.5210000000002,0.449000000000069,0,1
2026-09-09 21:22:46,M0,E3,9,SUCCESS,96.4609999999998,93.0036835336731,0.3913,5.52906743648961,4.9372,0.962311547344111,1,4.8875,32.8827272726892,40.5179999999991,18.4899999999998,0.47400000000016,0,1
2026-09-09 21:24:30,M0,E3,10,SUCCESS,96.6489999999999,92.7909474197039,0.381,5.62199407744875,4.9288,0.958170387243736,1,4.1282,22.7984848484742,39.7140000000009,16.7540000000004,0.424999999999727,0,1
2026-09-09 21:26:12,M0,E4,1,SUCCESS,96.0010000000002,92.8823425553042,0.3905,1.95507762237762,1.5024,0.963934265734266,1,4.2294,20.2775862068991,82.364,37.732,0.65099999999984,0,1
2026-09-09 21:27:55,M0,E4,2,SUCCESS,95.7729999999997,92.858389964606,0.3886,1.9630119047619,1.51785,0.966394761904762,1,9.184,60.78090909109,81.9779999999996,36.3070000000002,0.460000000000036,0,1
2026-09-09 21:29:38,M0,E4,3,SUCCESS,96.1869999999999,93.1447567514346,0.3914,1.96188417266187,1.5821,0.965402877697842,1,4.8333,31.8971153846723,88.4409999999998,32.0039999999995,0.454000000000178,0,1
2026-09-09 21:31:21,M0,E4,4,SUCCESS,96.665,92.96760036142,0.3807,2.14142795180723,1.6523,0.959790361445783,1,8.7598,56.1203539823858,80.6389999999997,33.0789999999997,0.471000000000004,0,1
2026-09-09 21:33:04,M0,E4,5,SUCCESS,96.2470000000003,92.916178188678,0.378,1.99346258823529,1.5345,0.961048470588235,1,9.4122,63.3027522936224,81.6900000000001,37.6190000000006,0.557999999999993,0,1
2026-09-09 21:34:47,M0,E4,6,SUCCESS,96.1599999999999,92.9672276455732,0.3857,2.09238360277136,1.563,0.962633949191686,1,7.0443,28.0858333332524,80.5810000000001,32.7589999999996,0.538000000000011,0,1
2026-09-09 21:36:30,M0,E4,7,SUCCESS,95.7260000000001,92.8582026966239,0.3781,1.98182137767221,1.526,0.966280760095012,1,7.2415,32.9957142857443,81.9309999999996,36.6269999999995,0.41800000000012,0,1
2026-09-09 21:38:14,M0,E4,8,SUCCESS,96.634,93.0396521208141,0.3724,2.34560476190476,1.70195,0.960550714285714,1,7.1859,34.8736111111649,77.3439999999996,25.0079999999998,0.706000000000131,0,1
2026-09-09 21:39:56,M0,E4,9,SUCCESS,96.125,93.056091488933,0.3842,2.14474131455399,1.5819,0.966167136150235,1,7.7599,45.4663551401993,80.902,32.7510000000002,0.468000000000302,0,1
2026-09-09 21:41:38,M0,E4,10,SUCCESS,95.7079999999996,92.9147913651371,0.3796,1.95573412322275,1.511,0.968035308056872,1,6.9002,36.017272727231,82.2029999999995,37.5389999999998,0.454000000000178,0,1
2026-09-09 21:43:21,M1,E1,1,SUCCESS,96.0129999999999,93.135344575977,0.6289,12.5007020594966,10.054,0.966583981693364,1,9.0755,58.3551724138004,22.6270000000013,3.13800000000174,0,0,1
2026-09-09 21:45:04,M1,E1,2,SUCCESS,95.7780000000002,92.7526512231177,0.4958,12.9860659624413,10.22395,0.966734741784037,1,8.8545,55.00500000005,21.6289999999981,3.90700000000015,0,0,1
2026-09-09 21:46:46,M1,E1,3,SUCCESS,95.723,92.9349599572923,0.5827,12.8706990654206,10.47505,0.969067289719626,1,8.3416,49.8956140348743,22.9759999999978,3.3769999999995,0,0,1
2026-09-09 21:48:29,M1,E1,4,SUCCESS,95.9440000000004,92.8880815697583,0.6219,12.9235630232558,9.54675,0.965800465116279,1,4.7794,30.9747747748093,21.0029999999988,3.97799999999916,0,0,1
2026-09-09 21:50:12,M1,E1,5,SUCCESS,96.0039999999999,93.0919074155935,0.7685,13.3389230588235,11.1198,0.966645647058824,1,5.1217,29.2713114753383,23.9449999999979,1.63699999999972,0,0,1
2026-09-09 21:51:55,M1,E1,6,SUCCESS,95.8239999999996,92.9869921015739,0.6346,13.0528764845606,9.4388,0.966746318289786,1,6.9774,29.0242990654285,19.9859999999999,2.72299999999996,0,0,1
2026-09-09 21:53:37,M1,E1,7,SUCCESS,95.3069999999998,92.674790599978,0.5583,12.7848139908257,10.26035,0.969895642201835,1,5.18,24.5312500000572,19.9669999999996,3.22400000000016,0,0,1
2026-09-09 21:55:19,M1,E1,8,SUCCESS,95.7489999999998,92.7942512112791,0.6411,13.0136009478673,10.13485,0.964825829383886,1,7.2751,36.6581967212218,18.6440000000002,3.28300000000036,0,0,1
2026-09-09 21:57:01,M1,E1,9,SUCCESS,95.9800000000005,92.9062666184011,0.6095,13.1070630232558,10.2229,0.966182325581395,1,8.351,49.7858407078396,20.7350000000015,3.16899999999896,0,0,1
2026-09-09 21:58:45,M1,E1,10,SUCCESS,95.9390000000003,93.0926230351125,0.6623,13.1428770301624,10.0865,0.968902784222738,1,5.3978,33.910280373841,19.6979999999994,3.77799999999934,0,0,1
2026-09-09 22:00:27,M1,E2,1,SUCCESS,96.1099999999997,93.0178056545061,0.5196,4.76099006928407,3.8789,0.966001385681293,1,6.5201,24.9666666666263,35.3279999999986,8.01299999999992,0,0,1
2026-09-09 22:02:10,M1,E2,2,SUCCESS,96.1030000000001,92.9143917180884,0.5294,4.59623449074074,3.9382,0.966095138888889,1,8.2958,50.160169491745,35.6180000000004,12.916000000002,0,0,1
2026-09-09 22:03:53,M1,E2,3,SUCCESS,95.9230000000007,92.7205538058993,0.539,5.16151720183486,4.13815,0.963277064220184,1,8.3126,44.1745454543117,31.4189999999999,7.4930000000013,0,0,1
2026-09-09 22:05:35,M1,E2,4,SUCCESS,95.9889999999996,92.9138763069239,0.5296,5.20655647058823,4.1266,0.965499058823529,1,4.1691,21.6528925619665,31.2430000000004,7.54700000000048,0,0,1
2026-09-09 22:07:18,M1,E2,5,SUCCESS,95.9740000000002,92.8499537630138,0.5366,5.18185529411765,4.1593,0.965819294117647,1,6.9199,30.5521428572699,30.8400000000001,7.15999999999985,0,0,1
2026-09-09 22:09:00,M1,E2,6,SUCCESS,95.2529999999997,92.754923825739,0.5324,5.21090278422274,4.0548,0.970298839907193,1,7.2844,33.6237037036493,30.9039999999995,6.78500000000076,0,0,1
2026-09-09 22:10:43,M1,E2,7,SUCCESS,96.4440000000004,92.7255458574811,0.5285,4.84395164319249,3.98905,0.959638262910798,1,6.3043,24.3249999999607,34.4660000000013,7.56600000000071,0,0,1
2026-09-09 22:12:25,M1,E2,8,SUCCESS,95.6459999999997,92.7983996929517,0.5331,5.00704023255814,4.01195,0.965724186046512,1,8.4016,48.4126050421441,32.9869999999992,6.61599999999999,0,0,1
2026-09-09 22:14:08,M1,E2,9,SUCCESS,95.7489999999998,92.7845252868957,0.5278,5.02297488262911,4.08325,0.966394835680751,1,6.5377,25.910071942423,32.7030000000004,6.97200000000066,0,0,1
2026-09-09 22:15:50,M1,E2,10,SUCCESS,95.5110000000004,92.6344413102448,0.5477,5.13136408450704,4.1528,0.967529577464789,1,7.0049,31.5674603176371,30.9000000000024,6.55299999999988,0,0,1
2026-09-09 22:17:34,M1,E3,1,SUCCESS,95.6220000000003,92.9125747422642,0.5278,6.52232813238771,6.2374,0.968829078014184,1,5.7406,35.2972727270859,35.1140000000005,16.6680000000006,0,0,1
2026-09-09 22:19:16,M1,E3,2,SUCCESS,95.6419999999998,92.6814831113461,0.5303,6.44797196261682,5.88195,0.967447663551402,1,8.7495,54.7216216216826,36.5450000000001,17.0840000000007,0,0,1
2026-09-09 22:20:59,M1,E3,3,SUCCESS,96.0519999999997,93.1389602650118,0.535,6.2189027972028,5.7794,0.967565734265734,1,8.2222,45.0793103448332,37.933,17.0910000000003,0,0,1
2026-09-09 22:22:41,M1,E3,4,SUCCESS,95.8800000000001,92.8482016057468,0.5276,6.05189510489511,5.059,0.967675757575758,1,7.4183,37.8918518517906,39.8549999999987,17.4199999999992,0,0,1
2026-09-09 22:24:24,M1,E3,5,SUCCESS,95.9690000000001,93.1061708072399,0.5276,5.85825958429561,5.0522,0.968971824480369,1,7.3402,31.8950819671351,40.5930000000008,14.9289999999992,0,0,1
2026-09-09 22:26:06,M1,E3,6,SUCCESS,95.6770000000006,93.0640778623249,0.5444,6.30791084905661,6.0099,0.972304481132075,1,8.7398,53.0643478261877,37.5520000000006,9.03600000000006,0,0,1
2026-09-09 22:27:49,M1,E3,7,SUCCESS,95.6360000000004,92.8742424060891,0.536,5.89704556074766,5.3395,0.968167523364486,1,7.8582,42.7444444443753,41.518,14.527000000001,0,0,1
2026-09-09 22:29:31,M1,E3,8,SUCCESS,95.7309999999998,93.0601944598386,0.5379,5.98240511627907,5.15105,0.968441860465116,1,7.2247,32.6471428572786,39.6239999999989,16.5980000000009,0,0,1
2026-09-09 22:31:13,M1,E3,9,SUCCESS,95.585,92.6794748818046,0.5377,5.86614004683841,5.0358,0.968087822014051,1,9.5281,65.9240384613678,40.6059999999979,13.6940000000004,0,0,1
2026-09-09 22:32:55,M1,E3,10,SUCCESS,95.3609999999999,92.9157633798568,0.5456,5.91941655011655,5.1347,0.97256013986014,1,5.228,31.7921052630219,39.7470000000003,16.0330000000013,0,0,1
2026-09-09 22:34:38,M1,E4,1,SUCCESS,95.8549999999996,92.7099109160027,0.499,2.61979976133652,1.6126,0.962892362768496,1,8.3855,47.3076923076158,75.7019999999993,31.6939999999995,0,0,1
2026-09-09 22:36:21,M1,E4,2,SUCCESS,95.6010000000006,92.9935845299994,0.5456,3.00030164705882,1.777,0.971196705882353,1,5.0804,30.256302521088,71.2919999999986,17.3800000000019,0,0,1
2026-09-09 22:38:04,M1,E4,3,SUCCESS,96.1200000000008,93.0160400324963,0.5011,2.62623349056604,1.6136,0.965453537735849,1,5.3144,24.2557377048587,75.3019999999997,33.3340000000017,0,0,1
2026-09-09 22:39:46,M1,E4,4,SUCCESS,96.0749999999998,93.0848098018551,0.5136,2.51739007092199,1.5474,0.966903546099291,1,4.526,26.799107142838,79.7840000000006,38.0409999999983,0,0,1
2026-09-09 22:41:29,M1,E4,5,SUCCESS,96.4259999999995,93.3146288131263,0.439,2.40909858490566,1.45775,0.965721462264151,1,8.6617,53.7347457625329,80.7239999999993,39.9809999999998,0.211999999999534,0,1
2026-09-09 22:43:13,M1,E4,6,SUCCESS,95.9830000000002,92.77775756837,0.468,2.67944785714286,1.61585,0.964056428571428,1,7.1439,34.315172413905,73.8810000000003,28.780999999999,0,0,1
2026-09-09 22:44:55,M1,E4,7,SUCCESS,95.9440000000004,93.1378632137584,0.4634,2.62871741176471,1.5906,0.968539294117647,1,7.7391,39.8307692307358,74.1909999999998,32.7109999999984,0,0,1
2026-09-09 22:46:38,M1,E4,8,SUCCESS,95.7889999999998,92.9986468068072,0.4585,2.60299761904762,1.58345,0.970470238095238,1,9.8761,70.6743119263602,76.119999999999,32.8049999999994,0,0,1
2026-09-09 22:48:20,M1,E4,9,SUCCESS,95.9789999999994,93.1947185448136,0.4472,2.6156508353222,1.6149,0.968614797136038,1,7.0668,31.7717391304532,74.8719999999994,34.2190000000001,0.264000000000124,0,1
2026-09-09 22:50:04,M1,E4,10,SUCCESS,96.0020000000004,93.0457260630822,0.4938,2.64705845070423,1.6015,0.967326525821596,1,9.0444,58.2046728972121,75.7990000000009,31.1819999999998,0,0,1
2026-09-09 22:51:47,M2,E1,1,SUCCESS,95.5389999999989,92.7137685802827,0.637,12.8964920930233,9.858,0.968425813953488,1,5.5544,32.4556521739746,20.9000000000033,3.66599999999926,0,0,1
2026-09-09 22:53:29,M2,E1,2,SUCCESS,95.2559999999994,92.7879738197969,0.5772,12.7947335680751,10.0574,0.971305868544601,1,9.0663,58.0885964914431,18.4109999999964,2.57499999999891,0,0,1
2026-09-09 22:55:11,M2,E1,3,SUCCESS,95.5720000000001,92.8947238463491,0.6201,12.9286873239437,10.31045,0.97116103286385,1,8.6527,53.1590163937089,20.5479999999989,3.06600000000071,0,0,1
2026-09-09 22:56:53,M2,E1,4,SUCCESS,95.5969999999998,92.7290415955673,0.4634,12.8251469107551,11.019,0.967071853546911,1,9.0158,58.7201754388139,18.1049999999977,2.98699999999917,0,0,1
2026-09-09 22:58:35,M2,E1,5,SUCCESS,95.4299999999985,93.1381220343464,0.4859,12.0789824355972,11.4638,0.972552927400468,1,10.6387,83.4174757288389,20.985999999999,3.55399999999827,0,0,1
2026-09-09 23:00:19,M2,E1,6,SUCCESS,95.3560000000016,92.7382347701876,0.5479,13.2695139810427,11.4146,0.970212322274882,1,7.7665,38.236,20.3729999999978,3.74700000000121,0,0,1
2026-09-09 23:02:01,M2,E1,7,SUCCESS,95.4210000000003,92.7155954977967,0.668,12.881305399061,9.531,0.968853051643192,1,3.465,14.4070422533543,19.4859999999971,2.92299999999886,0,0,1
2026-09-09 23:03:43,M2,E1,8,SUCCESS,95.6779999999999,92.8714989212013,0.6387,12.8644546511628,10.59555,0.967786744186046,1,7.8703,41.1581196580531,20.7480000000014,4.18299999999908,0,0,1
2026-09-09 23:05:25,M2,E1,9,SUCCESS,95.360999999999,92.8339577159982,0.5427,13.3082733796296,11.00305,0.973302083333333,1,5.517,31.3630252104062,18.0240000000013,4.39799999999923,0,0,1
2026-09-09 23:07:07,M2,E1,10,SUCCESS,95.509,92.9072016834478,0.6598,12.7770916473318,10.6827,0.969370533642691,1,8.5966,50.8963636360943,22.0960000000014,3.7489999999998,0,0,1
2026-09-09 23:08:50,M2,E2,1,SUCCESS,95.8010000000013,92.825525356341,0.4553,5.56016244131455,4.13035,0.967881220657277,1,8.2968,45.8408333330276,30.7330000000038,5.41799999999967,0,0,1
2026-09-09 23:10:32,M2,E2,2,SUCCESS,95.8249999999989,93.0251145502346,0.4539,5.39912547169811,4.00385,0.968099764150943,1,4.7585,31.553398058511,32.8849999999984,6.06400000000031,0,0,1
2026-09-09 23:12:15,M2,E2,3,SUCCESS,95.3940000000002,92.8061825046463,0.4552,5.54958534883721,4.10655,0.968988372093023,1,5.9197,30.5690322579354,29.5680000000011,5.27600000000166,0,0,1
2026-09-09 23:13:57,M2,E2,4,SUCCESS,95.612000000001,93.1246537096102,0.4546,5.54538951048951,4.1556,0.973197902097902,1,3.938,13.1490196077906,29.884,5.91500000000087,0,0,1
2026-09-09 23:15:40,M2,E2,5,SUCCESS,95.5380000000005,92.9124074599463,0.4532,5.51727798594848,4.0821,0.972088758782201,1,8.944,59.3509803917081,31.3790000000026,6.06799999999748,0,0,1
2026-09-09 23:17:21,M2,E2,6,SUCCESS,95.4299999999985,92.736432146843,0.4515,5.67577785714286,4.1384,0.969300238095238,1,8.5518,50.3358333329976,29.8999999999978,5.2589999999982,0,0,1
2026-09-09 23:19:03,M2,E2,7,SUCCESS,95.2310000000016,92.8272342638016,0.4541,5.60166126760563,4.12025,0.971529577464789,1,7.971,39.9121387281659,30.0380000000023,5.70000000000073,0,0,1
2026-09-09 23:20:46,M2,E2,8,SUCCESS,95.523000000001,92.7553351081357,0.4515,5.50501051401869,4.10005,0.970014485981308,1,8.4843,51.229166666325,31.3490000000002,5.97499999999854,0,0,1
2026-09-09 23:22:27,M2,E2,9,SUCCESS,95.2399999999998,92.6455095818375,0.4501,5.56294131455399,4.137,0.970057042253521,1,8.4979,50.6472727270047,30.5999999999985,5.65999999999985,0,0,1
2026-09-09 23:24:09,M2,E2,10,SUCCESS,95.2100000000009,92.6656542614869,0.471,5.71744203233256,4.187,0.970160739030023,1,7.5045,37.1599999998034,27.4600000000009,5.82999999999811,0,0,1
2026-09-09 23:25:52,M2,E3,1,SUCCESS,95.5100000000002,92.9969096448887,0.4697,6.35753840749415,5.0141,0.971913348946136,1,8.5772,51.2641666663248,37.9400000000005,15.3499999999985,0,0,1
2026-09-09 23:27:34,M2,E3,2,SUCCESS,95.5,92.7441706483566,0.4752,6.49245081206496,5.5689,0.968225290023202,1,7.032,29.4915384613074,37.1100000000024,16.0699999999997,0,0,1
2026-09-09 23:29:15,M2,E3,3,SUCCESS,95.1800000000003,92.8503446353031,0.4681,6.41465375586854,5.2078,0.97434765258216,1,10.398,74.7118181814228,39.409999999998,16.119999999999,0,0,1
2026-09-09 23:30:58,M2,E3,4,SUCCESS,95.5200000000004,92.7828680334498,0.4519,6.39793822843823,5.2981,0.969229137529137,1,8.6919,55.0941666671343,38.8099999999995,16.3999999999996,0,0,1
2026-09-09 23:32:41,M2,E3,5,SUCCESS,95.6999999999989,92.9019364121453,0.4506,6.80463929411765,5.3775,0.970271764705883,1,7.8077,45.6241666670539,36.1700000000001,6,0,0,1
2026-09-09 23:34:22,M2,E3,6,SUCCESS,95.369999999999,93.0069421642077,0.4559,6.3379737704918,4.8637,0.973750585480094,1,7.3981,35.8915384617594,39.7500000000018,17.1699999999983,0,0,1
2026-09-09 23:36:05,M2,E3,7,SUCCESS,95.4299999999985,92.7055246566812,0.4564,6.74503442622951,5.3339,0.967963231850117,1,7.7805,40.9415384612177,36.3700000000008,5.01000000000022,0,0,1
2026-09-09 23:37:47,M2,E3,8,SUCCESS,95.4099999999999,92.7450230136948,0.4621,6.42096993006993,5.4574,0.9677337995338,1,7.119,28.2549999998505,34.3700000000026,16.369999999999,0,0,1
2026-09-09 23:39:30,M2,E3,9,SUCCESS,95.4600000000009,92.6786111143059,0.4504,6.61113761682243,4.94525,0.969093691588785,1,4.9925,30.6399999998379,36.4799999999996,5.8899999999976,0,0,1
2026-09-09 23:41:11,M2,E3,10,SUCCESS,95.6000000000004,92.8750245519734,0.4564,6.36919230769231,5.3371,0.970680652680653,1,3.7675,22.250000000137,38.2299999999996,14.7200000000012,0,0,1
2026-09-09 23:42:54,M2,E4,1,SUCCESS,95.4400000000005,92.7449188248346,0.4592,2.39319927884615,1.5581,0.969557451923077,1,7.0766,31.0571428568685,79.9899999999998,34.7500000000018,0,0,1
2026-09-09 23:44:37,M2,E4,2,SUCCESS,95.9799999999996,92.6436108679575,0.4637,2.26972254196643,1.5497,0.962691606714628,1,5.0258,19.3391304348193,83.6499999999978,36.8799999999974,0,0,1
2026-09-09 23:46:19,M2,E4,3,SUCCESS,95.630000000001,92.8488797956803,0.4685,2.42739832134293,1.6548,0.969214628297362,1,9.2369,66.5940000009691,79.0399999999991,26.8699999999972,0,0,1
2026-09-09 23:48:02,M2,E4,4,SUCCESS,96.0900000000001,92.6806655960888,0.4515,2.31051320754717,1.45205,0.963293632075472,1,7.0096,32.4914285715637,84.1700000000001,38.3899999999976,0,0,1
2026-09-09 23:49:45,M2,E4,5,SUCCESS,95.8000000000011,93.0524639980532,0.4549,2.29294299287411,1.4162,0.969721140142518,1,7.7364,39.7669230771679,82.840000000002,39.9999999999964,0,0,1
2026-09-09 23:51:28,M2,E4,6,SUCCESS,96,93.0497171431435,0.44,2.36899361702128,1.4644,0.967123640661939,1,7.5581,37.8129999998624,83.1299999999992,38.4400000000005,0.229999999999563,0,1
2026-09-09 23:53:10,M2,E4,7,SUCCESS,95.9600000000009,92.8805127718658,0.4546,2.3659662763466,1.4532,0.965800468384075,1,7.8329,41.4969230771786,82.5200000000004,39.0900000000056,0,0,1
2026-09-09 23:54:53,M2,E4,8,SUCCESS,96.6200000000008,93.1563832149754,0.4532,2.33169600938967,1.3304,0.961674882629108,1,6.6627,24.5244444444048,83.8099999999995,42.0799999999981,0,0,1
2026-09-09 23:56:36,M2,E4,9,SUCCESS,95.369999999999,92.6047843631421,0.4529,2.27694750593824,1.4263,0.96784109263658,1,4.2573,25.1190909093734,82.8499999999985,41.9200000000037,0,0,1
2026-09-09 23:58:18,M2,E4,10,SUCCESS,95.9499999999989,92.9034673369312,0.4188,2.33226737588652,1.3907,0.965079669030733,1,7.3936,33.583636364014,83.3799999999992,41.1399999999994,0.25,0,1
2026-09-10 00:00:01,M3,E1,1,SUCCESS,95.8500000000004,93.0289237554958,0.5077,12.9759058548009,10.9868,0.967035128805621,1,8.2931,45.0049999996998,19.7299999999959,3.26000000000022,0,0,1
2026-09-10 00:01:44,M3,E1,2,SUCCESS,95.5500000000011,93.0307910443215,0.546,12.6125009302326,11.4621,0.971617674418605,1,9.8146,71.2470000010368,20.2599999999984,3.79999999999927,0,0,1
2026-09-10 00:03:26,M3,E1,3,SUCCESS,95.5700000000015,92.8615720738646,0.5168,12.8727837155963,10.56195,0.970224770642202,1,6.9942,36.4146666663134,21.7900000000009,3.35000000000218,0,0,1
2026-09-10 00:05:08,M3,E1,4,SUCCESS,95.5300000000007,92.7267508900007,0.4687,12.871337995338,10.4541,0.969206293706294,1,8.556,51.7291666671058,19.9699999999993,3.27000000000044,0,0,1
2026-09-10 00:06:50,M3,E1,5,SUCCESS,95.3299999999999,92.8797902929599,0.7328,13.6253014150943,12.20885,0.971592688679245,1,8.2649,46.7445454550711,20.3499999999985,1.96999999999935,0,0,1
2026-09-10 00:08:32,M3,E1,6,SUCCESS,95.1999999999989,92.5852924411917,0.5563,12.3073595794393,10.42255,0.969994626168224,1,6.8528,29.3992857144079,23.9499999999989,3.74999999999818,0,0,1
2026-09-10 00:10:14,M3,E1,7,SUCCESS,95.3400000000001,92.7636576046584,0.5859,12.0744637440758,9.8612,0.971359241706161,1,5.7846,28.5366666664763,22.0899999999965,3.45000000000255,0,0,1
2026-09-10 00:11:57,M3,E1,8,SUCCESS,95.5300000000007,93.159447773228,0.5542,12.7922574712644,11.376,0.973368045977011,1,6.8336,26.2299999998251,18.4099999999999,3.95000000000073,0,0,1
2026-09-10 00:13:39,M3,E1,9,SUCCESS,95.6900000000005,92.808399982223,0.5343,12.9999476851852,10.4964,0.968771064814815,1,8.7354,53.3049999996445,21.8000000000029,3.46999999999753,0,0,1
2026-09-10 00:15:22,M3,E1,10,SUCCESS,95.8400000000001,93.0139827946664,0.5499,13.0058869767442,9.31115,0.969212093023256,1,5.1684,31.4890909089243,19.7000000000007,1.91999999999825,0,0,1
2026-09-10 00:17:04,M3,E2,1,SUCCESS,95.4699999999993,92.8729732831184,0.3976,4.75973891509434,3.9455,0.971309669811321,1,6.9669,29.3992307690004,32.6599999999999,5.17000000000189,0.529999999998836,0,1
2026-09-10 00:18:46,M3,E2,2,SUCCESS,95.8400000000001,92.9786194416893,0.393,4.62555023041475,3.9499,0.967091013824885,1,8.8493,54.1366666671262,33.1900000000041,5.48000000000138,0.6200000000008,0,1
2026-09-10 00:20:28,M3,E2,3,SUCCESS,95.1499999999996,92.8596016888897,0.4071,4.89336214953271,3.9513,0.972830373831776,1,8.6534,57.0949999996192,30.4000000000015,5.21999999999935,0.290000000000873,0,1
2026-09-10 00:22:11,M3,E2,4,SUCCESS,95.5100000000002,92.8456329579221,0.4076,4.67282488372093,3.94315,0.968848837209302,1,6.8785,27.2309090912153,32.8099999999995,4.77999999999884,0.420000000000073,0,1
2026-09-10 00:23:53,M3,E2,5,SUCCESS,95.5599999999995,92.9445672252201,0.4046,4.66169158878505,3.92785,0.971408878504673,1,6.9383,45.5260000006625,33.3699999999972,5.47000000000116,0.430000000000291,0,1
2026-09-10 00:25:35,M3,E2,6,SUCCESS,95.3600000000006,92.9654632481887,0.4167,5.09435864485981,4.07185,0.973576635514019,1,7.454,35.210769230986,29.7900000000009,4.79999999999927,0.460000000000946,0,1
2026-09-10 00:27:17,M3,E2,7,SUCCESS,95.7299999999996,93.0053622066139,0.3963,4.71971972157773,3.9305,0.969808584686775,1,7.9474,43.7890909088592,31.9099999999999,5.21999999999935,0.459999999999127,0,1
2026-09-10 00:29:00,M3,E2,8,SUCCESS,95.4000000000015,92.7700870709055,0.4044,4.79894074941452,3.9394,0.970757845433255,1,8.2486,47.5849999996826,31.630000000001,5.27000000000044,0.430000000000291,0,1
2026-09-10 00:30:41,M3,E2,9,SUCCESS,95.3600000000006,92.8005802200898,0.4097,4.66430069605568,3.945,0.972180974477958,1,7.6453,38.7453846156232,33.6899999999969,5.22000000000116,0.459999999999127,0,1
2026-09-10 00:32:24,M3,E2,10,SUCCESS,95.1599999999999,92.6568378176361,0.4108,4.38055348837209,3.93885,0.971413023255814,1,8.3446,53.1263636360825,33.9200000000019,10.2300000000014,0.409999999999854,0,1
2026-09-10 00:34:06,M3,E3,1,SUCCESS,95.2799999999988,92.7133711399884,0.4059,6.48702459396752,6.3299,0.970647099767981,1,3.8373,18.2241666668214,33.9100000000017,15.0299999999988,0.380000000001019,0,1
2026-09-10 00:35:47,M3,E3,2,SUCCESS,95.0300000000007,92.6710489796266,0.4087,6.22072705882353,5.8186,0.973127058823529,1,8.5405,49.9608333330001,31.4699999999975,4.5199999999968,0.299999999999272,0,1
2026-09-10 00:37:30,M3,E3,3,SUCCESS,95.6799999999985,92.8964665467114,0.3955,5.78633221153846,5.5,0.968714423076923,1,7.2772,34.1223076920403,39.2999999999975,12.9299999999985,0.510000000000218,0,1
2026-09-10 00:39:12,M3,E3,4,SUCCESS,95.6100000000006,93.0225126371021,0.4068,6.03084501160093,5.8011,0.971203248259861,1,8.1592,44.3554545452198,35.2800000000007,16.1800000000039,0.409999999999854,0,1
2026-09-10 00:40:55,M3,E3,5,SUCCESS,95.5200000000004,92.7818133780828,0.4039,5.89999694835681,5.58885,0.969011971830986,1,4.853,22.9562500000209,38.1399999999994,12.9700000000012,0.589999999998327,0,1
2026-09-10 00:42:37,M3,E3,6,SUCCESS,95.4099999999999,92.9970940631594,0.4118,6.23000070422535,5.9226,0.971841784037559,1,8.6107,51.4666666671035,34.4599999999991,15.5999999999985,0.540000000000873,0,1
2026-09-10 00:44:19,M3,E3,7,SUCCESS,95.4400000000005,92.936744228801,0.411,6.21070573394495,5.76885,0.972201146788991,1,8.1655,43.8345454543135,31.8100000000013,5.07999999999629,0.430000000000291,0,1
2026-09-10 00:46:01,M3,E3,8,SUCCESS,95.5100000000002,92.8270945791373,0.4081,6.05478608490566,5.64405,0.970914386792453,1,8.542,51.9418181815433,37.4700000000012,15.0900000000001,0.5,0,1
2026-09-10 00:47:44,M3,E3,9,SUCCESS,95.3299999999999,92.8321319783168,0.41,5.87612651162791,5.58275,0.9701,1,4.0184,22.5658333331828,38.1000000000004,10.5699999999979,0.380000000001019,0,1
2026-09-10 00:49:25,M3,E3,10,SUCCESS,95.1500000000015,92.8119056716208,0.417,5.70510534883721,5.25675,0.973338372093023,1,7.135,35.4492857144331,38.0599999999995,15.7800000000007,0.540000000000873,0,1
2026-09-10 00:51:09,M3,E4,1,SUCCESS,96.7299999999996,92.8300744379974,0.4026,2.12687115839244,1.5097,0.95817328605201,1,8.6227,51.5463636369433,79.8999999999996,39.2299999999977,0.350000000000364,0,1
2026-09-10 00:52:51,M3,E4,2,SUCCESS,95.5999999999985,92.7605232999521,0.4192,2.06007476635514,1.4859,0.964888551401869,1,5.1888,29.1854545457827,80.8299999999963,36.4699999999957,0.450000000000728,0,1
2026-09-10 00:54:35,M3,E4,3,SUCCESS,97.0100000000002,92.7414830049603,0.4057,2.25368981481481,1.61675,0.95277662037037,1,4.5074,14.7572727274387,79.7899999999991,31.3600000000006,0.579999999999927,0,1
2026-09-10 00:56:18,M3,E4,4,SUCCESS,96.0100000000002,92.7249169496568,0.428,2.04161370192308,1.434,0.963774038461539,1,8.2183,47.1830769233674,80.5399999999991,39.0500000000029,0.539999999999054,0,1
2026-09-10 00:58:02,M3,E4,5,SUCCESS,96.7399999999998,92.9218638098167,0.4015,2.20153148148148,1.58215,0.956033796296296,1,3.6711,17.4342857143582,80.7399999999998,34.659999999998,0.389999999999418,0,1
2026-09-10 00:59:45,M3,E4,6,SUCCESS,96.7600000000002,93.2028583517524,0.4134,2.03640023310023,1.4294,0.959681118881119,1,7.4807,38.8849999997406,82.5200000000004,40.7500000000018,0.460000000000946,0,1
2026-09-10 01:01:28,M3,E4,7,SUCCESS,96.25,92.7684333861777,0.4137,2.00987868852459,1.4655,0.961848009367681,1,7.7254,40.3107692310174,82.5299999999988,40.6400000000067,0.399999999999636,0,1
2026-09-10 01:03:11,M3,E4,8,SUCCESS,96.1800000000003,92.9796370370807,0.4051,2.04840700934579,1.4407,0.963505140186916,1,7.091,35.5989999998705,82.25,39.3700000000026,0.430000000000291,0,1
2026-09-10 01:04:54,M3,E4,9,SUCCESS,96.1499999999996,92.8974996463008,0.4148,1.80858855140187,1.47405,0.963367056074766,1,4.2435,16.7035714286409,84.6700000000001,40.3100000000013,0.389999999999418,0,1
2026-09-10 01:06:37,M3,E4,10,SUCCESS,95.7499999999982,92.6112318154056,0.4116,2.02128235294118,1.4765,0.964092235294118,1,4.5659,15.9423076922943,81.4699999999957,39.559999999994,0.430000000000291,0,1
2026-09-10 01:08:19,M4,E1,1,SUCCESS,95.25,92.5523713288248,0.6992,12.8785754060325,10.915,0.966447331786543,1,5.0061,20.8919047616297,20.7300000000032,4.04000000000451,0,0,1
2026-09-10 01:10:02,M4,E1,2,SUCCESS,95.630000000001,92.9070358318687,0.5906,12.9800733178654,9.5535,0.970600928074246,1,8.3773,50.4218181815514,19.5299999999988,2.12999999999738,0,0,1
2026-09-10 01:11:44,M4,E1,3,SUCCESS,95.3999999999978,92.732436241512,0.6116,13.036668591224,10.1089,0.970298614318707,1,7.5385,39.2672727270649,20.4700000000012,3.9800000000032,0,0,1
2026-09-10 01:13:25,M4,E1,4,SUCCESS,95.4500000000007,92.744741187912,0.562,12.9058879069767,9.83445,0.969701860465116,1,6.1332,24.1609090907812,20.2299999999996,3.2300000000032,0,0,1
2026-09-10 01:15:08,M4,E1,5,SUCCESS,95.4400000000023,93.1228263201305,0.6333,13.0619811320755,10.5671,0.974229009433962,1,7.4467,31.30333333265,21.1700000000019,3.53000000000247,0,0,1
2026-09-10 01:16:49,M4,E1,6,SUCCESS,95.0900000000001,92.6964753110563,0.5852,12.970701627907,9.36625,0.974362558139535,1,9.8421,73.9730000010765,19.6799999999894,2.56000000000131,0,0,1
2026-09-10 01:18:31,M4,E1,7,SUCCESS,95.369999999999,92.9220699615397,0.4681,13.1391652680653,10.4,0.970536596736597,1,4.3481,25.8427272725905,21.5300000000061,3.36999999999898,0,0,1
2026-09-10 01:20:14,M4,E1,8,SUCCESS,95.5600000000013,92.9005685216865,0.6733,12.9060465909091,10.465,0.970189318181818,1,6.2787,22.7746666664457,20.3599999999969,3.27000000000044,0,0,1
2026-09-10 01:21:56,M4,E1,9,SUCCESS,95.7000000000007,92.9053394173677,0.5306,12.9167618604651,10.9444,0.967106279069767,1,6.0639,22.3126315791012,18.7599999999984,2.93999999999869,0,0,1
2026-09-10 01:23:38,M4,E1,10,SUCCESS,95.4399999999987,93.0518164526255,0.6037,13.1720104895105,10.2076,0.973293939393939,1,8.8725,57.0018181834018,21.1899999999987,3.04000000000087,0,0,1
2026-09-10 01:25:20,M4,E2,1,SUCCESS,95.1899999999987,92.8460931865143,0.4728,5.32092710280374,4.1391,0.972368925233645,1,8.4998,48.0408333337411,29.2700000000041,6.43000000000757,0,0,1
2026-09-10 01:27:02,M4,E2,2,SUCCESS,95.6200000000026,92.80938261631,0.4754,5.37496914153132,4.1774,0.969376334106729,1,7.6934,39.5035714287357,28.8400000000001,6.45000000000437,0,0,1
2026-09-10 01:28:45,M4,E2,3,SUCCESS,95.1800000000003,92.6959517496255,0.4667,5.39603822843823,4.1798,0.973067832167832,1,5.528,27.9366666663956,28.8499999999985,5.46000000000276,0,0,1
2026-09-10 01:30:27,M4,E2,4,SUCCESS,95.0600000000013,92.5122564637504,0.4726,5.24069744186047,4.11255,0.970883488372093,1,5.6578,27.6754545453081,29.4100000000035,6.58000000000175,0,0,1
2026-09-10 01:32:09,M4,E2,5,SUCCESS,95.380000000001,92.7462358090432,0.4688,5.11648098591549,4.0171,0.969278403755868,1,8.906,54.8233333337987,30.8799999999974,6.2400000000016,0,0,1
2026-09-10 01:33:50,M4,E2,6,SUCCESS,95.1599999999999,92.7120584623393,0.47,5.26831235431235,4.1424,0.971319114219114,1,4.5526,21.1587500000192,30.0699999999961,6.2300000000032,0,0,1
2026-09-10 01:35:33,M4,E2,7,SUCCESS,95.2000000000007,92.7782407678053,0.4758,5.26471395348837,4.1322,0.972332093023256,1,5.7782,27.477692307477,30.6100000000006,6.31000000000131,0,0,1
2026-09-10 01:37:14,M4,E2,8,SUCCESS,95.3499999999985,92.8983188020147,0.4673,5.41094028103044,4.1526,0.971769086651054,1,6.4857,23.143333333179,29.1699999999983,6.37999999999738,0,0,1
2026-09-10 01:38:57,M4,E2,9,SUCCESS,95.2400000000016,92.6613382929552,0.4813,5.43895139534884,4.17865,0.97090511627907,1,7.1595,34.9607692314736,29.260000000002,6.21999999999389,0,0,1
2026-09-10 01:40:39,M4,E2,10,SUCCESS,95.4400000000023,92.8645248106888,0.4757,5.34931183294664,4.1373,0.971759164733179,1,6.0911,32.9109090907349,29.4300000000039,6.46999999999753,0,0,1
2026-09-10 01:42:21,M4,E3,1,SUCCESS,95.5900000000001,93.0076455696456,0.4872,6.02810885167464,5.23615,0.968856459330144,1,6.1057,23.2399999998179,40.8699999999953,16.4799999999996,0,0,1
2026-09-10 01:44:03,M4,E3,2,SUCCESS,95.0600000000013,92.6732481499563,0.469,6.45390192307693,5.825,0.972461778846154,1,6.7529,30.3741666660037,36.0299999999916,5.40999999999985,0,0,1
2026-09-10 01:45:46,M4,E3,3,SUCCESS,95.5099999999984,92.7011288090725,0.4686,6.14711310344827,5.2643,0.968205517241379,1,3.8874,18.8030769229296,37.0699999999961,6.20000000000073,0,0,1
2026-09-10 01:47:27,M4,E3,4,SUCCESS,95.4300000000003,92.780623198474,0.472,5.94484032634033,5.0418,0.96966013986014,1,8.5944,51.0566666671001,42.4399999999987,15.2400000000052,0,0,1
2026-09-10 01:49:09,M4,E3,5,SUCCESS,95.2200000000012,92.7047667097286,0.4794,6.01316555819477,5.1562,0.971050118764846,1,3.9133,18.4071428572194,40.1399999999994,16.5099999999984,0,0,1
2026-09-10 01:50:52,M4,E3,6,SUCCESS,95.3499999999985,92.8901371751166,0.4732,6.03256960556845,5.1588,0.971749419953596,1,8.4579,46.3100000003931,40.2099999999955,16.6299999999974,0,0,1
2026-09-10 01:52:34,M4,E3,7,SUCCESS,95.5999999999985,92.9233396946654,0.4668,6.4790120649652,5.9139,0.970964733178654,1,9.8062,73.0959999984045,34.4199999999983,5.9900000000016,0,0,1
2026-09-10 01:54:16,M4,E3,8,SUCCESS,95.9099999999999,93.145644331851,0.4701,5.92558747099768,4.8767,0.96851252900232,1,4.7077,32.4627272736291,40.6300000000047,16.2999999999993,0,0,1
2026-09-10 01:55:58,M4,E3,9,SUCCESS,94.9499999999971,92.6843166960661,0.4714,6.22125139534884,5.7455,0.972826511627907,1,7.4538,38.1125000003235,40.6200000000026,17.0600000000013,0,0,1
2026-09-10 01:57:40,M4,E3,10,SUCCESS,95.4099999999999,92.7962578388215,0.4734,6.2700112412178,6.0663,0.971456674473068,1,7.4436,34.095714285856,36.0399999999972,16.9699999999939,0,0,1
2026-09-10 01:59:23,M4,E4,1,SUCCESS,96.4699999999975,92.6953392990743,0.4504,2.34336170212766,1.3427,0.95915390070922,1,8.4302,49.2249999989255,81.2899999999972,43.799999999992,0,0,1
2026-09-10 02:01:07,M4,E4,2,SUCCESS,97.2799999999988,93.1545210120642,0.4678,2.54746976744186,1.5779,0.95387976744186,1,4.8491,30.2090909089311,76.7299999999996,34.3600000000042,0,0,1
2026-09-10 02:02:51,M4,E4,3,SUCCESS,96.4099999999999,92.9057253004603,0.4681,2.33715475638051,1.2291,0.962809976798144,1,7.672,40.681666667012,81.6700000000019,47.4300000000003,0,0,1
2026-09-10 02:04:34,M4,E4,4,SUCCESS,97.0999999999985,93.0223627712746,0.4488,2.53332662037037,1.4078,0.956470601851852,1,7.518,37.2784615381694,78.8199999999961,41.2500000000146,0.259999999998399,0,1
2026-09-10 02:06:17,M4,E4,5,SUCCESS,96.2000000000007,92.6264877985861,0.4336,2.34652352941177,1.3039,0.959029647058824,1,5.0431,19.6473913040744,80.7000000000007,43.9799999999996,0.299999999999272,0,1
2026-09-10 02:08:00,M4,E4,6,SUCCESS,96.3600000000006,92.6061582876742,0.49,2.46635373831776,1.59625,0.959144158878505,1,7.4058,36.1823076920242,78.0099999999984,35.9500000000007,0,0,1
2026-09-10 02:09:44,M4,E4,7,SUCCESS,96.619999999999,93.0587402537953,0.4669,2.35685341176471,1.3753,0.961537647058823,1,7.4199,34.6442857144298,81.5799999999981,41.9499999999971,0,0,1
2026-09-10 02:11:27,M4,E4,8,SUCCESS,96.3400000000001,92.7318074509035,0.4668,2.40050046728972,1.33495,0.959793691588785,1,9.0022,59.8263636360471,80.7100000000028,43.2099999999991,0,0,1
2026-09-10 02:13:10,M4,E4,9,SUCCESS,95.869999999999,92.8650097830713,0.4786,2.26254714285714,1.4913,0.965442380952381,1,6.4382,30.2325000002566,82.5699999999997,43.8299999999981,0,0,1
2026-09-10 02:14:53,M4,E4,10,SUCCESS,95.8499999999985,92.7036831308775,0.3997,2.36606752941176,1.4672,0.963179529411765,1,4.4171,26.9575000002288,81.1499999999978,39.6700000000019,0.259999999998399,0,1
2026-09-10 02:16:38,B1,E1,1,SUCCESS,96.6899999999987,93.8071278555732,0.8302,9.09344516129032,5.58985,0.970443548387096,1.0605,0.9501,1.74444444444162,29.75,3.10000000000218,0,0.600000000002183,2
2026-09-10 02:18:25,B1,E1,2,SUCCESS,98.6899999999987,94.3187040006134,0.602,11.5077365853659,8.8302,0.952593766937669,1.0598,1.5733,3.98200000000966,21.1799999999967,2.93000000000757,0,1.54999999999927,3
2026-09-10 02:20:09,B1,E1,3,SUCCESS,98.489999999998,94.0721872981539,0.8948,13.6994774611399,11.74945,0.954340414507772,1.0554,1.4729,3.91655172417527,15.7099999999991,2.18000000000029,0,1.53999999999724,3
2026-09-10 02:21:56,B1,E1,4,SUCCESS,98.5400000000009,94.1524619523389,0.9806,13.4274844559585,9.0979,0.953288082901555,1.0605,1.5281,4.19785714282005,20.2499999999964,1.39000000000306,0,1.72999999999956,3
2026-09-10 02:23:41,B1,E1,5,SUCCESS,98.6399999999994,94.2690633960637,1.0394,12.7795563307494,8.5166,0.956808785529716,1.0637,1.8144,5.35964285716514,27.1899999999951,2.12999999999738,0,1.31000000000131,3
2026-09-10 02:25:26,B1,E1,6,SUCCESS,98.880000000001,94.3310489850554,0.984,13.478050129199,10.6604,0.952991472868217,1.0531,2.126,7.67041666673178,21.1399999999994,1.54999999999563,0,1.81000000000131,3
2026-09-10 02:27:12,B1,E1,7,SUCCESS,98.4000000000015,94.0111869124364,0.7016,14.1106472584856,12.445,0.957288250652742,1.0596,1.7924,4.5318181817942,15.4200000000019,1.29999999999927,0,1.72000000000116,3
2026-09-10 02:28:58,B1,E1,8,SUCCESS,98.739999999998,94.3258177742342,0.393,11.2836642487047,8.00305,0.953882901554404,1.068,1.8322,5.51148148154683,27.0400000000009,7.14999999999418,0.849999999998545,1.51000000000204,3
2026-09-10 02:30:44,B1,E1,9,SUCCESS,98.5299999999988,94.0763145896515,0.9931,12.0115297927461,7.35165,0.954339896373057,1.0577,1.4211,4.19185185184507,24.4399999999987,1.38000000000102,0,1.29999999999927,3
2026-09-10 02:32:29,B1,E1,10,SUCCESS,98.4700000000012,94.0901585456132,0.9434,12.3511854166667,9.48775,0.954733854166667,1.0543,1.481,4.28296296295604,23.0099999999948,1.35999999999694,0,1.60000000000218,3
2026-09-10 02:34:14,B1,E2,1,SUCCESS,98.6599999999999,94.2708440412767,0.645,8.2827362924282,6.8682,0.954436031331593,1.0534,2.0081,6.6253846153327,26.7599999999984,5.06999999999971,0,1.58000000000175,3
2026-09-10 02:36:00,B1,E2,2,SUCCESS,98.4399999999987,94.0814572935632,0.7536,7.82418188976378,6.4777,0.955153018372703,1.0572,1.2981,3.43714285715715,29.5699999999997,3.31999999999971,0,1.65000000000146,3
2026-09-10 02:37:46,B1,E2,3,SUCCESS,98.8100000000013,94.4091159813803,0.3494,9.62026666666666,6.6591,0.956306824146982,1.0553,1.1171,3.2257142857277,29.2300000000032,3.60999999999694,0.31000000000131,1.12000000000262,3
2026-09-10 02:39:32,B1,E2,4,SUCCESS,98.6800000000003,94.3115342085066,0.597,9.59594595300261,6.9107,0.957599738903394,1.0587,1.3675,3.23750000000294,27,3.10999999999694,0,1.69999999999709,3
2026-09-10 02:41:17,B1,E2,5,SUCCESS,98.7999999999993,94.2680612914202,0.6852,10.4790677922078,7.3405,0.955395324675325,1.0597,1.3098,3.23733333334118,21.4799999999959,1.57000000000698,0,1.59000000000015,3
2026-09-10 02:43:10,B1,E2,6,SUCCESS,98.75,94.2894540918909,0.7736,9.09934345549738,6.49045,0.956696858638743,1.056,1.3549,2.74424242425816,28.9300000000076,2.93999999999869,0,1.58000000000175,3
2026-09-10 02:44:55,B1,E2,7,SUCCESS,98.5299999999988,94.1629172674682,0.7385,9.19484987012987,6.5819,0.955348571428571,1.0646,1.4054,3.33866666667476,29.9799999999959,3.20999999999549,0,1.55000000000291,3
2026-09-10 02:46:41,B1,E2,8,SUCCESS,98.4099999999999,93.9891460101851,0.8275,8.17015984251968,6.8674,0.95803595800525,1.0665,1.5191,4.09034482757389,27.6000000000022,3.67999999999665,0,1.51000000000204,3
2026-09-10 02:48:27,B1,E2,9,SUCCESS,98.7000000000007,94.2941530969207,0.941,10.3420421875,7.3928,0.954469270833333,1.0588,1.4176,4.16115384617946,21.5900000000001,1.43000000000393,0,1.33999999999651,3
2026-09-10 02:50:12,B1,E2,10,SUCCESS,98.4199999999983,94.0852337001586,0.9421,7.76648917525773,6.285,0.95912087628866,1.0596,1.2788,2.50090909092343,27.4799999999996,1.5099999999984,0,1.77000000000044,3
2026-09-10 02:51:57,B1,E3,1,SUCCESS,98.6599999999999,94.1766614784806,0.3075,9.15122506527415,6.8774,0.955417232375979,1.0703,1.4204,3.89793103451992,29.2900000000009,4.28000000000247,0.340000000000146,1.32999999999811,3
2026-09-10 02:53:44,B1,E3,2,SUCCESS,98.7900000000009,94.2627051571132,0.7985,10.5288956410256,9.00185,0.955248205128205,1.061,1.4729,4.19444444443766,24.0200000000041,2.99000000000524,0,1.59000000000015,3
2026-09-10 02:55:29,B1,E3,3,SUCCESS,98.7000000000007,94.2598648989881,0.4138,13.3761041666667,8.44815,0.955898177083334,1.0608,1.69,5.10571428573551,24.940000000006,2.90000000000146,0.270000000000437,1.56999999999971,3
2026-09-10 02:57:15,B1,E3,4,SUCCESS,98.630000000001,94.2204966956685,0.8343,8.5463920212766,10.316,0.955110638297872,1.0598,1.3456,3.24967741937925,26.7900000000009,4.44000000000233,0,1.31999999999971,3
2026-09-10 02:59:01,B1,E3,5,SUCCESS,98.7800000000025,94.3426639862309,0.8456,10.8441744845361,7.4502,0.95711881443299,1.0509,1.5628,4.4537037036965,26.3499999999949,3.17000000000553,0,1.45000000000073,3
2026-09-10 03:00:46,B1,E3,6,SUCCESS,98.6399999999994,94.2185285161647,0.9697,12.7597561357702,8.686,0.956744908616188,1.0566,1.2788,3.9995652173989,29.7999999999956,1.33000000000175,0,1.70000000000073,3
2026-09-10 03:02:32,B1,E3,7,SUCCESS,98.5200000000004,94.1079834643842,0.7949,10.7871661417323,9.1339,0.957274803149606,1.0537,1.639,5.30461538457382,22.8600000000042,2.2599999999984,0,1.70000000000437,3
2026-09-10 03:04:18,B1,E3,8,SUCCESS,98.5999999999985,94.2780596125065,0.7793,8.12272041343669,6.4456,0.95680826873385,1.065,1.7717,4.28393939396395,32.0900000000001,2.07999999999811,0,1.63999999999942,3
2026-09-10 03:06:04,B1,E3,9,SUCCESS,98.4500000000007,94.0878095641104,0.8602,10.8880375661376,8.7486,0.955149206349206,1.0561,1.2221,2.61727272728773,22.1900000000023,1.88000000000102,0,1.57999999999811,3
2026-09-10 03:07:50,B1,E3,10,SUCCESS,98.630000000001,94.2766717132329,0.4613,12.4833343832021,8.8101,0.954545406824147,1.0583,1.4724,3.3709677419608,26.8899999999994,1.84999999999491,0,1.5,3
2026-09-10 03:09:36,B1,E4,1,SUCCESS,98.9399999999987,94.426188041182,0.7187,4.04361771428572,3.52035,0.953327714285714,1.0598,1.6479,4.82464285716292,50.3600000000042,8.21999999999389,0,1.7599999999984,3
2026-09-10 03:11:23,B1,E4,2,SUCCESS,98.6899999999987,94.2352103129276,0.3186,3.95667507246377,3.545,0.955851594202899,1.0536,1.2522,3.07296296295799,52.1100000000042,8.47999999999229,0.319999999999709,1.56000000000131,3
2026-09-10 03:13:09,B1,E4,3,SUCCESS,98.8100000000013,94.2993426307983,0.5392,4.15854985590778,3.5707,0.956635158501441,1.0593,1.2221,2.95862068964626,51.5200000000077,8.2200000000048,0,1.21999999999753,3
2026-09-10 03:14:55,B1,E4,4,SUCCESS,98.4799999999996,94.0492142667639,0.5621,4.01460617977528,3.4148,0.954261235955056,1.0506,1.7212,4.44103448280096,52.8700000000063,9.62999999999374,0,1.63999999999942,3
2026-09-10 03:16:40,B1,E4,5,SUCCESS,98.6500000000015,94.1976423477026,0.573,4.17270113960114,3.7018,0.954206552706553,1.0522,1.5135,4.26535714281946,48.5700000000033,7.11999999999534,0,1.67000000000189,3
2026-09-10 03:18:27,B1,E4,6,SUCCESS,98.9000000000015,94.4704613749351,0.7196,4.21544488636364,3.47655,0.954376988636364,1.049,1.5101,3.89300000000944,52.1999999999935,9.39000000000669,0,1.7400000000016,3
2026-09-10 03:20:13,B1,E4,7,SUCCESS,98.8400000000001,94.276345140056,0.7149,3.64154102564102,3.4186,0.952645584045584,1.0548,3.4346,11.2671428570433,54.8500000000022,8.12000000000262,0,1.70999999999913,3
2026-09-10 03:21:58,B1,E4,8,SUCCESS,98.8199999999997,94.4016267381487,0.531,3.9774186440678,3.34065,0.954775423728814,1.0497,1.8425,5.69464285716653,55.2199999999975,9.11000000000058,0,1.45000000000073,3
2026-09-10 03:23:44,B1,E4,9,SUCCESS,98.4500000000007,94.0799775852777,0.6193,4.13701242937853,3.592,0.959306779661017,1.0482,1.4187,3.01470588235165,50,7.11999999999898,0,1.30999999999767,3
2026-09-10 03:25:30,B1,E4,10,SUCCESS,98.6099999999969,94.2418535266692,0.5758,4.10193846153846,3.4816,0.955976923076923,1.054,1.7789,5.02857142859234,52.8600000000006,9.39000000000306,0,1.49999999999636,3
2026-09-10 03:27:13,B2,E1,1,SUCCESS,96.8300000000017,93.2040144824465,0.6211,12.9274370892019,10.1958,0.960098591549296,1,5.4547,20.6826315790899,28.7599999999984,6.45000000000437,0,0,1
2026-09-10 03:28:55,B2,E1,2,SUCCESS,95.1599999999999,93.0066138925533,0.615,12.5760869879518,10.8685,0.975303855421687,1,6.491,27.874615384397,27.1199999999917,7.30000000000291,0,0,1
2026-09-10 03:30:37,B2,E1,3,SUCCESS,95.0799999999981,93.247485154329,0.7555,12.7056287439614,10.20625,0.979392270531401,1,6.7914,28.340000000571,27.6899999999951,5.77000000000407,0,0,1
2026-09-10 03:32:18,B2,E1,4,SUCCESS,94.4200000000019,92.775649325728,0.4773,12.7828198067633,8.27605,0.978942753623188,1,5.537,32.4607142858492,28.8000000000065,13.1100000000006,0,0,1
2026-09-10 03:33:59,B2,E1,5,SUCCESS,94.489999999998,92.9910557211268,0.5857,12.6050417840376,8.4423,0.982133098591549,1,6.2628,21.9030769235182,26.2799999999916,11.190000000006,0,0,1
2026-09-10 03:35:41,B2,E1,6,SUCCESS,94.2299999999996,93.0358681820965,0.6968,12.8444843601896,11.0176,0.985324407582938,1,7.7511,43.6433333323807,25.0699999999997,4.61999999999898,0,0,1
2026-09-10 03:37:21,B2,E1,7,SUCCESS,93.9599999999991,92.7346245256431,0.6447,13.1437619952494,11.161,0.985798574821853,1,9.0237,57.9908333338256,24.7400000000016,5.14999999999782,0,0,1
2026-09-10 03:39:02,B2,E1,8,SUCCESS,93.8400000000001,92.657699875232,0.6591,13.1333654117647,11.9252,0.985050823529412,1,5.2365,26.5533333335587,21.0099999999984,4.9900000000016,0,0,1
2026-09-10 03:40:42,B2,E1,9,SUCCESS,93.5999999999985,92.5270632944666,0.7791,13.7895237410072,13.2119,0.986018225419664,1,4.4514,20.912307692729,18.6299999999937,6.66999999999462,0,0,1
2026-09-10 03:42:22,B2,E1,10,SUCCESS,93.5400000000009,92.6153289856742,0.6974,12.8709023584906,11.3215,0.98767570754717,1,7.0099,33.0650000002807,23.5400000000009,6.31999999999971,0,0,1
2026-09-10 03:44:02,B2,E2,1,SUCCESS,93.489999999998,92.5789012595296,0.5707,6.73482196261682,4.53405,0.989118925233645,1,6.6741,27.5900000001147,35.3799999999974,16.1100000000006,0,0,1
2026-09-10 03:45:42,B2,E2,2,SUCCESS,93.5499999999993,92.5603073988309,0.5315,5.59959976019185,4.5697,0.98788273381295,1,5.2627,22.1280952381872,31.6599999999962,12.4200000000019,0,0,1
2026-09-10 03:47:23,B2,E2,3,SUCCESS,93.5999999999985,92.7671761888808,0.5352,6.19596176470588,4.59355,0.988841911764706,1,4.4879,29.9427272735591,33.7099999999991,14.3199999999997,0,0,1
2026-09-10 03:49:03,B2,E2,4,SUCCESS,93.4300000000003,92.6224537263508,0.5564,6.18212945368171,4.6393,0.990564133016627,1,8.7252,54.1810000007884,33.0499999999956,14.3500000000022,0,0,1
2026-09-10 03:50:44,B2,E2,5,SUCCESS,93.2700000000004,92.648338463518,0.5984,6.89869350348028,4.6894,0.989624129930395,1,6.9752,43.2672727270438,32.4899999999943,16.0699999999997,0,0,1
2026-09-10 03:52:23,B2,E2,6,SUCCESS,93.25,92.5169684802049,0.5884,6.93577042253521,4.67355,0.990343427230047,1,3.7084,18.3769230772934,31.75,14.9600000000028,0,0,1
2026-09-10 03:54:03,B2,E2,7,SUCCESS,93.1899999999987,92.6138667430535,0.6723,2.40826509433962,2.27215,0.990919103773585,1,7.103,32.4892307689762,73.7999999999956,20.8199999999997,0,0,1
2026-09-10 03:55:43,B2,E2,8,SUCCESS,93.3300000000017,92.5709840639543,0.5975,6.70739427207637,4.6285,0.991408353221957,1.0005,7.9447,38.8292307700131,32.7899999999972,13.6400000000031,0,0,1
2026-09-10 03:57:23,B2,E2,9,SUCCESS,93.0800000000017,92.4827683035045,0.6964,6.67916682464455,4.6668,0.991544312796208,1,8.3372,48.6425000004129,31.7700000000004,13.8200000000033,0,0,1
2026-09-10 03:59:02,B2,E2,10,SUCCESS,93.1299999999974,92.4169160885776,0.6857,2.33780191846523,1.9675,0.991756834532374,1,7.445,32.3169230766699,74.5399999999972,18.0400000000045,0,0,1
2026-09-10 04:00:42,B2,E3,1,SUCCESS,93.1800000000003,92.660052605247,0.6504,7.89048902147971,8.547,0.991422673031026,1,7.5892,37.9176923073952,28.4799999999996,13.6999999999971,0,0,1
2026-09-10 04:02:22,B2,E3,2,SUCCESS,93.369999999999,92.6265007377113,0.5605,6.76802056737589,8.1691,0.990782505910165,1,5.3843,21.0590909089795,26.1100000000006,12.2299999999996,0,0,1
2026-09-10 04:04:03,B2,E3,3,SUCCESS,93.3100000000013,92.6548218817414,0.614,3.58891850961538,1.9304,0.991405288461538,1,3.859,15.9014285714947,65.0000000000036,18.9100000000071,0,0,1
2026-09-10 04:05:43,B2,E3,4,SUCCESS,93.2099999999991,92.6437579298303,0.5565,3.49543599033816,1.945,0.991528260869565,1,6.7874,27.0831818184864,64.9799999999959,24.3199999999997,0,0,1
2026-09-10 04:07:22,B2,E3,5,SUCCESS,93.0499999999993,92.4374385142438,0.6365,8.00173918269231,7.61705,0.991056730769231,1,5.7107,27.5366666666221,28.2999999999993,14.1699999999946,0,0,1
2026-09-10 04:09:02,B2,E3,6,SUCCESS,93.119999999999,92.5398757642954,0.6464,6.69096891566265,8.2342,0.990271325301205,1,5.5011,23.5016666668662,29.8900000000031,14.5299999999988,0,0,1
2026-09-10 04:10:42,B2,E3,7,SUCCESS,93.1800000000003,92.5790263187827,0.5672,3.08633365155131,1.8104,0.991645107398568,1,7.074,32.1430769237246,70.5999999999985,28.3300000000017,0,0,1
2026-09-10 04:12:21,B2,E3,8,SUCCESS,92.9199999999983,92.3221289692907,0.7237,7.53935563549161,8.3899,0.991859712230216,1,6.6785,26.5800000005356,28.4100000000035,16.309999999994,0,0,1
2026-09-10 04:14:01,B2,E3,9,SUCCESS,93.0799999999981,92.5588320114663,0.5259,8.45254497607655,8.21875,0.99175023923445,1,7.3816,32.5707692314255,27.5299999999952,13.3600000000006,0,0,1
2026-09-10 04:15:42,B2,E3,10,SUCCESS,92.9799999999996,92.5477274965114,0.5624,3.52088540669857,1.9149,0.991542344497607,1,6.4902,24.3315789475361,64.6100000000006,23.8099999999977,0,0,1
2026-09-10 04:17:22,B2,E4,1,SUCCESS,93.4399999999987,92.8478181305402,0.5559,1.45481947115385,1.5381,0.991047596153846,1,4.2327,14.5148,93.4399999999987,25.2500000000036,0,0,1
2026-09-10 04:19:01,B2,E4,2,SUCCESS,93.2599999999984,92.6493909105249,0.5858,1.41908961352657,1.41345,0.989628260869565,1,5.8732,21.2100000001462,93.2599999999984,30.5300000000134,0,0,1
2026-09-10 04:20:42,B2,E4,3,SUCCESS,93.8199999999997,93.0902725351289,0.6494,2.75334452380952,1.64015,0.98896880952381,1,6.8309,34.0476470591733,71.2299999999996,22,0,0.110000000000582,2
2026-09-10 04:22:23,B2,E4,4,SUCCESS,93.7400000000016,92.7789847769789,0.5688,2.81740239808154,1.6287,0.988371942446043,1,7.6619,35.7092857144342,68.3900000000031,17.6899999999987,0,0,1
2026-09-10 04:24:04,B2,E4,5,SUCCESS,93.5400000000009,92.7233481642283,0.5806,2.83647912621359,1.6169,0.98878713592233,1,5.6554,31.4188888888381,69.7000000000007,17.4199999999946,0,0.130000000001019,2
2026-09-10 04:25:43,B2,E4,6,SUCCESS,93.5900000000001,92.8176714520192,0.6869,2.62328129496403,1.5049,0.98818345323741,1,4.7914,18.9363636365766,72.3600000000006,25.8899999999958,0,0,1
2026-09-10 04:27:24,B2,E4,7,SUCCESS,93.5200000000004,92.7229088791271,0.6624,2.70974188861985,1.6193,0.98847602905569,1,5.5801,30.486470587896,69.489999999998,19.2200000000012,0,0,1
2026-09-10 04:29:04,B2,E4,8,SUCCESS,93.9399999999987,93.0232985450193,0.6003,2.85223,1.62735,0.988842380952381,1,6.8527,28.4257142858325,70.9099999999999,22.4300000000003,0,0,1
2026-09-10 04:30:44,B2,E4,9,SUCCESS,93.6699999999983,92.930929690215,0.5975,2.74461868932039,1.63605,0.988913834951456,1,7.6502,41.391666667018,70.4699999999939,21.9700000000048,0,0,1
2026-09-10 04:32:26,B2,E4,10,SUCCESS,94.0400000000009,93.0949382531561,0.3782,1.45470911392405,1.5567,0.987792405063291,1,5.2132,19.6485714281425,94.0400000000009,25.2299999999996,0.319999999999709,0,1
2026-09-10 04:34:09,B3,E1,1,SUCCESS,96.2599999999984,93.1257086416767,0.5568,12.8376596810934,8.5131,0.962434851936218,1,2.8047,16.0747058825181,34.010000000002,17.3500000000022,0,0,1
2026-09-10 04:35:52,B3,E1,2,SUCCESS,95.8400000000001,92.7633794198974,0.6433,12.7016438515081,8.2287,0.964275174013921,1,3.2383,21.6421428572328,34.4100000000035,16.2400000000016,0,0,1
2026-09-10 04:37:34,B3,E1,3,SUCCESS,95.6200000000026,92.7693572280851,0.5495,12.2615090277778,6.8471,0.964715740740741,1,2.8549,20.5853846152233,33.9999999999964,18.2299999999923,0,0,1
2026-09-10 04:39:17,B3,E1,4,SUCCESS,96.1100000000006,93.0191367454345,0.6696,12.6629972286374,7.1693,0.962801847575058,1,3.0442,27.0909090907657,33.049999999992,15.4099999999962,0,0,1
2026-09-10 04:41:00,B3,E1,5,SUCCESS,95.5300000000025,92.668798117633,0.6483,12.0125668213457,7.1243,0.965990487238979,1,3.6014,26.8100000002276,35.5899999999965,19.9799999999959,0,0,1
2026-09-10 04:42:42,B3,E1,6,SUCCESS,95.8199999999997,92.8916392090874,0.6077,12.3548523255814,7.28055,0.967097674418605,1,3.7139,29.7354545452972,36.5200000000041,19.0800000000017,0,0,1
2026-09-10 04:44:25,B3,E1,7,SUCCESS,95.9199999999983,93.0788270416367,0.6115,12.1638900692841,7.0295,0.965263972286374,1,3.5398,26.8399999994141,36.4900000000016,17.3700000000026,0,0.239999999997963,2
2026-09-10 04:46:08,B3,E1,8,SUCCESS,96.130000000001,93.245844144589,0.6577,12.1775228637413,7.4534,0.965686374133949,1,4.2046,34.3041666669579,35.7300000000068,17.8799999999974,0,0,1
2026-09-10 04:47:50,B3,E1,9,SUCCESS,96.1499999999978,93.0999896069879,0.5261,12.2523046082949,7.6837,0.964076497695852,1,4.0384,37.4010000005443,36.7200000000048,18.4400000000023,0,0.0999999999985448,2
2026-09-10 04:49:33,B3,E1,10,SUCCESS,96.0099999999984,93.039445684045,0.6385,12.0075656612529,6.7408,0.965908584686775,1,3.3371,25.974999999433,37.4800000000068,17.8400000000038,0,0,1
2026-09-10 04:51:16,B3,E2,1,SUCCESS,95.3499999999985,92.6280736339031,0.6265,6.19873041474655,4.265,0.967015898617511,1,3.628,26.3176923074861,33.5400000000009,16.7699999999968,0,0,1
2026-09-10 04:52:57,B3,E2,2,SUCCESS,95.5800000000017,92.7555144585584,0.6123,6.30044295612009,4.2744,0.966909237875288,1,2.9488,18.5749999995945,32.7099999999991,14.4499999999971,0,0.140000000003056,2
2026-09-10 04:54:40,B3,E2,3,SUCCESS,95.9399999999987,93.1201005104615,0.6328,6.30635435779817,4.24695,0.964561467889908,1,2.5952,14.6227272726499,32.2599999999984,15.3499999999985,0,0,1
2026-09-10 04:56:22,B3,E2,4,SUCCESS,95.8099999999977,92.9389922309923,0.5823,6.31817847222222,4.33035,0.967018518518518,1.0005,3.7361,28.264999999383,32.6800000000003,14.6199999999953,0,0,1
2026-09-10 04:58:05,B3,E2,5,SUCCESS,95.380000000001,92.6876088114231,0.6523,6.18718732718894,4.43875,0.967300460829493,1,3.006,20.129230769073,32.4000000000015,15.4799999999996,0,0,1
2026-09-10 04:59:47,B3,E2,6,SUCCESS,95.760000000002,92.9065497671508,0.6093,6.2218937062937,4.2987,0.96649696969697,1,3.1547,24.6316666668758,33.1700000000055,16.1400000000067,0,0,1
2026-09-10 05:01:30,B3,E2,7,SUCCESS,95.9199999999983,92.8422397891384,0.5789,6.05431392694064,4.1764,0.96575502283105,1,2.7619,24.3949999994675,33.6999999999971,12.2100000000028,0,0.209999999999127,2
2026-09-10 05:03:11,B3,E2,8,SUCCESS,95.2800000000025,92.6820372928129,0.5961,6.27231004784689,4.2942,0.968716507177034,1,3.1869,21.3528571429459,31.3199999999997,16.130000000001,0,0,1
2026-09-10 05:05:35,B3,E2,9,SUCCESS,95.6399999999994,92.7538375631227,0.6198,6.12228660714286,4.3674,0.966663392857143,1,3.1573,25.2760000003678,32.5999999999985,15.7099999999991,0,0.240000000001601,2
2026-09-10 05:07:17,B3,E2,10,SUCCESS,95.4799999999996,92.7496926272792,0.5474,6.08362147806005,4.2981,0.966632563510393,1.0005,2.9607,21.4561538459857,32.3199999999997,15.8399999999965,0,0.240000000001601,2
2026-09-10 05:09:00,B3,E3,1,SUCCESS,95.8400000000001,92.9273934144196,0.5352,7.26274646924829,5.0511,0.966565831435079,1,2.9856,23.0272727271509,41.5500000000065,13.0200000000004,0,0.130000000001019,2
2026-09-10 05:10:42,B3,E3,2,SUCCESS,95.3600000000006,92.8674184303737,0.5575,7.2172462962963,5.0976,0.968874074074074,1,3.5551,25.5876923074918,41.4199999999983,15.1700000000019,0,0,1
2026-09-10 05:12:23,B3,E3,3,SUCCESS,95.2999999999993,92.6670967286518,0.6039,7.28191468531468,5.8728,0.967852913752913,1,3.5104,28.6466666669098,40.2200000000012,12.1199999999953,0,0.25,2
2026-09-10 05:14:06,B3,E3,4,SUCCESS,95.3199999999997,92.7468811130689,0.549,7.17831087962963,5.3273,0.967792592592592,1,3.0503,16.0542105261191,41.119999999999,13.7800000000061,0,0,1
2026-09-10 05:15:49,B3,E3,5,SUCCESS,95.619999999999,92.9520107629288,0.6416,7.35278631090487,5.8675,0.968010440835267,1,4.076,30.8130769228355,39.2999999999993,10.6700000000019,0,0,1
2026-09-10 05:17:31,B3,E3,6,SUCCESS,95.7900000000009,93.1446352869779,0.6469,7.31546811926605,5.85285,0.969458944954128,1,2.9079,14.5394999999471,39.6000000000022,10.5499999999956,0,0,1
2026-09-10 05:19:13,B3,E3,7,SUCCESS,95.5,92.8787905852794,0.6675,7.01171093023256,5.17835,0.969426046511628,1,2.9046,18.278000000266,41.8800000000083,13.739999999998,0,0,1
2026-09-10 05:20:55,B3,E3,8,SUCCESS,95.4199999999983,92.6646728322361,0.7039,7.36089606481481,5.9141,0.968020138888889,1,3.7861,31.2445454543801,39.5399999999972,12.880000000001,0,0.110000000000582,2
2026-09-10 05:22:37,B3,E3,9,SUCCESS,95.4799999999996,92.8500430960699,0.5285,7.26501786542924,5.8775,0.969522969837587,1,5.1632,46.3290909088457,38.7499999999964,14.2500000000036,0,0,1
2026-09-10 05:24:19,B3,E3,10,SUCCESS,95.1699999999983,92.5266144225116,0.5734,7.18311224018476,5.9017,0.967900692840647,1,4.1473,30.2230769236859,39.4000000000015,12.1399999999994,0,0,1
2026-09-10 05:26:02,B3,E4,1,SUCCESS,95.989999999998,93.0931702314165,0.5765,3.10787365967366,2.2031,0.965628671328671,1,4.5704,45.2220000006581,74.3199999999997,19.2599999999984,0,0,1
2026-09-10 05:27:45,B3,E4,2,SUCCESS,95.9500000000007,92.8181568831999,0.5442,3.29623676814988,2.2084,0.963783606557377,1,2.8579,20.7181818180722,68.6500000000015,12.4699999999975,0,0,1
2026-09-10 05:29:28,B3,E4,3,SUCCESS,95.9400000000023,92.8229815604419,0.5817,3.30612447058824,2.2268,0.963941176470588,1,3.8542,31.5863636361965,67.5699999999961,12.9599999999955,0,0,1
2026-09-10 05:31:09,B3,E4,4,SUCCESS,95.9399999999987,92.980997292519,0.5788,3.31950657276995,2.25135,0.964495774647887,1,3.4961,25.2299999998023,67.3499999999985,11.0599999999977,0,0,1
2026-09-10 05:32:53,B3,E4,5,SUCCESS,96.1899999999987,92.9620006213528,0.5962,3.25017354988399,2.2325,0.962930858468677,1,3.3081,22.9307692305896,69.3000000000029,11.9200000000055,0,0,1
2026-09-10 05:34:35,B3,E4,6,SUCCESS,96.0200000000004,93.0849359856823,0.5027,3.31540461165048,2.24815,0.965432524271845,1,2.7389,18.8775000001602,68.0300000000025,10.5299999999988,0,0,1
2026-09-10 05:36:18,B3,E4,7,SUCCESS,95.6699999999983,92.7397112021074,0.5242,3.33462094763092,2.2936,0.964359102244389,1,3.1115,18.2462500000166,67.9800000000032,9.63999999999578,0,0,1
2026-09-10 05:38:01,B3,E4,8,SUCCESS,96.0200000000004,93.0902565190177,0.5561,3.32195407407407,2.2445,0.965421481481481,1,4.4665,40.2272727270599,67.8300000000054,12.6299999999974,0,0,1
2026-09-10 05:39:44,B3,E4,9,SUCCESS,95.9399999999987,92.9079009810375,0.6373,3.31580835322196,2.1887,0.964850357995227,1,4.0146,28.0214285715451,69.5200000000004,12.8799999999974,0,0,1
2026-09-10 05:41:27,B3,E4,10,SUCCESS,95.7299999999959,92.7084138234641,0.6195,3.21330207852194,2.2493,0.965472748267898,1,3.3483,23.8191666661467,69.6600000000035,12.2499999999782,0,0,1
2026-09-10 05:43:10,B4,E1,1,SUCCESS,97.4499999999971,97.1258743353403,0.978,12.775328,8.42075,0.994639111111111,1,1.8582,7.98500000030986,24.7200000000084,1.56999999999243,0,0,1
2026-09-10 05:44:55,B4,E1,2,SUCCESS,97.3600000000006,97.1260062048171,1.0113,13.1982330316742,9.3046,0.994331221719457,1,2.1123,4.68956521732603,23.0699999999924,1.06000000000495,0,0,1
2026-09-10 05:46:38,B4,E1,3,SUCCESS,97.3499999999985,97.1003929614944,1.0611,12.8079399548533,9.0824,0.994808577878104,1,1.7968,6.99384615359563,25.2399999999907,0.759999999994761,0,0,1
2026-09-10 05:48:24,B4,E1,4,SUCCESS,97.1899999999951,96.8086552742501,1.0135,14.0001485781991,8.6258,0.994472511848341,1,2.1408,4.82826086949801,22.2800000000061,1.52999999999884,0,0,1
2026-09-10 05:50:09,B4,E1,5,SUCCESS,97.0899999999965,96.8265489254579,0.8868,11.6811062034739,8.8755,0.99438635235732,1,1.7722,2.52857142858194,23.2800000000061,3.35000000000582,0,0,1
2026-09-10 05:51:53,B4,E1,6,SUCCESS,97.260000000002,96.9654048064009,0.9987,13.9274418390805,9.6954,0.994370344827586,1,2.0383,5.42444444443567,18.1200000000026,0.710000000006403,0,0,1
2026-09-10 05:53:37,B4,E1,7,SUCCESS,97.1899999999951,96.8796174310878,1.1289,13.6121225512529,8.6262,0.994276765375854,1,2.3136,9.8890000001439,19.5399999999936,0.72000000000844,0,0,1
2026-09-10 05:55:20,B4,E1,8,SUCCESS,97.3000000000029,97.0363291605454,0.9557,12.8617766439909,9.0034,0.994767573696145,1,2.0219,4.89200000007119,23.3600000000079,1.4800000000032,0,0,1
2026-09-10 05:57:04,B4,E1,9,SUCCESS,97.6200000000026,97.2839571669327,0.9879,13.3227210161663,9.4971,0.994488221709007,1,1.8908,4.8650000000708,22.3000000000029,0.720000000001164,0,0,1
2026-09-10 05:58:48,B4,E1,10,SUCCESS,97.5299999999988,97.1507701677238,1.0239,12.929445785877,8.0039,0.994186788154897,1,1.9193,3.70333333336477,24.9099999999962,1.26000000000204,0,0,1
2026-09-10 06:00:32,B4,E2,1,SUCCESS,97.3499999999985,96.9861480865147,0.5854,5.15843142201835,5.2633,0.994457110091743,1,2.0135,4.24217391298443,31.3899999999994,6.52999999999884,0,0,1
2026-09-10 06:02:16,B4,E2,2,SUCCESS,97.5299999999988,97.1632025944522,0.8635,5.38702591743119,5.26105,0.994337155963303,1,1.9993,4.1973913042894,29.9099999999962,3.35999999999331,0,0,1
2026-09-10 06:04:00,B4,E2,3,SUCCESS,97.2999999999956,96.9934073808291,0.5345,5.25933340857788,5.2188,0.994648306997743,1,2.252,5.73523809526194,30.4600000000064,5.09999999999127,0,0,1
2026-09-10 06:05:44,B4,E2,4,SUCCESS,97.5800000000017,97.1517176763588,0.5048,5.12426388888889,5.1693,0.994113194444444,1,2.3437,5.93409090905951,31.8399999999892,5.70999999999913,0,0,1
2026-09-10 06:07:28,B4,E2,5,SUCCESS,97.6399999999994,97.2524088069828,0.6044,5.22352152777778,5.24265,0.994034953703704,1,1.9012,3.88590909088853,30.2900000000081,4.75999999999476,0,0,1
2026-09-10 06:09:11,B4,E2,6,SUCCESS,97.2099999999991,96.8489749086274,0.5631,5.28627556053812,5.29725,0.994636547085202,1,2.2119,5.15000000009123,32.0599999999977,3.99999999999272,0,0,1
2026-09-10 06:10:55,B4,E2,7,SUCCESS,97.1399999999994,96.8815329019383,0.4736,5.15508220720721,5.18885,0.994826576576576,1,1.9374,3.89782608690227,31.6300000000047,4.75,0,0,1
2026-09-10 06:12:39,B4,E2,8,SUCCESS,97.3600000000006,97.0436959610887,0.5176,5.16022328159645,5.1789,0.99450133037694,1,1.894,3.67695652180427,32.1999999999971,5.61000000000058,0,0,1
2026-09-10 06:14:23,B4,E2,9,SUCCESS,97.0999999999985,96.8154482674858,0.6169,5.16276285714286,5.1876,0.994950329670329,1,1.9334,3.88739130441669,31.4300000000003,5.63999999999942,0,0,1
2026-09-10 06:16:05,B4,E2,10,SUCCESS,97.2699999999968,97.0619206438588,0.5314,5.26124549549549,5.20185,0.99434527027027,1,2.3031,9.17454545449691,30.4300000000076,3.36000000000786,0,0,1
2026-09-10 06:17:50,B4,E3,1,SUCCESS,97.25,96.9070297691409,0.9488,7.37297747747748,7.0347,0.994686936936937,1,2.563,7.7930000001134,25.8400000000038,2.56999999999243,0,0,1
2026-09-10 06:19:33,B4,E3,2,SUCCESS,97.4100000000035,97.1056921667599,0.8587,7.47173020134228,7.1199,0.994492170022371,1,2.0315,4.33260869572893,26.8900000000285,2.94000000000233,0,0,1
2026-09-10 06:21:17,B4,E3,3,SUCCESS,97.4000000000015,97.0850028616286,0.6982,7.03959369369369,6.50195,0.994179054054054,1,1.8883,3.98095238096893,29.8799999999974,5.25999999999476,0,0,1
2026-09-10 06:23:01,B4,E3,4,SUCCESS,97.3399999999965,97.0049428982736,0.7735,7.37395769230769,7.3102,0.994833031674208,1,1.7801,3.02086956527091,26.1999999999971,3.77999999999156,0,0,1
2026-09-10 06:24:45,B4,E3,5,SUCCESS,97.6999999999971,97.3250867584971,0.8705,7.34062219730942,6.83935,0.994888789237668,1,2.2051,5.80350000008445,27.7700000000041,2.81999999999243,0,0,1
2026-09-10 06:26:28,B4,E3,6,SUCCESS,97.1200000000026,96.8035468883247,0.8143,7.3880914221219,7.3423,0.994296388261851,1,2.301,9.34090909085966,25.7999999999956,2.33000000000175,0,0,1
2026-09-10 06:28:12,B4,E3,7,SUCCESS,97.6399999999994,97.2822729201201,0.7951,7.55999135254989,7.3182,0.994631263858093,1,1.9687,3.7996,26.9700000000084,3.27000000001135,0,0,1
2026-09-10 06:29:56,B4,E3,8,SUCCESS,97.3300000000017,97.1717584093493,0.8049,7.39053137697517,6.9032,0.994713995485327,1,1.969,4.1868181819345,26.4899999999907,2.41999999999825,0,0,1
2026-09-10 06:31:40,B4,E3,9,SUCCESS,97.5499999999956,97.2654065307322,0.8516,7.39497572383074,7.2178,0.994647661469933,1,1.802,3.19999999998307,24.5100000000093,2.99000000000524,0,0,1
2026-09-10 06:33:24,B4,E3,10,SUCCESS,97.3700000000026,97.0245954398129,0.7076,7.47672387387387,7.20435,0.99475518018018,1,2.2252,4.8288,25.8499999999985,3.00000000000728,0,0,1
2026-09-10 06:35:08,B4,E4,1,SUCCESS,97.3400000000038,97.0395444151121,0.3071,3.70446690307329,3.5087,0.994505673758865,1,1.8047,2.46315789480098,53.0499999999956,10.7600000000093,0.470000000001164,0,1
2026-09-10 06:36:52,B4,E4,2,SUCCESS,97.1900000000023,96.9988396561282,0.1871,3.61585260663507,3.3943,0.994511137440758,1,1.7635,2.99708333335877,56.8000000000175,10.8500000000204,1.04999999999563,0,1
2026-09-10 06:38:42,B4,E4,3,SUCCESS,97.3399999999965,96.9993133284021,0.2181,3.54526642685851,3.4211,0.994231654676259,1,1.7921,3.93363636361555,55.8500000000058,10.2000000000044,0.80000000000291,0,1
2026-09-10 06:40:25,B4,E4,4,SUCCESS,97.1599999999962,96.8932003241906,0.2275,3.47738260869565,3.3412,0.994917162471396,1,1.811,2.70260869561456,58.8499999999767,11.679999999993,0.620000000002619,0,1
2026-09-10 06:42:10,B4,E4,5,SUCCESS,97.2000000000044,97.0070357838123,0.2952,3.60302733485194,3.3785,0.99431138952164,1,2.3657,5.88454545451432,56.3700000000099,9.3999999999869,0.639999999999418,0,1
2026-09-10 06:43:53,B4,E4,6,SUCCESS,97.3499999999985,97.0711297372098,0.2591,3.72742149321267,3.49745,0.994476018099547,1,2.1027,6.84083333318401,55.0399999999936,10.3100000000122,0.75,0,1
2026-09-10 06:45:37,B4,E4,7,SUCCESS,97.2200000000012,97.0404015214251,0.2819,3.59383584474886,3.35465,0.994249086757991,1,2.0902,4.45636363634005,58.5599999999904,10.7699999999968,0.879999999997381,0,1
2026-09-10 06:47:20,B4,E4,8,SUCCESS,97.3799999999974,97.0778163096183,0.2611,3.77200772727273,3.4706,0.994540681818182,1,1.8726,3.28384615382042,55.9599999999991,10.3499999999985,0.819999999999709,0,1
2026-09-10 06:49:04,B4,E4,9,SUCCESS,97.3000000000029,97.0215799340303,0.1975,3.57525873015873,3.3574,0.994512925170068,1,2.0873,4.77272727285986,58.8699999999953,10.75,0.860000000000582,0,1
2026-09-10 06:50:48,B4,E4,10,SUCCESS,97.1100000000006,96.8221335591004,0.2474,3.55024178082192,3.30105,0.994658675799087,1,2.0582,4.1348,58.1300000000119,10.6899999999805,1.58000000000175,0,1
