Metodo,Escenario,RunID,Timestamp,TiempoTotal_s,LongitudTrayectoria_m,DistMin_m,DistMedia_m,DistMediana_m,DistP05_m,DistIQR_m,VelMedia_mps,VelMediana_mps,VelMax_mps,VelStd_mps,AccMax_mps2,AccRMS_mps2,TiempoSocial_s,TiempoPersonal_s,TiempoIntima_s,TiempoStop_s,NumeroStops,EficienciaTrayectoria,PacketsValid,PacketsInvalid,PacketsOutOfOrder
M0,E1,1,2026-05-02 18:42:04,93.8764,93.5143976236843,0.4698,9.82884473684211,12,0.97659,3.3519,0.999889254385965,1,2.8287,0.103282770254921,24.4818,1.23958185443226,12.3794,5.9441,0,0.177,1,0.996143840450681,456,0,0
M0,E1,2,2026-05-02 18:44:45,94.3218,93.8417021234438,0.4535,9.81749792746114,12,1.0202,3.3917,0.997202849740933,1,1.8706,0.0707195626210487,12.36,0.668759824314066,12.5284,5.99900000000001,0,0,0,0.994910000905875,386,0,0
M0,E1,3,2026-05-02 18:47:34,93.7374,93.4462940333116,0.5528,10.0256857142857,12,1.66174,2.773075,0.998088753799392,1,1.5619,0.0543503839259068,5.9371,0.417735217506603,10.1551,3.1517,0,0,0,0.996894452303046,329,0,0
M0,E1,4,2026-05-02 18:50:31,94.2812,93.9798015950968,0.5881,10.2001666666667,12,1.8864,1.919075,0.9981872,1,1.7313,0.0568059003713994,9.7656,0.592365135008242,9.73779999999999,2.2677,0,0,0,0.996803197191984,375,0,0
M0,E1,5,2026-05-02 18:52:56,93.8015,93.4568945222274,0.4665,10.0939684073107,12,1.533585,1.901425,0.996508877284595,1,1.4352,0.0594636985001112,4.9602,0.368643367960844,11.1113,4.7791,0,0.2074,1,0.99632622636341,383,0,0
M0,E1,6,2026-05-02 18:55:43,93.9657,93.6887981527049,0.5411,9.93462611275964,12,1.496775,3.126975,1.00019821958457,1,2.2234,0.0844107104136376,18.9195,1.07446250334664,10.1683,3.79660000000001,0,0,0,0.997053160384107,337,0,0
M0,E1,7,2026-05-02 18:59:48,94.3137,93.8784999949744,1.0767,10.1552935233161,12,2.0581,2.3965,0.9963,1,1.3609,0.0552834824208047,4.9509,0.330644366774625,9.141,1.62589999999999,0,0,0,0.995385612005196,386,0,0
M0,E1,8,2026-05-02 19:02:18,94.1188,93.7553977072956,0.4787,9.9998042042042,12,1.474915,2.8261,0.998934234234234,1,1.9582,0.0693967081466807,10.771,0.649967514157023,10.3355,4.07269999999999,0,0,0,0.996138897938516,333,0,0
M0,E1,9,2026-05-02 19:05:28,94.184,93.7526009499775,0.5163,9.94940701754386,12,1.486455,3.02435,0.995003007518797,1,1,0.05366917965838,3.8839,0.2694604755241,10.962,4.0436,0,0.197900000000004,1,0.995419614265454,399,0,0
M0,E1,10,2026-05-02 19:07:56,94.3939,94.0879051755478,0.4599,9.84650331325301,12,1.10914,3.3983,0.999714759036145,1,2.025,0.0724871851927105,17.5034,1.02507790844086,11.5942,4.968,0,0,0,0.996758319929019,332,0,0
M0,E2,1,2026-05-02 21:32:53,93.8346,93.4394017237101,0.6443,3.40548641063516,2.609,0.806535,2.412925,0.997635598227474,1,2.0658,0.0632894264246704,12.8192,0.59971010598955,69.3382,18.5842,0,0,0,0.99578835231045,677,0,0
M0,E2,2,2026-05-02 21:35:24,93.6964,93.3195388038801,0.641,3.3770446935725,1.4202,0.8048,4.18555,0.997238116591928,1,1.8856,0.0591702043335883,10.7069,0.538279028975103,60.7654,39.6072,0,0,0,0.995977847642813,669,0,0
M0,E2,3,2026-05-02 21:37:48,93.7286,93.3735024656575,0.7077,4.89052767584098,2.24195,0.78352,7.9664,0.998405963302752,1,2.3837,0.0727642406110626,15.5391,0.728954553658659,49.9477,36.0391,0,0,0,0.996211428162349,654,0,0
M0,E2,4,2026-05-02 21:40:14,93.9634,93.5866973573079,0.5284,2.39237706422018,1.7047,0.589135,2.041425,0.996851681957187,1,1.4599,0.0521028812532704,4.99,0.356529340764106,73.8132,26.3314,0,0,0,0.995990964112707,327,0,0
M0,E2,5,2026-05-02 21:42:32,93.8521,93.5072063424604,0.5334,2.074875,1.2884,0.68725,1.1559,0.997669715447154,1,1.7694,0.0602741719308986,11.3459,0.57928759647596,81.8134,33.6766,0,0,0,0.99632513649093,492,0,0
M0,E2,6,2026-05-02 21:45:11,93.7394,93.3741940159485,0.452,4.21077911764706,1.59745,0.58725,6.21305,0.997002941176471,1,1.49,0.0539058541558142,5.1582,0.369619005352332,54.7421,23.0412,0,0,0,0.996104028998996,340,0,0
M0,E2,7,2026-05-02 21:47:28,93.9742,93.6172999184779,0.5426,3.1078245412844,1.56915,0.63669,4.268,0.994960779816514,1,1,0.0533538019486802,3.3396,0.267877337138276,63.1545,33.9207,0,0.222099999999998,1,0.996202148233003,436,0,0
M0,E2,8,2026-05-02 21:51:41,94.3272,93.9768015197389,0.4995,2.47059263157895,1.5277,0.64585,2.705475,0.99862652631579,1,2.1611,0.0694948434138447,17.1226,0.858143174117356,70.6314,30.6141,0,0,0,0.996285286955818,475,0,0
M0,E2,9,2026-05-02 21:54:03,94.3032,93.9495025986597,0.5272,4.08680222222222,4.443,0.743,3.67435,0.998617037037037,1,1.6959,0.0507308548593799,9.2937,0.510099068058909,30.4483,11.7184,0,0,0,0.996249359498508,405,0,0
M0,E2,10,2026-05-02 21:56:19,94.2941,93.880000063745,0.4125,2.45952461928934,1.8715,0.62252,2.4234,0.997201776649746,1,1.8034,0.0700879645186845,11.202,0.612107462322975,77.9775,30.9487,0.534700000000001,0.311100000000003,1,0.995608421563439,394,0,0
M0,E3,1,2026-05-03 14:21:29,94.0238,93.6674009897605,0.6048,3.31844628670121,2.0372,0.748855,3.8136,0.999269602763385,1,2.6468,0.0838500400287185,23.6598,1.14197065341639,60.3117,17.4025,0,0,0,0.996209480894842,579,0,0
M0,E3,2,2026-05-03 14:23:39,94.0068,93.6038121706942,0.5737,2.00687516891892,1.0461,0.72102,1.63205,0.998690033783784,1,2.5347,0.0801940735137778,23.4567,1.03640887382013,83.7573,51.2324,0,0,0,0.995713205541452,592,0,0
M0,E3,3,2026-05-03 14:26:15,93.7769,93.417606076877,0.6534,2.0913234006734,0.96065,0.71314,2.1344,0.999539562289562,1,2.6813,0.084522125188326,22.1722,1.00521554263495,74.7492,53.4223,0,0,0,0.996168630834214,594,0,0
M0,E3,4,2026-05-03 14:28:33,93.7957,93.4166965844229,0.6482,2.74448938356164,1.3795,0.74881,3.18805,0.99752654109589,1,1.9936,0.0649602395692448,10.3595,0.504771058999448,67.3731,42.7153,0,0,0,0.995959266623341,584,0,0
M0,E3,5,2026-05-03 14:31:27,93.9676,93.559606268948,0.5976,1.88634197952218,1.1992,0.78994,1.3904,0.998933447098976,1,2.6954,0.0867703368554698,22.3914,1.01021576963967,83.1752,48.1879,0,0,0,0.995658144604608,586,0,0
M0,E3,6,2026-05-03 14:34:27,94.0772,93.6794007209963,0.6802,1.68158674304419,1.1404,0.742215,0.8534,0.997759410801964,1,2.2544,0.0721320993708923,14.3751,0.689633389667312,84.5891,50.9877,0,0,0,0.995771565490855,611,0,0
M0,E3,7,2026-05-03 14:37:31,93.9411,93.5693066938901,0.6273,1.9518015625,0.999,0.75434,1.79255,0.997935069444444,1,1.9686,0.0614564277120433,13.2152,0.667675035870225,82.8209,53.0298,0,0,0,0.996042272167242,576,0,0
M0,E3,8,2026-05-03 14:40:39,94.0263,93.6451000799679,0.5965,2.48081971153846,1.70595,0.74883,3.00375,0.997938782051282,1,2.2948,0.0718768543089644,21.1856,0.927731153646094,67.7337,42.2946,0,0,0,0.995945816010711,624,0,0
M0,E3,9,2026-05-03 14:42:58,94.0152,93.5990193364508,0.6506,4.52029224555735,1.9539,0.73098,9.847525,0.996879483037157,1,1.8453,0.0598616145415843,14.1763,0.647980513491183,59.7112,40.6908,0,0,0,0.995573261945418,619,0,0
M0,E3,10,2026-05-03 14:19:12,93.9415,93.5298016935579,0.6243,5.84861474878444,2.7202,0.75888,10.89965,0.99911847649919,1,2.9907,0.0957376168569148,28.7282,1.22322992556353,51.6733,29.8978,0,0,0,0.995617503377718,617,0,0
M0,E4,1,2026-05-03 16:53:23,94.095,93.7902003895188,0.4526,4.55403469945355,4.2662,0.6976,5.2807,0.995108469945355,1,1,0.0554310961574292,3.0783,0.259934783487448,43.4658,19.7749,0,0.323599999999999,1,0.996760724688015,366,0,0
M0,E4,2,2026-05-03 16:55:32,94.1355,93.8211999074383,0.5682,2.81019063360882,1.1394,0.770085,3.54855,0.995440771349862,1,1,0.0410897103902651,4.6796,0.300517781499274,68.4641,48.9908,0,0,0,0.996661194846134,363,0,0
M0,E4,3,2026-05-03 16:57:44,94.3298,93.9492023133176,0.4595,2.98545391566265,1.96935,0.57146,3.7012,0.994972289156626,1,1,0.0430363524079445,3.301,0.255728220815941,65.0476,37.2579,0,0,0,0.995965244422415,332,0,0
M0,E4,4,2026-05-03 17:00:05,94.343,93.9880025427752,0.5146,3.49947694524496,2.2827,0.60188,5.108075,0.999293371757925,1,2.0856,0.0751295612092879,14.4011,0.819920087428923,59.5624,33.7442,0,0,0,0.996237161663029,347,0,0
M0,E4,5,2026-05-03 17:01:49,78.0191,77.6381524762674,0.3527,3.55997797202797,2.08105,0.58452,5.9474,0.993897902097902,1,1,0.0486814572120137,3.252,0.288333888198935,50.2327,32.21,0.214700000000001,0,0,0.995117253035057,286,0,0
M0,E4,6,2026-05-03 17:05:03,93.8608,93.4951981728388,0.5946,6.4667487135506,6.5472,0.79281,5.428225,0.997971869639794,1,2.2552,0.0730766290207846,14.723,0.73754352436036,24.0254,10.3332,0,0,0,0.996104850724039,583,0,0
M0,E4,7,2026-05-03 17:07:46,94.2432,93.8511004025225,0.5582,3.33869982300885,2.2868,0.69375,4.07585,0.997288672566372,1,1.7865,0.0598630500816552,12.6819,0.647272646564916,56.3678,35.4397,0,0.119800000000005,1,0.995839491894614,565,0,0
M0,E4,8,2026-05-03 17:09:42,93.7703,93.4467963905531,0.5951,3.80875989010989,3.7056,0.99474,2.7485,0.998406227106227,1,2.2454,0.0745710606094486,13.9071,0.729042363981582,44.604,8.96670000000001,0,0.1312,1,0.996550041863501,546,0,0
M0,E4,9,2026-05-03 17:12:15,94.0408,93.6332975498438,0.5585,3.5266725631769,2.98405,0.78834,2.1167,0.998575270758123,1,2.3913,0.0781658057262066,15.737,0.779236612272638,54.6618,12.3162,0,0,0,0.995666748367132,554,0,0
M0,E4,10,2026-05-03 16:49:03,94.1081,93.6776998951191,0.5074,3.73499315068493,3.7447,0.67525,4.5186,0.994317808219178,1,1,0.0559831345837322,2.6793,0.235377243636503,46.7032,20.585,0,0,0,0.995426534964781,365,0,0
M1,E1,1,2026-05-02 19:11:32,108.3674,93.5038073501016,0.6732,9.31608092105263,12,0.87107,5.10425,0.871832675438597,1,1.3364,0.330213151418186,5.0214,0.433963617805626,20.946,13.2629,0,13.5455,2,0.862840737621292,456,0,0
M1,E1,2,2026-05-02 19:14:01,109.8503,93.9108008321624,0.6769,9.10166063218391,12,0.87119,6.1194,0.857189942528736,1,1.5061,0.347613468277555,6.3097,0.495960966148072,22.2961,15.0101,0,14.9799,2,0.854897991468047,348,0,0
M1,E1,3,2026-05-02 19:28:13,111.6146,93.8114011234794,0.7003,9.01556707317073,12,0.8675,6.49365,0.846624796747967,1,2.1333,0.362786495867007,18.4462,0.993035014355371,23.8,17.2737,0,16.8081,3,0.840493995619564,492,0,0
M1,E1,4,2026-05-02 19:30:34,109.2821,93.9936059289278,0.543,9.140050132626,12,0.89306,5.96955,0.863772148541114,1,1.9781,0.345269236439923,17.8279,0.992291957269401,21.6601,14.0899,0,14.3344,2,0.860100656273331,377,0,0
M1,E1,5,2026-05-02 19:32:45,105.1636,93.6556968761333,0.581,9.40060524861879,12,0.88334,4.8953,0.891764364640884,1,1.189,0.305414474340323,3.567,0.394415644126208,18.1034,10.6922,0,10.5745,2,0.890571422774927,362,0,0
M1,E1,6,2026-05-02 19:34:59,104.1911,94.0009035650452,0.6675,9.54134696132597,12,0.89004,4.402,0.908502209944751,1,1.969,0.291658179042359,15.7092,0.910979061851916,16.2957,9.5514,0,9.3276,2,0.90219705488324,362,0,0
M1,E1,7,2026-05-02 19:37:27,103.6178,93.6423978033001,0.7964,9.56259857482185,12,0.893155,4.312825,0.904555581947743,1,1.3067,0.288982512732511,4.6161,0.458941598290382,16.1067,8.77860000000001,0,8.8317,2,0.903728874800469,421,0,0
M1,E1,8,2026-05-02 19:39:54,102.1777,93.9939015258171,0.6372,9.65050616246499,12,0.930095,3.93875,0.92103025210084,1,1.925,0.272822773962058,14.9671,0.886620111001602,14.7726,7.6849,0,7.3058,2,0.919906217558401,357,0,0
M1,E1,9,2026-05-02 19:42:16,102.1332,94.0205023477575,0.6797,9.70708465909091,12,0.97354,3.77725,0.925336079545454,1,1.8389,0.264466221065888,11.9927,0.740111664294652,14.9436,7.46149999999999,0,7.23310000000001,2,0.920567478036109,352,0,0
M1,E1,10,2026-05-02 19:44:27,106.4299,93.3559923517928,0.6223,9.2382273480663,12,0.89158,5.5338,0.879324585635359,1,1.5381,0.323813742978575,5.036,0.457054502444096,19.7588,12.5278,0,12.1626,2,0.877159448160647,362,0,0
M1,E2,1,2026-05-03 08:16:36,120.2002,93.826900197971,0.6788,4.98212742175857,1.7504,0.898005,8.755175,0.783238599105812,1,1.698,0.385613933045257,11.437,1.13295712352264,69.8467,16.3372,0,18.2612,19,0.780588553080369,671,0,0
M1,E2,2,2026-05-03 08:21:12,128.2291,94.1625273364613,0.7221,4.01061849642005,1.43505,0.91412,5.0928,0.737641766109785,0.9992,1,0.391517166523283,4.386,1.35388737883122,86.5476,12.5676,0,19.8457,44,0.734330408124687,838,0,0
M1,E2,3,2026-05-03 08:25:43,117.0799,94.2299251484831,0.7245,5.29446472868217,2.0918,0.89944,10.5805,0.811739405684754,1,1,0.370159135122346,4.231,0.834210418657606,66.8434,17.1042,0,18.0613,12,0.804834349435583,774,0,0
M1,E2,4,2026-05-03 08:29:20,120.0959,94.0919182585672,0.6967,5.0527896637609,1.8195,0.864225,9.601775,0.787779078455791,1,1,0.380941285866279,4.1684,1.04840861340416,70.8835,17.3967,0,19.0779,19,0.783473193161192,803,0,0
M1,E2,5,2026-05-03 08:33:26,115.1264,94.155615907862,0.7708,5.4199467114094,2.4496,0.8752,10.56985,0.818630469798658,1,1,0.366597100704677,3.9872,0.788155139525037,64.8685,16.0831,0,16.5815,6,0.817845567201458,745,0,0
M1,E2,6,2026-05-03 08:37:35,117.2297,94.1840110561938,0.7699,5.75195317769131,1.5536,0.886905,10.649875,0.805453955901427,1,1,0.378831459861881,4.0413,0.76732011615849,63.9286,19.0303,0,19.2871,3,0.803414246186707,771,0,0
M1,E2,7,2026-05-03 08:40:14,109.1497,94.0778294043573,0.8495,6.31118405594406,2.8485,0.88585,10.208225,0.86364993006993,1,1,0.335066502340792,4.1689,0.477298156687853,55.9823,13.6776,0,13.6543,3,0.861915602189995,715,0,0
M1,E2,8,2026-05-03 08:43:28,112.0209,93.5377386615753,0.761,5.95630769230769,2.9005,0.89508,10.332375,0.838273009446694,1,2.4503,0.368002675005314,17.71,0.887598190671697,61.108,16.5115,0,16.8957,4,0.835002563464276,741,0,0
M1,E2,9,2026-05-03 08:46:25,134.9137,93.4083146996808,0.7859,3.74437147766323,1.4068,0.90059,4.286425,0.694839862542955,0.984,2.3077,0.412160043307286,15.0033,1.59710996453958,94.2188,16.4107,0,24.3608,55,0.692356037227359,873,0,0
M1,E2,10,2026-05-03 08:48:45,106.5814,93.4706184574991,0.7542,5.55174339622642,5.0693,0.884995,4.887325,0.878074746008708,1,1.4985,0.323478346298635,8.0932,0.501923188356704,34.5981,12.2312,0,12.0984,2,0.876988090393812,689,0,0
M1,E3,1,2026-05-03 14:46:19,162.1688,36.8856310362434,1.0103,1.26350527859238,1.213,1.03623,0.163775,0.233391984359726,0,1.8961,0.376202774092774,8.9728,1.40346060075757,162.1688,76.7971,0,107.6006,56,0.227452081018318,1023,0,0
M1,E3,2,2026-05-03 14:49:02,127.7169,93.3618042506046,0.7876,5.13492523148148,1.7774,0.87065,10.6958,0.738288541666667,1,2.3176,0.428248690861152,15.2863,1.00552882122419,76.9426,28.8681,0,29.658,7,0.731005875108186,864,0,0
M1,E3,3,2026-05-03 14:50:59,78.8487,38.183070479566,0.8653,1.82354806517312,1.2944,0.8888,1.5676,0.493908757637475,0.3949,1.8021,0.49747955345604,11.6584,0.77551780473323,78.8487,27.815,0,39.0523,5,0.484257451036808,491,0,0
M1,E3,4,2026-05-03 14:53:24,110.9932,93.5199009711849,0.8361,6.02143455978975,2.6959,0.90096,9.33135,0.847317739816032,1,2.4192,0.359035785693528,16.7086,0.83777149310046,60.9795,14.3669,0,15.905,4,0.84257324747088,761,0,0
M1,E3,5,2026-05-03 15:01:50,117.7172,93.3713029880439,0.693,5.38649130998703,2.3208,0.889505,10.64075,0.799120103761349,1,2.0971,0.386237102669371,12.0125,0.946662445821869,69.2453,20.0303,0,19.4488,6,0.793183179586704,771,0,0
M1,E3,6,2026-05-03 15:22:38,66.0539,38.3323751167833,0.8542,1.93281889952153,2.6885,0.86038,1.8114,0.583455980861244,1,1.9907,0.498153821288549,13.7605,0.801945481612353,66.0539,27.7792,0,27.3463,1,0.580319634673854,418,0,0
M1,E3,7,2026-05-03 15:24:48,110.9074,93.4104993165852,0.7204,6.43644978843441,2.6986,0.900985,9.3494,0.850345698166432,1,2.1799,0.356104992094472,12.9231,0.68976789608204,58.0379,16.1271,0,16.1969,3,0.842238654197873,709,0,0
M1,E3,8,2026-05-03 15:28:42,101.5993,38.0548659253098,0.854,1.49621341463415,1.2227,0.855,0.33965,0.384897408536585,0,3.17,0.479001231771981,30.9849,1.54457850255297,96.2,48.5713,0,57.5981,6,0.374558347599932,656,0,0
M1,E3,9,2026-05-03 15:30:49,79.3719,37.749156768539,0.8707,1.56654860335196,1.3068,0.8707,0.58595,0.49662364990689,0.5071,2.4115,0.484154445510468,16.4193,1.33433769274054,73.5746,36.0118,0,36.2832,4,0.475598502348299,537,0,0
M1,E3,10,2026-05-03 15:33:41,130.1766,93.5554007058031,0.8323,4.97240715909091,1.48525,0.88425,9.3775,0.722424090909091,0.9998,1.9856,0.415820524190659,11.4293,1.32629271667134,77.2649,21.4647,0,26.0553,33,0.718680628513904,880,0,0
M1,E4,1,2026-05-03 17:17:51,50.2186,32.7220023722636,0.781,6.88724236111111,8.1186,0.86756,10.8787,0.666897569444444,1,2.2329,0.479735801231906,14.3516,0.990297824310108,20.7157,17.3746,0,16.6699,2,0.651591290323975,288,0,0
M1,E4,10,2026-05-03 17:14:23,74.309,32.9263088362641,0.8179,1.78300656934306,1.1049,0.872805,2.0643,0.446800729927007,0,1.9385,0.500526112351601,15.5836,0.840637714393849,74.309,41.4316,0,40.3965,2,0.443099878026404,411,0,0
M2,E1,1,2026-05-02 19:52:32,113.4708,93.7022986187158,0.543,9.1607427480916,12,0.89429,6.26425,0.82407251908397,1,1.3796,0.37739306210436,5.2273,0.438535007524402,22.3922,10.3457,0,18.8204,2,0.82578336117059,393,0,0
M2,E1,2,2026-05-02 19:50:01,113.543,93.8256007814627,0.5461,9.15520612244898,12,0.89353,6.1876,0.823664795918367,1,1.2373,0.37759793063916,5.0535,0.440047135404323,22.0937,10.5801,0,18.8347,2,0.82634421128086,392,0,0
M2,E1,3,2026-05-02 19:55:14,111.9643,94.179104343995,0.7066,9.37336472148541,12,0.90842,5.271725,0.847468169761273,1,1.8515,0.360235683999648,14.3155,0.820176066965064,20.0598,8.2916,0,16.8517,2,0.841152977725891,377,0,0
M2,E1,4,2026-05-02 19:57:26,110.7531,93.4349927781171,0.7431,9.37912360742706,12,0.92868,5.25265,0.844848806366048,1,1.6424,0.361450701083468,6.4925,0.48946143284638,19.7595,7.7526,0,16.4581,2,0.843633205554671,377,0,0
M2,E1,5,2026-05-02 19:59:53,114.256,94.0585023629876,0.6674,9.2182775,12,0.89605,5.92955,0.829561,1,1.9258,0.378121151009968,13.5722,0.7689775674719,22.6107,10.5312,0,19.1896,2,0.82322593441909,400,0,0
M2,E1,6,2026-05-02 20:02:50,113.3238,93.4132932038955,0.6478,9.2702615,12,0.8962,5.74765,0.833592,1,1.6558,0.372024293930095,5.8844,0.466491698693557,21.9451,9.9689,0,19.0152,2,0.824304278570746,400,0,0
M2,E1,7,2026-05-02 20:06:21,111.1767,93.902600094763,0.592,9.42461683937824,12,0.94502,5.1928,0.850912176165803,1,1.6725,0.355936309247829,12.3143,0.72461399752869,19.6722,7.56039999999999,0,16.3366,2,0.844624818822316,386,0,0
M2,E1,8,2026-05-02 20:08:49,108.3932,93.6199979920184,0.8626,9.64520976863753,12,1.405035,4.178825,0.875849100257069,1,2.0341,0.332698073442937,11.0031,0.674182259460839,17.3789,3.5793,0,13.7658,2,0.863707298908219,389,0,0
M2,E1,9,2026-05-02 20:11:11,109.7841,93.4030947067347,0.7767,9.47426971279373,12,1.056655,4.9478,0.855235770234987,1,1.1873,0.346929744686953,3.562,0.393849240019871,18.5867,6.7552,0,15.4365,2,0.850788909384279,383,0,0
M2,E1,10,2026-05-02 19:46:58,115.8491,93.5706992005729,0.608,9.29907257019438,12,0.89162,5.517075,0.833410151187905,1,1.2997,0.370154924633003,4.8346,0.39759624739115,24.5217,12.7021,0,21.4318,3,0.807694657969487,463,0,0
M2,E2,1,2026-05-03 08:52:58,148.9988,94.1809105785782,0.7276,5.02541854166667,3.2093,0.86685,7.0835,0.6387678125,1,1,0.472949638038068,4.2079,0.557963088179526,85.1571,21.1768,0,52.3554,8,0.6320917388501,960,0,0
M2,E2,2,2026-05-03 08:55:30,115.1768,94.0573142869983,0.7379,6.56036311688312,3.78985,0.8695,9.4933,0.820791038961039,1,1,0.376864354166127,4.1278,0.470042032135453,53.1255,10.9307,0,19.7595,3,0.816634203129435,770,0,0
M2,E2,3,2026-05-03 08:58:15,111.5687,94.3260093932402,0.7362,6.64616947960619,3.8327,0.86874,9.560225,0.841686638537271,1,1,0.358914788826152,4.4443,0.418647788902922,51.0783,10.4548,0,16.2647,3,0.845452258502969,711,0,0
M2,E2,4,2026-05-03 09:00:35,110.7102,93.51370100703,0.6878,7.29500169014085,5.46885,0.875,8.0614,0.847466478873239,1,1.9829,0.359163925789367,11.0779,0.608048164951929,20.5309,10.733,0,16.2207,2,0.844671051150029,710,0,0
M2,E2,5,2026-05-03 09:03:59,110.5394,93.2809973487984,0.7559,7.65394662998625,5.6081,0.87557,6.66865,0.844131636863824,1,2.1921,0.363307890456157,13.2693,0.679109265335188,19.238,10.9649,0,16.2981,2,0.843871030137655,727,0,0
M2,E2,6,2026-05-03 09:06:52,110.4917,93.571500552705,0.6763,7.85166675191816,8.8525,0.87834,8.4658,0.846542583120204,1,2.7224,0.36321296206991,23.3623,1.04875479038013,26.8413,9.4184,0,15.7297,3,0.846864520617431,782,0,0
M2,E2,7,2026-05-03 09:09:12,110.2866,93.4985086856764,0.6693,7.85585866851595,8.961,0.883085,8.51315,0.843987378640777,1,1.3743,0.35764960361432,6.8588,0.547664354168344,27.0118,9.409,0,15.4581,3,0.84777759660445,721,0,0
M2,E2,8,2026-05-03 09:11:35,114.2633,93.2212999206665,0.7234,7.04245305291723,5.855,0.882735,9.32675,0.820024423337856,1,2.1193,0.383291006946355,11.3156,0.633329885317568,39.0193,12.9203,0,19.5974,3,0.815846382177537,737,0,0
M2,E2,9,2026-05-03 09:14:12,115.01,93.3113083038757,0.695,6.59423917808219,4.12755,0.8721,9.7031,0.816099178082192,1,2.2614,0.38759487341529,13.4534,0.716046110868854,48.1031,13.0682,0,20.2304,3,0.811332130283242,730,0,0
M2,E2,10,2026-05-03 09:17:32,129.798,93.4710028163696,0.7186,5.98288590755355,3.8536,0.888225,10.197975,0.726158286358512,1,2.2017,0.444836841594194,13.6455,0.701408578265219,59.9052,22.7858,0,34.8299,4,0.720126680044142,887,0,0
M2,E3,1,2026-05-03 15:40:21,130.9903,93.5025028157533,0.858,5.89466823266219,3.4157,0.8685,9.986,0.723008948545861,1,2.5367,0.446036432696629,18.4594,0.886827896883761,70.1684,12.9536,0,35.4135,6,0.713812418291685,894,0,0
M2,E3,2,2026-05-03 15:52:22,114.3557,93.5703118157861,0.7344,6.50692479224377,3.81385,0.86788,9.6984,0.82460567867036,1,1.7123,0.376911580971746,11.4547,0.61045621684686,54.77,10.9161,0,19.4517,3,0.818239159183023,722,0,0
M2,E3,3,2026-05-03 15:55:42,164.5763,93.6213029995592,0.854,5.23240977948226,2.9426,0.8685,9.8919,0.580200862895494,1,1.6152,0.489380883313999,10.3625,0.598625917008195,102.2997,24.2483,0,68.8349,6,0.568862606581623,1043,0,0
M2,E3,4,2026-05-03 15:58:14,88.9656,45.1047828711053,0.8542,3.02146443661972,2.2628,0.9062,1.8765,0.507969542253521,0.53165,2.1958,0.49921922634149,13.7485,0.834800155915715,72.8682,15.1044,0,42.2897,5,0.506991273830619,568,0,0
M2,E3,5,2026-05-03 15:59:53,73.0796,49.5612689693731,0.7465,3.00960195227766,2.7818,0.90655,1.744675,0.685001735357918,1,2.7411,0.468030987729705,25.0016,1.35072029647365,54.3206,5.784,0,21.8944,4,0.678181995650949,461,0,0
M2,E3,6,2026-05-03 16:01:56,95.1797,46.713632247132,0.8538,3.29782890756302,2.3796,0.893025,1.995675,0.501593109243697,0.4744,2.1192,0.501319825806889,12.8135,0.721545155304127,75.8211,19.2849,0,47.5628,3,0.49079406897828,595,0,0
M2,E3,7,2026-05-03 16:04:21,111.7352,60.7760981351233,0.854,4.3653768175583,2.4294,0.88427,3.55405,0.547180658436214,1,1.9335,0.49638604501243,10.6261,0.628931161832304,79.6015,23.767,0,49.7137,3,0.543929738660004,729,0,0
M2,E3,8,2026-05-03 16:06:05,77.4354,44.6642682842812,0.8543,2.91467484536082,2.3768,0.868,1.79565,0.574354226804124,1,2.1501,0.493350440557223,14.336,0.932879075278668,64.3778,12.2725,0,31.2203,5,0.576793924797718,485,0,0
M2,E3,9,2026-05-03 16:08:13,107.7066,66.5584131755908,0.7837,5.12449550724638,2.8978,0.8682,10.328,0.619779275362319,1,2.067,0.482280660168111,10.9521,0.720306019205968,67.1642,14.5822,0,39.1082,5,0.617960395886518,690,0,0
M2,E3,10,2026-05-03 15:37:40,144.2216,93.6459516175107,0.8283,5.35475497017893,3.01425,0.90018,10.373,0.646182206759443,1,2.5772,0.477087861878442,21.7511,0.943754104995483,83.878,22.1067,0,48.4758,6,0.649319877310408,1006,0,0
M2,E4,1,2026-05-03 17:19:20,47.7953,31.9093780348925,0.7089,7.32713554006969,9.9079,0.856895,10.54,0.684272822299652,1,1.6835,0.469347828017116,7.3949,0.526459615572997,18.4702,6.3066,0,15.4671,1,0.667625855155057,287,0,0
M2,E4,2,2026-05-03 17:20:35,43.0582,32.8322068482146,1.0985,7.86281012145749,11.7751,1.0985,10.594675,0.774600809716599,1,1.5935,0.42232798229988,7.4195,0.593849176758579,13.5575,10.4484,0,9.7838,1,0.762507648908096,247,0,0
M3,E1,1,2026-05-02 20:28:13,104.6902,95.8938777819114,1.1422,9.74935065217391,12,1.54515,3.87385,0.915919130434783,1,1,0.197479501110164,3.8342,0.399045532707626,15.2758,0.714700000000001,0,0,0,0.915977596584125,460,0,0
M3,E1,2,2026-05-02 20:31:55,106.3423,97.1312726426147,1.056,9.63336396866841,12,1.390765,4.2609,0.915100783289817,1,1.6673,0.205684205983366,6.1867,0.46453542889616,16.0336,3.84300000000001,0,0,0,0.913383222317128,383,0,0
M3,E1,3,2026-05-02 20:34:11,110.6646,99.6826287592295,0.8686,9.39870207253886,12,1.12406,5.182,0.900837564766839,1,1.5798,0.217815840510811,5.8776,0.450718465542901,19.1982,7.1668,0,0,0,0.900763466901155,386,0,0
M3,E1,4,2026-05-02 20:37:04,115.6126,102.924085049588,0.8369,9.25823966346154,12,1.11227,5.8264,0.892795432692308,1,1.8391,0.226908351868688,9.286,0.56692341322823,22.3346,9.72150000000001,0,0,0,0.890249722345036,416,0,0
M3,E1,5,2026-05-02 20:39:40,113.2952,101.192445353796,0.8533,9.30724587628866,12,1.12008,5.6066,0.892926546391753,1,1.2053,0.220805318957745,3.4121,0.379121471503052,21.5631,9.1601,0,0,0,0.89317504496039,388,0,0
M3,E1,6,2026-05-02 20:42:01,104.7279,96.2092019593493,1.1524,9.66355308310992,12,1.54148,4.257925,0.917745576407507,1,1.3008,0.198615258547675,4.8278,0.424128408112879,15.031,1.4872,0,0,0,0.918658752437023,373,0,0
M3,E1,7,2026-05-02 20:45:34,108.2172,98.1695863838219,0.9292,9.48605365853659,12,1.26528,4.9288,0.905356910569106,1,1.1239,0.209871545371767,3.4214,0.373611896691732,17.7709,4.4035,0,0,0,0.907153265689945,369,0,0
M3,E1,8,2026-05-02 20:50:07,102.6671,94.8471854716438,1.2635,9.83559689265537,12,1.76816,3.5271,0.92591186440678,1,1.3112,0.191075615530445,4.266,0.379783476299399,13.4588,0,0,0.3001,1,0.923832322834128,354,0,0
M3,E1,9,2026-05-02 20:52:38,110.9241,94.3549774981234,1.8668,8.16708278145695,9.7921,1.978635,8.48465,0.85810816777042,1,1.8555,0.245502207872573,14.4142,0.797492163026258,29.5344,0,0,0,0,0.850626486923251,453,0,0
M3,E1,10,2026-05-02 20:55:09,115.2238,102.647309169871,0.9373,9.30030355329949,12,1.13464,5.541,0.893227918781726,1,1.2321,0.220632739946082,4.5237,0.408354998123429,21.789,9.45470000000001,0,0,0,0.890851622406749,394,0,0
M3,E2,1,2026-05-03 13:17:02,120.5789,99.0129432595345,0.9116,6.53216245989305,4.1495,0.997025,9.2936,0.819796898395722,1,1.8456,0.261121317889449,12.4222,0.668343224986254,37.8215,12.9006,0,0,0,0.821146512860331,935,0,0
M3,E2,2,2026-05-03 13:20:15,113.8612,98.0288315133918,0.8127,7.16741066822978,5.7531,1.15118,8.331375,0.860273153575616,1,2.1717,0.24887594944138,14.0278,0.821790139248459,27.7954,7.66160000000001,0,0,0,0.860950275540674,853,0,0
M3,E2,3,2026-05-03 13:25:17,116.9085,100.435347481228,0.8512,7.23554449648712,5.97635,0.99974,8.39,0.858024473067916,1,2.1217,0.247444393977315,13.7963,0.765341182745987,28.8732,11.9407,0,0,0,0.859093628617492,854,0,0
M3,E2,4,2026-05-03 13:27:47,115.1778,100.45292440479,0.9483,7.32496574654956,6.1714,1.00087,8.191925,0.866775533249686,1,1,0.236083692236084,7.849,0.545237605958234,26.0108,12.3941,0,0,0,0.872155262600865,797,0,0
M3,E2,5,2026-05-03 13:30:17,116.5957,99.8806167088863,0.9553,7.16079963144963,5.87375,1.10718,8.7348,0.849879484029484,1,1,0.245523886822589,6.1637,0.523514908688535,29.6839,7.8137,0,0,0,0.856640654062596,814,0,0
M3,E2,6,2026-05-03 13:32:38,111.0495,99.5171277246642,0.9483,7.63371115434501,6.457,1.143015,7.759675,0.893776134889753,1,1,0.217985507861209,5.7917,0.525895684324544,20.1018,6.40009999999999,0,0,0,0.89615106528768,771,0,0
M3,E2,7,2026-05-03 13:35:07,118.7932,101.741575704749,0.8999,7.08008492647059,5.6767,1.00435,8.63575,0.850012745098039,1,1,0.246212572796368,6.4659,0.539389620732019,29.7084,13.8789,0,0,0,0.856459592844956,816,0,0
M3,E2,8,2026-05-03 13:37:44,115.203,98.0065674281861,0.9494,6.82233354192741,4.5366,1.104505,8.853125,0.844073466833542,1,1.0085,0.24837441579786,7.1642,0.514910813826282,30.2155,7.90610000000001,0,0,0,0.850729298960844,799,0,0
M3,E2,9,2026-05-03 13:41:12,130.5248,97.7471490196363,0.9444,4.94987164502164,3.6846,1.32816,4.32735,0.745554112554113,0.99905,1.1925,0.273657209189249,7.3509,0.591761164592535,57.0957,4.5093,0,0,0,0.748877983491538,924,0,0
M3,E2,10,2026-05-03 13:43:40,118.1204,100.138360146506,0.8306,6.69815832290363,3.7603,1.002565,8.53015,0.844720525657071,1,1,0.247383306794183,6.63,0.654253631040487,30.2513,11.8223,0,0,0,0.847765162888937,799,0,0
M3,E3,1,2026-05-03 16:10:06,76.5409,50.7024286528545,0.9658,4.08049320388349,3.631,1.39455,0.863325,0.659523883495146,0.4718,1.2288,0.248322339612544,8.4099,1.31772080512977,30.4903,2.00530000000001,0,0,0,0.662422687123544,515,0,0
M3,E3,2,2026-05-03 16:12:09,93.8931,48.5159714232582,1.3715,3.33893054187192,2.9015,1.66143,1.4195,0.518103119868638,0.45,1.6482,0.180826234487881,15.7737,0.784182884539022,75.5341,0,0,0,0,0.51671498143376,609,0,0
M3,E3,3,2026-05-03 16:14:06,88.5401,56.5451881695681,1.2275,4.55582549019608,3.6141,1.44064,0.2809,0.643552584670232,0.4509,2.059,0.258843641436404,12.5325,1.0973824727574,40.7939,0,0,0,0,0.638639307721225,561,0,0
M3,E3,4,2026-05-03 16:16:09,70.1979,57.2942398283625,1.2653,5.39889865168539,3.725,1.549575,1.8808,0.821203370786517,0.9958,2.1497,0.253641260395659,13.5664,1.23471580361045,14.0627,0,0,0,0,0.816181678203514,445,0,0
M3,E3,5,2026-05-03 16:17:57,58.0226,45.4185227268242,1.2238,4.01448059299191,3.6805,1.39411,0.4149,0.785021832884097,0.9782,2.0751,0.260879183040078,16.7349,1.44288837646133,13.4948,0,0,0,0,0.782772966513466,371,0,0
M3,E3,6,2026-05-03 16:19:32,69.1821,53.5772668115599,1.2289,4.81186884875847,3.6804,1.43013,0.149225,0.769434762979684,0.9681,1.0047,0.254624121003777,5.718,1.19125337463252,15.8693,0,0,0,0,0.774438284058446,443,0,0
M3,E3,7,2026-05-03 16:21:15,71.1746,60.5802146954299,0.9615,5.66789047619048,3.71715,1.29766,6.9117,0.844237445887446,0.9998,1.0193,0.236629270995673,6.3703,1.01807563947085,11.8283,3.0984,0,0,0,0.851149352373318,462,0,0
M3,E3,8,2026-05-03 16:24:02,51.4955,43.4102831589279,0.9568,3.72563716814159,3.7089,1.054775,0.109275,0.840452507374631,0.9999,1,0.24020138521597,5.0012,0.903330620977978,11.0178,2.9842,0,0,0,0.842991779066675,339,0,0
M3,E3,9,2026-05-03 16:25:11,49.5672,43.1721967013089,0.9597,3.69558803680982,3.71525,1.03474,0.0853999999999999,0.866176687116564,1,1.0876,0.233380217623333,6.9954,0.670509220370031,10.5793,3.0104,0,0,0,0.870983164296326,326,0,0
M3,E3,10,2026-05-03 16:27:18,107.3515,86.204982859853,1.2415,7.45108452883263,8.3578,1.47579,9.4908,0.797532489451476,1,1.0667,0.265843560742064,5.8898,0.447124126581229,37.3568,0,0,0,0,0.803016100006549,711,0,0
M3,E4,1,2026-05-03 17:25:03,151.8253,106.64946842777,0.8875,4.42242551020408,3.37015,1.0093,4.1155,0.705892290249434,0.4502,1.5312,0.276758841550475,6.4294,0.526154171264256,81.2684,16.9161,0,0,0,0.702448593401561,882,0,0
M3,E4,2,2026-05-03 17:31:36,186.0373,104.099159920649,0.7222,2.99672224352828,2.5806,1.020685,1.627575,0.561536337488016,0.45,2.6836,0.232957797189556,22.4207,0.906188789457287,147.7063,16.2972,0,0,0,0.559560689822142,1043,0,0
M3,E4,3,2026-05-03 17:35:06,182.7249,109.916185169406,0.7563,3.15764331395349,2.3622,0.97164,2.13065,0.608299224806202,0.45,2.1601,0.256682612404021,13.0837,0.79647080218337,128.4621,26.8181,0,0,0,0.601539172654665,1032,0,0
M3,E4,4,2026-05-03 17:38:36,155.9901,108.148684049925,0.8082,4.06728221734358,3.0596,1.00973,4.2477,0.691554665203074,0.45,1.9018,0.278560026513262,12.8916,0.675123418143362,86.329,21.0718,0,0,0,0.693304793380641,911,0,0
M3,E4,5,2026-05-03 17:42:42,151.7781,105.714489733329,0.8978,4.0987346024636,3.2156,1.038545,3.8919,0.69736326987682,0.45,2.6817,0.282128258319969,20.429,0.87209738476952,82.6138,15.0646,0,0,0,0.696506872423155,893,0,0
M3,E4,6,2026-05-03 17:48:52,150.8018,103.212926938232,0.9062,3.90866292286874,3.2905,1.060635,3.43105,0.684925710419486,0.45,1.7014,0.278565347073377,10.4702,0.58204129597178,83.732,14.3802,0,0,0,0.684427685466832,739,0,0
M3,E4,7,2026-05-03 17:54:49,176.9973,104.086420869295,0.9347,3.39065011764706,2.71785,1.0566,1.7631,0.593362470588236,0.45,1.8263,0.249177526728703,12.79,0.616415776633234,129.7965,16.2157,0,0,0,0.588067845494225,850,0,0
M3,E4,8,2026-05-03 17:57:50,148.2566,103.370746818089,0.9337,3.99093388203018,3.3709,1.06267,3.40405,0.697648971193416,0.45,2.2167,0.279871013465486,19.3292,0.85753689493388,79.5547,11.778,0,0,0,0.697242124924551,729,0,0
M3,E4,9,2026-05-03 18:00:57,148.1497,97.4003610879247,0.9777,3.69941668839635,3.1642,1.37954,1.66905,0.662530508474577,0.45,1,0.26537180628191,4.0169,0.504328112759369,90.8585,3.2102,0,0,0,0.657445550601349,767,0,0
M3,E4,10,2026-05-03 18:08:58,144.02,98.7827584360766,0.9662,4.43415191489362,3.2452,1.226825,3.052925,0.687264113475178,0.45,1.0992,0.271018444320737,8.2752,0.516446965248992,80.7829,6.9315,0,0,0,0.685896114679048,705,0,0
M4,E1,1,2026-05-02 21:00:10,100.2457,94.4292660771311,0.8805,9.94056555023923,12,1.61704,3.0528,0.948166267942584,1,2.0458,0.158074386265557,16.8602,0.902411041288941,12.6526,3.32019999999999,0,0,0,0.941978220284073,418,0,0
M4,E1,2,2026-05-02 21:02:26,106.4249,97.8307991404007,0.7541,9.46425482093664,12,1.075855,4.745425,0.91956391184573,1,2.0704,0.200038952265126,17.6548,1.00882686273747,17.4845,8.4636,0,0,0,0.919247273339234,363,0,0
M4,E1,3,2026-05-02 21:05:28,102.4559,95.3789925313837,0.8111,9.67515875706215,12,1.12242,4.0538,0.931094632768361,1,1.6173,0.178300186763801,5.4832,0.499421230421255,14.9417,5.579,0,0.301600000000001,1,0.93092728219052,354,0,0
M4,E1,4,2026-05-02 21:07:34,100.3652,94.385974153531,0.8616,9.83273421828909,12,1.486515,3.5772,0.942627138643068,1,1.7011,0.162282807883915,6.7004,0.47772142911409,12.8865,3.6102,0,0,0,0.940425308309364,339,0,0
M4,E1,5,2026-05-02 21:10:54,99.3544,93.9708585220399,1.1832,9.95706685236769,12,1.80567,3.023,0.947334818941504,1,1.1277,0.143940323943225,3.3832,0.316094268007836,12.0814,0.285300000000007,0,0.2849,1,0.945814765345469,359,0,0
M4,E1,6,2026-05-02 21:14:50,101.8503,95.3521304413815,0.7857,9.74220572289157,12,1.28396,3.83365,0.938014156626506,1,2.1012,0.179926551005371,19.0061,1.10253093137497,13.8925,4.93510000000001,0,0.298699999999997,1,0.936198817690096,332,0,0
M4,E1,7,2026-05-02 21:16:56,99.9937,94.243852793303,0.871,9.93170792682927,12,1.60848,3.07555,0.945736280487805,1,1.3715,0.15253294022608,5.8292,0.424621985869957,12.2163,2.82529999999999,0,0,0,0.942497905301064,328,0,0
M4,E1,8,2026-05-02 21:21:01,100.2257,94.1202344407394,0.828,9.88181228571428,12,1.5483,3.3317,0.941850571428571,1,1.281,0.156147973450996,4.5233,0.374099801771819,12.8664,3.3192,0,0,0,0.93908283445004,350,0,0
M4,E1,9,2026-05-02 21:25:07,102.1988,95.5007245531504,0.7259,9.69383038348083,12,1.21444,3.988175,0.931180825958702,1,1,0.169799709241469,4.7807,0.406898447572817,13.7508,4.72529999999999,0,0,0,0.934460331756835,339,0,0
M4,E1,10,2026-05-02 21:27:26,102.059,95.1675698672856,0.6895,9.70152969187675,12,1.209585,3.973675,0.93506106442577,1,2.0657,0.181957013296074,11.8157,0.729612650657868,14.2963,5.3705,0,0.293399999999998,1,0.932476017473086,357,0,0
M4,E2,1,2026-05-03 13:47:00,113.6132,96.717478329338,0.7972,6.4120752293578,3.7256,0.931055,9.14195,0.846646788990826,1,1,0.226770850033057,4.6377,0.628652130424936,33.0339,15.2146,0,0,0,0.851287335708686,763,0,0
M4,E2,2,2026-05-03 13:50:03,114.598,96.2799349806073,0.7738,6.28217033898305,3.71875,0.93588,9.9161,0.833873486682809,1,1.1531,0.232374591083105,8.1277,0.664022659623861,37.5226,15.4384,0,0,0,0.840153711064829,826,0,0
M4,E2,3,2026-05-03 13:56:36,112.5101,96.5336785593546,0.8102,6.48628202531646,3.74065,0.9356,9.1416,0.851931392405063,1,1.477,0.231859829004603,9.884,0.760266648742317,32.2774,13.8235,0,0,0,0.858000113406304,790,0,0
M4,E2,4,2026-05-03 14:00:12,118.722,98.7176473953257,0.782,5.97407835550181,3.718,0.93362,9.76445,0.824651390568319,1,1.4378,0.240025027816035,9.0581,0.769257086151906,40.7086,19.1003,0,0,0,0.831502563933607,827,0,0
M4,E2,5,2026-05-03 14:02:48,121.02,96.6663011716745,0.7971,5.98814618272841,4.6929,0.947935,10.278775,0.803003128911139,1,2.2459,0.248092751326745,18.5898,0.924170416413129,50.4439,22.0625,0,0.1601,1,0.798763024059449,799,0,0
M4,E2,6,2026-05-03 14:05:16,97.8865,94.5901505327828,0.7864,5.25074834337349,5.1055,2.12155,0.78225,0.96886265060241,1,2.1174,0.141150705879706,16.093,0.788920456444365,5.92569999999999,4.128,0,0,0,0.96632477954348,664,0,0
M4,E2,7,2026-05-03 14:07:58,116.9858,95.8799208717347,0.7806,6.09152194513716,3.94225,0.93344,9.5155,0.823034663341646,1,2.333,0.236895871593357,14.582,0.892610557050836,42.1733,15.2748,0,0,0,0.819585974295467,802,0,0
M4,E2,8,2026-05-03 14:10:34,116.0729,96.4278221343405,0.7982,6.49602273972603,5.01465,0.9595,9.7328,0.835243424657534,1,1.9951,0.233197665889817,15.1338,0.795474921967659,39.5899,16.2008,0,0.151899999999998,1,0.830752243928949,730,0,0
M4,E2,9,2026-05-03 14:12:58,110.3581,95.629329764664,0.7876,6.90454097421204,6.20065,0.98162,8.5964,0.869927650429799,1,2.0642,0.225461080050254,11.8258,0.689178309515462,29.3786,13.8646,0,0,0,0.866536572890109,698,0,0
M4,E2,10,2026-05-03 14:15:46,133.6512,95.892223587499,0.8947,4.16696789536266,2.6647,0.991265,5.740975,0.722776813317479,0.6075,1.6126,0.22613981262616,10.3216,0.553889381322637,84.1308,13.8475,0,0,0,0.717481201721339,841,0,0
M4,E3,1,2026-05-03 16:29:26,72.9966,51.5352199734694,1.2684,4.65216105476673,2.0131,1.292475,7.4157,0.699739756592292,0.6075,1.5329,0.237887113526678,9.6748,0.662249465874235,44.9141,0,0,0.148300000000006,1,0.705994799394347,493,0,0
M4,E3,2,2026-05-03 16:32:22,154.8,94.3241774074401,1.0965,2.74010246791708,1.3154,1.293915,1.150775,0.612703652517275,0.6009,1.3125,0.190453508680884,6.6166,0.529291136471307,128.1435,1.1615,0,0,0,0.609329311417572,1013,0,0
M4,E3,3,2026-05-03 16:34:05,70.9428,48.8312072153527,0.7948,3.89259399141631,3.5963,1.33836,1.118,0.687780042918455,0.6075,1.3351,0.169198217817701,10.45,0.929847963090483,35.2803,3.2723,0,0,0,0.688318014165676,466,0,0
M4,E3,4,2026-05-03 16:35:24,57.7558,42.8192152404824,0.807,3.37307540106952,3.63555,1.15212,0.682,0.736366577540107,0.6231,1.3177,0.18566526130453,10.1656,1.15441206869917,19.0422,3.0714,0,0,0,0.741383813235769,374,0,0
M4,E3,5,2026-05-03 16:37:14,80.1382,55.2188446703175,0.827,3.64507214700193,2.7255,1.195815,2.33245,0.687406576402322,0.6075,1,0.189683624180498,4.2463,0.650189928418926,55.3243,4.11969999999999,0,0,0,0.689045232739412,517,0,0
M4,E3,6,2026-05-03 16:38:46,61.7169,47.6385963291018,0.8082,3.93996748166259,3.6505,0.931095,0.54535,0.768459168704156,0.6859,1.6506,0.214389971140858,11.7103,1.12981632463348,19.3867,5.1459,0,0,0,0.771889001701346,409,0,0
M4,E3,7,2026-05-03 16:40:39,82.7215,69.8675593074511,0.8287,6.07503010948905,3.68805,1.01461,8.7124,0.840418430656934,0.997,1.3939,0.208056864782859,8.1986,0.903669615691939,21.8219,5.20930000000001,0,0,0,0.844611851906108,548,0,0
M4,E3,8,2026-05-03 16:42:11,37.2745,32.4369591868407,1.727,3.4468209486166,3.6822,2.25209,0.0879750000000001,0.869151778656127,0.9975,1.4418,0.179762597100365,9.6337,0.986893860262047,8.5848,0,0,0,0,0.870218492182073,253,0,0
M4,E3,9,2026-05-03 16:43:25,46.8662,37.888356469775,0.8499,3.07162037617555,3.6725,0.936335,1.240975,0.810226959247649,0.9969,1.429,0.223983186196166,8.479,0.906642874084679,18.2794,5.0787,0,0,0,0.808436708539949,319,0,0
M4,E3,10,2026-05-03 16:45:19,90.4169,77.3345702583654,0.8377,6.58360033613445,3.7073,1.043625,8.4003,0.853141176470588,0.9994,1.3626,0.204219097622212,8.2043,0.865940284140586,22.1515,5.26159999999999,0,0,0,0.855311012193134,595,0,0
M4,E4,1,2026-05-03 18:12:43,131.3071,95.6553160836504,0.8452,3.73328985200846,2.7597,0.97952,2.9243,0.727215116279069,0.6075,1.8572,0.210337870838379,16.3237,0.756265684721943,84.2579,13.1338,0,0,0,0.728485482381763,946,0,0
M4,E4,2,2026-05-03 18:16:51,134.9897,96.0779769736064,0.8327,3.63459522752497,2.6591,0.955855,2.732825,0.711632741398445,0.6075,1.5201,0.207084457982536,9.5957,0.629540679202111,91.1428,15.73,0,0,0,0.711743021679479,901,0,0
M4,E4,3,2026-05-03 18:27:03,139.3925,95.7371478408764,0.8435,3.42171071038251,2.5549,0.965025,2.076025,0.687607103825136,0.6075,1.4241,0.194439713966627,11.8693,0.625028812214574,102.3073,17.3346,0,0,0,0.686817065773814,915,0,0
M4,E4,4,2026-05-03 18:33:42,151.5742,97.4406267793544,0.712,2.85475415415415,1.9663,0.93808,1.563075,0.642655655655654,0.6075,1.4724,0.181389446849596,9.5374,0.63962518086141,124.1214,23.332,0,0.153700000000001,1,0.642857602278979,999,0,0
M4,E4,5,2026-05-03 18:37:45,158.0139,98.7446415451716,0.7223,2.65798844270323,1.8722,0.934695,1.7257,0.622513026444661,0.6075,1.3899,0.181943846747729,10.2571,0.695210895827149,131.2529,33.0219,0,0,0,0.624911109371844,1021,0,0
M4,E4,6,2026-05-03 18:40:51,161.3817,99.2174357287984,0.5379,2.69891431316042,1.9686,0.915805,1.651,0.614996349663784,0.6075,1.1748,0.169667240860685,7.4825,0.583175928394008,138.6234,40.6294,0,0,0,0.614799792843913,1041,0,0
M4,E4,7,2026-05-03 18:44:27,169.4332,96.771085379661,0.689,2.28226938421509,1.3075,0.90465,1.426625,0.572066088464872,0.5637,1.4696,0.1713449901901,9.4726,0.546633386317826,149.8312,55.5991,0,0,0,0.571145946483104,1153,0,0
M4,E4,8,2026-05-03 18:49:14,148.3595,94.5525510733485,0.8929,2.66704114688129,1.61305,1.03996,1.7176,0.640426056338027,0.6075,1.8239,0.184135944282966,8.0966,0.523838223602519,121.5285,13.8656,0,0,0,0.63732050238339,994,0,0
M4,E4,9,2026-05-03 19:03:10,152.1115,96.6968427583029,0.7629,2.82017653359299,1.9651,0.971695,1.87475,0.637500097370982,0.6075,2.1546,0.188140280783786,12.2626,0.71028219562345,125.4846,16.9075,0,0,0,0.635697121902702,1027,0,0
M4,E4,10,2026-05-03 19:06:31,151.2995,96.5229775852894,0.7533,2.85934026104418,1.9791,0.95675,1.90575,0.640802911646585,0.6075,2.3151,0.190909971893555,14.7836,0.75709070349813,124.4774,15.5454,0,0,0,0.637959660047055,996,0,0
