Tiempo_s,Distancia_m,Velocidad_mps,Aceleracion_mps2,PosX_m,PosY_m,PosZ_m,Metodo,Escenario,RunID
0,2.9105,1.3899,10.2571,-1.0741,-0.3167,29.4746,M4,E4,5
0.1559,2.8362,0.764,4.0141,-1.0734,-0.3167,29.3799,M4,E4,5
0.3086,2.8378,0.6388,0.82,-1.0726,-0.3167,29.2871,M4,E4,5
0.453,2.7898,0.6138,0.1734,-1.0719,-0.3167,29.1994,M4,E4,5
0.6,2.7505,0.6088,0.034,-1.0712,-0.3167,29.1101,M4,E4,5
0.7457,2.7081,0.6078,0.0069,-1.0705,-0.3167,29.0216,M4,E4,5
0.8871,2.6645,0.6075,0.0015,-1.0698,-0.3167,28.9357,M4,E4,5
1.0314,2.6263,0.6075,0.0004,-1.0691,-0.3167,28.848,M4,E4,5
1.1938,2.596,0.6075,0.0003,-1.0683,-0.3167,28.7494,M4,E4,5
1.3318,2.5363,0.6075,0.0004,-1.0676,-0.3167,28.6656,M4,E4,5
1.4691,2.497,0.6075,0.0004,-1.0668,-0.3167,28.5822,M4,E4,5
1.5838,2.4455,0.6075,0.001,-1.0662,-0.3167,28.5125,M4,E4,5
1.7238,2.4279,0.6075,0.0008,-1.0655,-0.3167,28.4274,M4,E4,5
1.8412,2.3756,0.6075,0.0013,-1.0648,-0.3167,28.3561,M4,E4,5
1.9789,2.3544,0.6075,0.0006,-1.0641,-0.3167,28.2725,M4,E4,5
2.1008,2.3069,0.6075,0.0016,-1.0633,-0.3167,28.1984,M4,E4,5
2.234,2.2794,0.6075,0.0009,-1.0626,-0.3167,28.1175,M4,E4,5
2.3569,2.2364,0.6075,0.002,-1.0618,-0.3167,28.0428,M4,E4,5
2.4927,2.2095,0.6075,0.0014,-1.0609,-0.3167,27.9603,M4,E4,5
2.6159,2.1647,0.6075,0.0024,-1.0601,-0.3167,27.8855,M4,E4,5
2.7644,2.1449,0.6075,0.0016,-1.0591,-0.3167,27.7953,M4,E4,5
2.8905,2.091,0.6075,0.0032,-1.0581,-0.3167,27.7187,M4,E4,5
3.0424,2.0709,0.6075,0.0017,-1.057,-0.3167,27.6264,M4,E4,5
3.1688,2.0145,0.6075,0.0048,-1.0559,-0.3167,27.5497,M4,E4,5
3.3165,1.9918,0.6075,0.0024,-1.0546,-0.3167,27.4599,M4,E4,5
3.4444,1.9402,0.6075,0.0064,-1.0534,-0.3167,27.3822,M4,E4,5
3.5865,1.9131,0.6075,0.0035,-1.052,-0.3167,27.2959,M4,E4,5
3.7248,1.8722,0.6075,0.0072,-1.0505,-0.3167,27.2119,M4,E4,5
3.8771,1.8424,0.6075,0.0048,-1.0487,-0.3167,27.1194,M4,E4,5
4.0197,1.7957,0.6075,0.0073,-1.0469,-0.3167,27.0328,M4,E4,5
4.1705,1.7618,0.6075,0.0062,-1.0448,-0.3167,26.9412,M4,E4,5
4.3078,1.7137,0.6075,0.0107,-1.0427,-0.3167,26.8578,M4,E4,5
4.4471,1.6781,0.6075,0.0096,-1.0404,-0.3167,26.7733,M4,E4,5
4.5883,1.642,0.6075,0.0138,-1.0377,-0.3167,26.6875,M4,E4,5
4.7136,1.5959,0.6075,0.0143,-1.0351,-0.3167,26.6114,M4,E4,5
4.853,1.5706,0.6075,0.0138,-1.032,-0.3167,26.5268,M4,E4,5
4.9711,1.5224,0.6075,0.0222,-1.029,-0.3167,26.4551,M4,E4,5
5.1183,1.5076,0.6075,0.0127,-1.0251,-0.3167,26.3658,M4,E4,5
5.2408,1.4561,0.6075,0.0261,-1.0213,-0.3167,26.2914,M4,E4,5
5.3966,1.4427,0.6075,0.0102,-1.0164,-0.3167,26.1969,M4,E4,5
5.5275,1.3897,0.6075,0.0294,-1.0117,-0.3167,26.1175,M4,E4,5
5.6815,1.369,0.6075,0.0116,-1.0059,-0.3167,26.0242,M4,E4,5
5.8233,1.324,0.6075,0.0326,-0.9999,-0.3167,25.9382,M4,E4,5
5.969,1.2911,0.6075,0.019,-0.9934,-0.3167,25.85,M4,E4,5
6.1131,1.2547,0.6075,0.0334,-0.9861,-0.3167,25.7627,M4,E4,5
6.2436,1.1959,0.4813,0.984,-0.9779,-0.3167,25.7046,M4,E4,5
6.3908,1.1548,0.4562,0.1835,-0.9678,-0.3167,25.6391,M4,E4,5
6.5234,1.0966,0.4512,0.0809,-0.9575,-0.3167,25.5804,M4,E4,5
6.6736,1.0575,0.4502,0.052,-0.9447,-0.3167,25.514,M4,E4,5
6.8038,0.9993,0.45,0.0789,-0.9323,-0.3167,25.4567,M4,E4,5
6.9531,0.9642,0.45,0.0597,-0.9168,-0.3167,25.3913,M4,E4,5
7.094,1.0124,0.45,0.0877,-0.9004,-0.3167,25.3301,M4,E4,5
7.2187,0.9636,0.45,0.0827,-0.8847,-0.3167,25.2762,M4,E4,5
7.3508,0.9997,0.45,0.0069,-0.8682,-0.3167,25.2191,M4,E4,5
7.4887,0.9704,0.4496,0.2839,-0.8576,-0.3167,25.1579,M4,E4,5
7.6251,0.9976,0.4493,0.3515,-0.8379,-0.3167,25.0998,M4,E4,5
7.7744,0.9758,0.4498,0.0672,-0.8163,-0.3167,25.0362,M4,E4,5
7.9189,1.004,0.4496,0.2505,-0.802,-0.3167,24.9728,M4,E4,5
8.0779,0.967,0.4496,0.2001,-0.7788,-0.3167,24.9051,M4,E4,5
8.2169,1.0135,0.4498,0.1785,-0.7637,-0.3167,24.8444,M4,E4,5
8.3752,0.9514,0.4496,0.2093,-0.7394,-0.3167,24.7775,M4,E4,5
8.5018,0.9683,0.4499,0.1118,-0.723,-0.3167,24.7229,M4,E4,5
8.6526,0.959,0.4497,0.1937,-0.6978,-0.3167,24.6599,M4,E4,5
8.7915,0.9351,0.4498,0.1873,-0.6798,-0.3167,24.6,M4,E4,5
8.9396,0.9436,0.4499,0.0766,-0.6617,-0.3167,24.5359,M4,E4,5
9.0884,0.9766,0.4496,0.246,-0.6366,-0.3167,24.4738,M4,E4,5
9.2235,0.9883,0.4498,0.1623,-0.6116,-0.3167,24.4184,M4,E4,5
9.3684,0.9741,0.4499,0.0691,-0.5839,-0.3167,24.3594,M4,E4,5
9.5031,0.9552,0.45,0.049,-0.5574,-0.3167,24.3048,M4,E4,5
9.6561,0.9175,0.45,0.0031,-0.5275,-0.3167,24.2428,M4,E4,5
9.8024,0.9278,0.45,0.0007,-0.4989,-0.3167,24.1835,M4,E4,5
9.9302,0.9389,0.45,0.0458,-0.4748,-0.3167,24.1313,M4,E4,5
10.0843,0.9583,0.45,0.0403,-0.4465,-0.3167,24.068,M4,E4,5
10.2157,0.9757,0.45,0.0486,-0.4233,-0.3167,24.0136,M4,E4,5
10.3684,0.9972,0.45,0.077,-0.3981,-0.3167,23.9497,M4,E4,5
10.4986,1.0192,0.45,0.0792,-0.3778,-0.3167,23.8947,M4,E4,5
10.6589,1.0425,0.4499,0.0796,-0.3548,-0.3167,23.8263,M4,E4,5
10.794,1.0693,0.45,0.0862,-0.337,-0.3167,23.7682,M4,E4,5
10.9264,1.0937,0.4499,0.0953,-0.3211,-0.3167,23.7108,M4,E4,5
11.0652,1.1181,0.4499,0.086,-0.306,-0.3167,23.6502,M4,E4,5
11.1916,1.1452,0.45,0.0839,-0.2935,-0.3167,23.5947,M4,E4,5
11.3487,1.1678,0.45,0.062,-0.2795,-0.3167,23.5254,M4,E4,5
11.4776,1.202,0.45,0.0717,-0.2692,-0.3167,23.4683,M4,E4,5
11.6424,1.2248,0.45,0.0483,-0.2572,-0.3167,23.3951,M4,E4,5
11.7766,1.2641,0.45,0.066,-0.2486,-0.3167,23.3354,M4,E4,5
11.9294,1.2909,0.45,0.0438,-0.2398,-0.3167,23.2672,M4,E4,5
12.0617,1.3292,0.45,0.0602,-0.2332,-0.3167,23.208,M4,E4,5
12.2157,1.356,0.45,0.0382,-0.2264,-0.3167,23.1391,M4,E4,5
12.3543,1.3826,0.5758,0.9307,-0.2235,-0.3167,23.0549,M4,E4,5
12.5078,1.3981,0.6012,0.1713,-0.2206,-0.3167,22.9617,M4,E4,5
12.6577,1.422,0.6062,0.04,-0.2182,-0.3167,22.8707,M4,E4,5
12.8066,1.4451,0.6072,0.0128,-0.2159,-0.3167,22.7802,M4,E4,5
12.9402,1.4736,0.6075,0.0131,-0.2141,-0.3167,22.6991,M4,E4,5
13.0954,1.4872,0.6075,0.0104,-0.2123,-0.3167,22.6048,M4,E4,5
13.2291,1.5201,0.6075,0.0131,-0.211,-0.3167,22.5236,M4,E4,5
13.3866,1.5334,0.6075,0.0062,-0.2095,-0.3167,22.428,M4,E4,5
13.5178,1.5698,0.6075,0.0124,-0.2086,-0.3167,22.3482,M4,E4,5
13.6601,1.5873,0.6075,0.006,-0.2076,-0.3167,22.2618,M4,E4,5
13.81,1.6072,0.6075,0.0102,-0.2069,-0.3167,22.1707,M4,E4,5
13.962,1.6305,0.6075,0.0057,-0.2062,-0.3167,22.0784,M4,E4,5
14.1186,1.6538,0.6075,0.0065,-0.2057,-0.3167,21.9833,M4,E4,5
14.2743,1.6816,0.6075,0.0074,-0.2054,-0.3167,21.8887,M4,E4,5
14.4282,1.7115,0.6075,0.0062,-0.2052,-0.3167,21.7952,M4,E4,5
14.5752,1.7438,0.6075,0.0055,-0.2051,-0.3167,21.7059,M4,E4,5
14.7088,1.7781,0.6075,0.0047,-0.2051,-0.3167,21.6247,M4,E4,5
14.8378,1.8064,0.6075,0.0038,-0.2052,-0.3167,21.5463,M4,E4,5
15.0046,1.8148,0.6075,0.0043,-0.2055,-0.3167,21.445,M4,E4,5
15.141,1.8621,0.6075,0.0046,-0.2057,-0.3167,21.3622,M4,E4,5
15.2967,1.8808,0.6075,0.0016,-0.2061,-0.3167,21.2676,M4,E4,5
15.4531,1.9125,0.6075,0.0049,-0.2065,-0.3167,21.1726,M4,E4,5
15.607,1.9461,0.6075,0.0026,-0.2071,-0.3167,21.079,M4,E4,5
15.7643,1.9768,0.6075,0.0029,-0.2077,-0.3167,20.9835,M4,E4,5
15.9179,2.012,0.6075,0.003,-0.2083,-0.3167,20.8902,M4,E4,5
16.0711,2.0452,0.6075,0.0025,-0.209,-0.3167,20.7972,M4,E4,5
16.2454,2.068,0.6075,0.0022,-0.2099,-0.3167,20.6913,M4,E4,5
16.4248,2.1035,0.6075,0.0018,-0.2109,-0.3167,20.5823,M4,E4,5
16.5492,2.171,0.6075,0.0018,-0.2116,-0.3167,20.5067,M4,E4,5
16.7149,2.1778,0.6075,0.0016,-0.2125,-0.3167,20.406,M4,E4,5
16.8852,2.2128,0.6075,0.0024,-0.2136,-0.3167,20.3026,M4,E4,5
17.0551,2.2517,0.6075,0.0006,-0.2147,-0.3167,20.1994,M4,E4,5
17.2207,2.2928,0.6075,0.001,-0.2158,-0.3167,20.0988,M4,E4,5
17.3817,2.3335,0.6075,0.0011,-0.2168,-0.3167,20.001,M4,E4,5
17.5454,2.3696,0.6075,0.001,-0.2179,-0.3167,19.9015,M4,E4,5
17.7105,2.4073,0.6075,0.0008,-0.2191,-0.3167,19.8013,M4,E4,5
17.8762,2.4459,0.6075,0.0007,-0.2203,-0.3167,19.7006,M4,E4,5
18.0306,2.4914,0.6075,0.0006,-0.2214,-0.3167,19.6068,M4,E4,5
18.1735,2.5347,0.6075,0.0006,-0.2224,-0.3167,19.52,M4,E4,5
18.3354,2.5588,0.6075,0.0005,-0.2236,-0.3167,19.4217,M4,E4,5
18.4954,2.5991,0.6075,0.0004,-0.2248,-0.3167,19.3244,M4,E4,5
18.6405,2.6462,0.6075,0.0003,-0.2258,-0.3167,19.2363,M4,E4,5
18.8199,2.6631,0.6075,0.0002,-0.2272,-0.3167,19.1273,M4,E4,5
18.9874,2.7137,0.6075,0.0003,-0.2284,-0.3167,19.0256,M4,E4,5
19.1353,2.766,0.6075,0.0001,-0.2295,-0.3167,18.9358,M4,E4,5
19.3155,2.785,0.6075,0.0002,-0.2309,-0.3167,18.8263,M4,E4,5
19.4549,2.8527,0.6075,0.0002,-0.2319,-0.3167,18.7416,M4,E4,5
19.6318,2.8668,0.6075,0.0001,-0.2333,-0.3167,18.6341,M4,E4,5
19.7943,2.9195,0.6075,0.0001,-0.2345,-0.3167,18.5354,M4,E4,5
19.9498,2.9646,0.6075,0.0001,-0.2357,-0.3167,18.441,M4,E4,5
20.1052,3.0042,0.6075,0.0001,-0.2369,-0.3167,18.3466,M4,E4,5
20.2559,3.0465,0.6075,0.0001,-0.238,-0.3167,18.2551,M4,E4,5
20.4125,3.0818,0.6075,0,-0.2392,-0.3167,18.1599,M4,E4,5
20.5638,3.1251,0.6075,0,-0.2404,-0.3167,18.068,M4,E4,5
20.7116,3.1661,0.6075,0,-0.2415,-0.3167,17.9782,M4,E4,5
20.877,3.1944,0.6075,0,-0.2428,-0.3167,17.8778,M4,E4,5
21.0165,3.2521,0.6075,0,-0.2439,-0.3167,17.793,M4,E4,5
21.1672,3.2823,0.6075,0,-0.245,-0.3167,17.7014,M4,E4,5
21.3253,3.3185,0.6075,0,-0.2462,-0.3167,17.6054,M4,E4,5
21.4794,3.364,0.6075,0.0001,-0.2474,-0.3167,17.5118,M4,E4,5
21.6314,3.4083,0.6075,0,-0.2486,-0.3167,17.4195,M4,E4,5
21.7872,3.4495,0.6075,0,-0.2498,-0.3167,17.3249,M4,E4,5
21.9426,3.4948,0.6075,0,-0.251,-0.3167,17.2304,M4,E4,5
22.1087,3.5245,0.6075,0,-0.2522,-0.3167,17.1295,M4,E4,5
22.2678,3.567,0.6075,0,-0.2534,-0.3167,17.0329,M4,E4,5
22.4242,3.6109,0.6075,0,-0.2546,-0.3167,16.9379,M4,E4,5
22.5908,3.6487,0.6075,0,-0.2559,-0.3167,16.8367,M4,E4,5
22.7264,3.714,0.6075,0,-0.257,-0.3167,16.7543,M4,E4,5
22.8654,3.7529,0.6075,0,-0.258,-0.3167,16.6699,M4,E4,5
23.0103,3.7383,0.9215,2.1671,-0.2599,-0.3167,16.525,M4,E4,5
23.1673,3.7177,0.9843,0.4001,-0.2618,-0.3167,16.3681,M4,E4,5
23.3252,3.7071,0.9969,0.0796,-0.2638,-0.3167,16.2102,M4,E4,5
23.4805,3.6998,0.9994,0.0162,-0.2658,-0.3167,16.0548,M4,E4,5
23.6346,3.6917,0.9999,0.0033,-0.2677,-0.3167,15.9007,M4,E4,5
23.788,3.6832,1,0.0007,-0.2697,-0.3167,15.7474,M4,E4,5
23.947,3.669,1,0.0001,-0.2717,-0.3167,15.5883,M4,E4,5
24.1101,3.6561,1,0,-0.2737,-0.3167,15.4253,M4,E4,5
24.2691,3.6505,1,0,-0.2757,-0.3167,15.2663,M4,E4,5
24.4391,3.6212,0.686,1.8476,-0.277,-0.3167,15.163,M4,E4,5
24.6052,3.5946,0.6232,0.378,-0.2783,-0.3167,15.0621,M4,E4,5
24.7626,3.5758,0.6106,0.0798,-0.2795,-0.3167,14.9665,M4,E4,5
24.9373,3.5458,0.6081,0.0144,-0.2809,-0.3167,14.8604,M4,E4,5
25.0947,3.5366,0.6076,0.0032,-0.2821,-0.3167,14.7648,M4,E4,5
25.2583,3.5152,0.6075,0.0006,-0.2833,-0.3167,14.6654,M4,E4,5
25.4106,3.5035,0.6075,0.0001,-0.2845,-0.3167,14.5729,M4,E4,5
25.5706,3.4816,0.6075,0,-0.2857,-0.3167,14.4757,M4,E4,5
25.7323,3.4625,0.6075,0,-0.287,-0.3167,14.3775,M4,E4,5
25.8916,3.4458,0.6075,0,-0.2882,-0.3167,14.2807,M4,E4,5
26.0539,3.383,0.6075,0,-0.2894,-0.3167,14.1821,M4,E4,5
26.2171,3.2877,0.6075,0,-0.2907,-0.3167,14.083,M4,E4,5
26.3784,3.1936,0.6075,0,-0.2919,-0.3167,13.985,M4,E4,5
26.5415,3.0986,0.6075,0,-0.2932,-0.3167,13.8859,M4,E4,5
26.7168,2.9969,0.6075,0,-0.2945,-0.3167,13.7794,M4,E4,5
26.887,2.8984,0.6075,0,-0.2958,-0.3167,13.6761,M4,E4,5
27.0588,2.7993,0.6075,0,-0.2971,-0.3167,13.5717,M4,E4,5
27.2435,2.693,0.6075,0,-0.2985,-0.3167,13.4595,M4,E4,5
27.4267,2.5882,0.6075,0,-0.3,-0.3167,13.3482,M4,E4,5
27.6106,2.4833,0.6075,0,-0.3014,-0.3167,13.2365,M4,E4,5
27.8006,2.3755,0.6075,0,-0.3028,-0.3167,13.1211,M4,E4,5
27.9782,2.2753,0.6075,0,-0.3042,-0.3167,13.0132,M4,E4,5
28.154,2.1767,0.6075,0,-0.3055,-0.3167,12.9064,M4,E4,5
28.3269,2.0803,0.6075,0,-0.3069,-0.3167,12.8014,M4,E4,5
28.4889,1.9907,0.6075,0.0001,-0.3081,-0.3167,12.703,M4,E4,5
28.6455,1.9047,0.6075,0.0002,-0.3093,-0.3167,12.6079,M4,E4,5
28.8003,1.8204,0.6075,0.0003,-0.3105,-0.3167,12.5138,M4,E4,5
28.9513,1.739,0.6075,0.0007,-0.3117,-0.3167,12.4221,M4,E4,5
29.1052,1.6568,0.6075,0.0013,-0.313,-0.3167,12.3286,M4,E4,5
29.2644,1.5729,0.6075,0.0022,-0.3143,-0.3167,12.2319,M4,E4,5
29.4124,1.4959,0.6075,0.0042,-0.3157,-0.3167,12.142,M4,E4,5
29.5786,1.411,0.6075,0.0068,-0.3174,-0.3167,12.041,M4,E4,5
29.7403,1.3301,0.6075,0.0111,-0.3194,-0.3167,11.9429,M4,E4,5
29.9,1.2522,0.6075,0.0206,-0.322,-0.3167,11.8459,M4,E4,5
30.0532,1.18,0.6075,0.0351,-0.3253,-0.3167,11.7528,M4,E4,5
30.2167,1.1064,0.6075,0.0523,-0.3305,-0.3167,11.6536,M4,E4,5
30.371,1.0615,0.4811,0.8585,-0.3405,-0.3167,11.585,M4,E4,5
30.5339,1.0213,0.4557,0.2957,-0.3574,-0.3167,11.5136,M4,E4,5
30.6887,0.9906,0.4507,0.2528,-0.379,-0.3167,11.4474,M4,E4,5
30.8444,0.9697,0.4495,0.3036,-0.408,-0.3167,11.3836,M4,E4,5
31.0094,0.9595,0.4492,0.3135,-0.4464,-0.3167,11.32,M4,E4,5
31.1757,0.9615,0.4491,0.3097,-0.4921,-0.3167,11.2608,M4,E4,5
31.3242,0.9731,0.4492,0.3069,-0.538,-0.3167,11.2122,M4,E4,5
31.4738,0.9918,0.4496,0.2145,-0.5872,-0.3167,11.1663,M4,E4,5
31.6212,1.0104,0.4498,0.1092,-0.6369,-0.3167,11.1223,M4,E4,5
31.785,0.8712,0.45,0.0316,-0.6924,-0.3167,11.0738,M4,E4,5
31.9408,0.8147,0.3763,3.1676,-0.6493,-0.3167,11.0185,M4,E4,5
32.0921,0.9146,0.4256,1.264,-0.5927,-0.3167,10.9806,M4,E4,5
32.2589,0.8418,0.4451,0.1489,-0.5326,-0.3167,10.9357,M4,E4,5
32.4218,0.7846,0.4435,0.863,-0.4957,-0.3167,10.8723,M4,E4,5
32.5827,0.7223,0.4484,0.2143,-0.4491,-0.3167,10.8169,M4,E4,5
32.7417,0.7642,0.2842,3.2104,-0.501,-0.3167,10.7917,M4,E4,5
32.9021,0.8274,0.4099,1.2577,-0.5714,-0.3167,10.7754,M4,E4,5
33.0574,0.8875,0.442,0.2091,-0.6384,-0.3167,10.7558,M4,E4,5
33.2315,0.9527,0.4482,0.1628,-0.7116,-0.3167,10.7279,M4,E4,5
33.3658,1.0013,0.4493,0.2521,-0.7662,-0.3167,10.7019,M4,E4,5
33.502,1.0481,0.4495,0.2835,-0.8191,-0.3167,10.6708,M4,E4,5
33.6524,1.0981,0.4496,0.2122,-0.875,-0.3167,10.6326,M4,E4,5
33.8098,1.1485,0.4497,0.1909,-0.9306,-0.3167,10.5889,M4,E4,5
33.9593,1.1946,0.4497,0.2096,-0.9805,-0.3167,10.5438,M4,E4,5
34.1113,1.2393,0.4496,0.2095,-1.0279,-0.3167,10.4944,M4,E4,5
34.2495,1.2782,0.4497,0.2144,-1.0679,-0.3167,10.4468,M4,E4,5
34.4105,1.3127,0.5707,1.2389,-1.1009,-0.3167,10.3548,M4,E4,5
34.5709,1.3487,0.5998,0.3222,-1.1308,-0.3167,10.262,M4,E4,5
34.725,1.3846,0.6058,0.1584,-1.1567,-0.3167,10.172,M4,E4,5
34.8818,1.4222,0.6071,0.1351,-1.1799,-0.3167,10.0796,M4,E4,5
35.0433,1.4622,0.6073,0.1266,-1.2006,-0.3167,9.9837,M4,E4,5
35.2014,1.5022,0.6074,0.1289,-1.2177,-0.3167,9.8892,M4,E4,5
35.3569,1.5425,0.6074,0.1294,-1.2314,-0.3167,9.7958,M4,E4,5
35.5102,1.5832,0.6074,0.1213,-1.2422,-0.3167,9.7033,M4,E4,5
35.6735,1.6279,0.6074,0.1017,-1.251,-0.3167,9.6045,M4,E4,5
35.8357,1.6739,0.6074,0.0893,-1.2576,-0.3167,9.5061,M4,E4,5
35.979,1.7158,0.6075,0.091,-1.2616,-0.3167,9.4192,M4,E4,5
36.1117,1.7557,0.6075,0.0823,-1.2639,-0.3167,9.3386,M4,E4,5
36.258,1.8012,0.6075,0.0556,-1.2653,-0.3167,9.2497,M4,E4,5
36.4169,1.8528,0.6075,0.0381,-1.266,-0.3167,9.1532,M4,E4,5
36.575,1.9062,0.6075,0.032,-1.2659,-0.3167,9.0571,M4,E4,5
36.7181,1.9563,0.6075,0.029,-1.2653,-0.3167,8.9702,M4,E4,5
36.8862,2.0174,0.6075,0.0183,-1.2641,-0.3167,8.8681,M4,E4,5
37.0228,2.0687,0.6075,0.015,-1.2629,-0.3167,8.7851,M4,E4,5
37.1785,2.1291,0.6075,0.01,-1.2612,-0.3167,8.6905,M4,E4,5
37.3259,2.1879,0.6075,0.0063,-1.2596,-0.3167,8.601,M4,E4,5
37.4872,2.2542,0.6075,0.004,-1.2577,-0.3167,8.503,M4,E4,5
37.6439,2.3203,0.6075,0.0026,-1.2558,-0.3167,8.4078,M4,E4,5
37.8029,2.389,0.6075,0.0017,-1.2538,-0.3167,8.3113,M4,E4,5
37.9622,2.4593,0.6075,0.001,-1.2518,-0.3167,8.2146,M4,E4,5
38.1191,2.5301,0.6075,0.0006,-1.2499,-0.3167,8.1193,M4,E4,5
38.2739,2.6012,0.6075,0.0003,-1.2479,-0.3167,8.0252,M4,E4,5
38.436,2.6769,0.6075,0.0002,-1.2459,-0.3167,7.9268,M4,E4,5
38.5923,2.751,0.6075,0.0001,-1.2439,-0.3167,7.8318,M4,E4,5
38.7545,2.829,0.6075,0,-1.2419,-0.3167,7.7333,M4,E4,5
38.9128,2.8222,0.6075,0,-1.2399,-0.3167,7.6372,M4,E4,5
39.0501,2.8174,0.6075,0.0006,-1.2382,-0.3167,7.5538,M4,E4,5
39.1869,2.8032,0.6075,0.0002,-1.2364,-0.3167,7.4707,M4,E4,5
39.3413,2.7787,0.6075,0.0001,-1.2345,-0.3167,7.3769,M4,E4,5
39.5055,2.7569,0.6075,0.0001,-1.2325,-0.3167,7.2772,M4,E4,5
39.6656,2.7419,0.6075,0.0001,-1.2305,-0.3167,7.18,M4,E4,5
39.8285,2.7234,0.6075,0.0001,-1.2284,-0.3167,7.081,M4,E4,5
39.9796,2.7129,0.6075,0.0001,-1.2265,-0.3167,6.9892,M4,E4,5
40.1328,2.6958,0.6075,0.0001,-1.2246,-0.3167,6.8962,M4,E4,5
40.287,2.679,0.6075,0.0001,-1.2227,-0.3167,6.8025,M4,E4,5
40.4478,2.6591,0.6075,0.0001,-1.2207,-0.3167,6.7049,M4,E4,5
40.6105,2.6411,0.6075,0.0001,-1.2187,-0.3167,6.606,M4,E4,5
40.7715,2.6249,0.6075,0.0001,-1.2167,-0.3167,6.5083,M4,E4,5
41.0211,2.558,0.6075,0.0001,-1.2136,-0.3167,6.3567,M4,E4,5
41.2629,2.5746,0.6075,0.0003,-1.2107,-0.3167,6.2098,M4,E4,5
41.4065,2.5662,0.6075,0.0003,-1.2089,-0.3167,6.1226,M4,E4,5
41.5779,2.5354,0.6075,0.0003,-1.2068,-0.3167,6.0185,M4,E4,5
41.7354,2.5252,0.6075,0.0001,-1.2048,-0.3167,5.9228,M4,E4,5
41.8983,2.5057,0.6075,0.0003,-1.2029,-0.3167,5.8238,M4,E4,5
42.0431,2.4988,0.6075,0.0002,-1.2011,-0.3167,5.7359,M4,E4,5
42.1853,2.4851,0.6075,0.0003,-1.1994,-0.3167,5.6495,M4,E4,5
42.3344,2.4663,0.6075,0.0001,-1.1976,-0.3167,5.559,M4,E4,5
42.4911,2.4465,0.6075,0.0002,-1.1957,-0.3167,5.4638,M4,E4,5
42.6499,2.4289,0.6075,0.0003,-1.1938,-0.3167,5.3673,M4,E4,5
42.8155,2.4085,0.6075,0.0003,-1.1918,-0.3167,5.2668,M4,E4,5
42.9759,2.3941,0.6075,0.0004,-1.1899,-0.3167,5.1693,M4,E4,5
43.1347,2.3783,0.6075,0.0004,-1.188,-0.3167,5.0729,M4,E4,5
43.2927,2.3621,0.6075,0.0004,-1.1861,-0.3167,4.9769,M4,E4,5
43.4522,2.3449,0.6075,0.0004,-1.1843,-0.3167,4.8801,M4,E4,5
43.6258,2.3203,0.6075,0.0004,-1.1822,-0.3167,4.7746,M4,E4,5
43.7891,2.308,0.6075,0.0005,-1.1803,-0.3167,4.6754,M4,E4,5
43.9558,2.2892,0.6075,0.0007,-1.1784,-0.3167,4.5742,M4,E4,5
44.1118,2.2778,0.6075,0.0005,-1.1767,-0.3167,4.4794,M4,E4,5
44.2906,2.249,0.6075,0.0006,-1.1746,-0.3167,4.3708,M4,E4,5
44.4759,2.2268,0.6075,0.0004,-1.1726,-0.3167,4.2583,M4,E4,5
44.6605,2.208,0.6075,0.0009,-1.1705,-0.3167,4.1461,M4,E4,5
44.8395,2.1921,0.6075,0.0009,-1.1686,-0.3167,4.0374,M4,E4,5
45.0171,2.1744,0.6075,0.0009,-1.1667,-0.3167,3.9296,M4,E4,5
45.1836,2.1621,0.6075,0.0008,-1.1649,-0.3167,3.8284,M4,E4,5
45.3456,2.1475,0.6075,0.001,-1.1632,-0.3167,3.73,M4,E4,5
45.5156,2.1265,0.6075,0.0007,-1.1615,-0.3167,3.6268,M4,E4,5
45.6826,2.1105,0.6075,0.0009,-1.1598,-0.3167,3.5253,M4,E4,5
45.8521,2.0921,0.6075,0.0013,-1.1581,-0.3167,3.4224,M4,E4,5
46.0206,2.0752,0.6075,0.0012,-1.1565,-0.3167,3.32,M4,E4,5
46.1919,2.0565,0.6075,0.0013,-1.1549,-0.3167,3.2159,M4,E4,5
46.3638,2.0386,0.6075,0.0013,-1.1533,-0.3167,3.1115,M4,E4,5
46.523,2.0281,0.6075,0.0017,-1.1519,-0.3167,3.0148,M4,E4,5
46.6788,2.0137,0.6075,0.0018,-1.1505,-0.3167,2.9202,M4,E4,5
46.8444,1.9925,0.6075,0.0012,-1.1491,-0.3167,2.8196,M4,E4,5
47.0218,1.9693,0.6075,0.0014,-1.1476,-0.3167,2.7119,M4,E4,5
47.2094,1.9457,0.6075,0.002,-1.1462,-0.3167,2.5979,M4,E4,5
47.3725,1.9401,0.6075,0.0028,-1.145,-0.3167,2.4988,M4,E4,5
47.5283,1.9277,0.6075,0.0033,-1.1439,-0.3167,2.4041,M4,E4,5
47.6955,1.9059,0.6075,0.0012,-1.1428,-0.3167,2.3026,M4,E4,5
47.8473,1.8987,0.6075,0.0018,-1.1418,-0.3167,2.2104,M4,E4,5
48.0154,1.8278,0.6075,0.0035,-1.1408,-0.3167,2.1082,M4,E4,5
48.1747,1.771,0.6075,0.0062,-1.1401,-0.3167,2.0115,M4,E4,5
48.3236,1.726,0.6075,0.0072,-1.1392,-0.3167,1.921,M4,E4,5
48.4829,1.6813,0.6075,0.0147,-1.1377,-0.3167,1.8243,M4,E4,5
48.6458,1.6471,0.6075,0.0115,-1.1368,-0.3167,1.7253,M4,E4,5
48.8002,1.6288,0.6075,0.0362,-1.1368,-0.3167,1.6315,M4,E4,5
48.9633,1.6125,0.6075,0.0637,-1.1388,-0.3167,1.5324,M4,E4,5
49.1218,1.6102,0.6075,0.0909,-1.1432,-0.3167,1.4363,M4,E4,5
49.2742,1.614,0.6074,0.1046,-1.1499,-0.3167,1.3439,M4,E4,5
49.4283,1.5659,0.6075,0.0609,-1.1578,-0.3167,1.2506,M4,E4,5
49.5963,1.3688,0.6075,0.0129,-1.1656,-0.3167,1.1489,M4,E4,5
49.7575,1.1841,0.6069,0.3464,-1.162,-0.3167,1.051,M4,E4,5
49.9243,0.9987,0.6073,0.1341,-1.1558,-0.3167,0.9499,M4,E4,5
50.0606,0.8833,0.4693,1.8285,-1.1226,-0.3167,0.8983,M4,E4,5
50.2037,0.9117,0.2618,3.323,-1.0838,-0.3167,0.9221,M4,E4,5
50.3577,0.9664,0.3965,1.7665,-1.0484,-0.3167,0.9817,M4,E4,5
50.5154,0.8584,0.2256,2.7825,-1.0198,-0.3167,0.9459,M4,E4,5
50.6742,0.8115,0.3928,1.6847,-1.004,-0.3167,0.8762,M4,E4,5
50.826,0.9376,0.2668,2.9958,-0.959,-0.3167,0.9012,M4,E4,5
50.98,0.8573,0.3986,1.71,-0.9016,-0.3167,0.8623,M4,E4,5
51.1321,0.9081,0.4173,1.8411,-0.8372,-0.3167,0.8854,M4,E4,5
51.2718,0.9271,0.4424,0.4787,-0.7744,-0.3167,0.8869,M4,E4,5
51.4028,0.8672,0.4061,2.9065,-0.7459,-0.3167,0.8353,M4,E4,5
51.5445,0.8988,0.4327,1.2402,-0.6863,-0.3167,0.8127,M4,E4,5
51.7124,0.8996,0.4397,0.9332,-0.6392,-0.3167,0.7536,M4,E4,5
51.8691,0.8719,0.4465,0.4529,-0.6018,-0.3167,0.6938,M4,E4,5
52.0292,0.9181,0.4481,0.4056,-0.5512,-0.3167,0.6426,M4,E4,5
52.1799,0.8997,0.4489,0.3416,-0.5129,-0.3167,0.5866,M4,E4,5
52.3356,0.9361,0.4496,0.1609,-0.4758,-0.3167,0.5272,M4,E4,5
52.4763,0.9815,0.4496,0.2337,-0.4465,-0.3167,0.4711,M4,E4,5
52.6363,1.0463,0.4495,0.2401,-0.419,-0.3167,0.4045,M4,E4,5
52.7969,1.125,0.4496,0.2129,-0.3963,-0.3167,0.3359,M4,E4,5
52.9577,1.2158,0.4496,0.2077,-0.3788,-0.3167,0.2657,M4,E4,5
53.1032,1.3071,0.4497,0.203,-0.3669,-0.3167,0.2013,M4,E4,5
53.2301,1.3931,0.4498,0.1957,-0.3596,-0.3167,0.1447,M4,E4,5
53.3746,1.4976,0.4499,0.1304,-0.3538,-0.3167,0.0799,M4,E4,5
53.5358,1.6383,0.5757,0.8074,-0.3514,-0.3167,-0.018,M4,E4,5
53.6959,1.7877,0.6011,0.1751,-0.3504,-0.3167,-0.1153,M4,E4,5
53.8514,1.9404,0.6062,0.0609,-0.3505,-0.3167,-0.2097,M4,E4,5
54.0096,1.9343,0.6072,0.0344,-0.3513,-0.3167,-0.3058,M4,E4,5
54.1704,1.9116,0.6074,0.0209,-0.3526,-0.3167,-0.4035,M4,E4,5
54.3288,1.8906,0.6075,0.0388,-0.355,-0.3167,-0.4997,M4,E4,5
54.4842,1.8689,0.6075,0.007,-0.3573,-0.3167,-0.594,M4,E4,5
54.6485,1.8397,0.6075,0,-0.3597,-0.3167,-0.6938,M4,E4,5
54.8033,1.8121,0.6075,0.0014,-0.3619,-0.3167,-0.7878,M4,E4,5
54.9595,1.7769,0.6075,0.0011,-0.3641,-0.3167,-0.8827,M4,E4,5
55.1205,1.744,0.6075,0.005,-0.3662,-0.3167,-0.9805,M4,E4,5
55.2905,1.7121,0.6075,0.003,-0.3684,-0.3167,-1.0837,M4,E4,5
55.4532,1.6875,0.6075,0.0006,-0.3705,-0.3167,-1.1826,M4,E4,5
55.6178,1.5886,0.6075,0.0018,-0.3727,-0.3167,-1.2826,M4,E4,5
55.7746,1.4952,0.6075,0.0014,-0.3748,-0.3167,-1.3778,M4,E4,5
55.9732,1.3799,0.6075,0.0051,-0.3771,-0.3167,-1.4984,M4,E4,5
56.1503,1.2778,0.6075,0.0011,-0.3792,-0.3167,-1.606,M4,E4,5
56.3278,1.1781,0.6075,0,-0.3813,-0.3167,-1.7138,M4,E4,5
56.5112,1.1037,0.4815,0.6872,-0.3829,-0.3167,-1.7963,M4,E4,5
56.6864,1.0354,0.4563,0.1438,-0.3844,-0.3167,-1.8752,M4,E4,5
56.8428,1.074,0.1096,3.6195,-0.3843,-0.3167,-1.8359,M4,E4,5
57.0011,1.1376,0.3819,1.7199,-0.3842,-0.3167,-1.7646,M4,E4,5
57.1773,1.1091,0.0705,2.5661,-0.3855,-0.3167,-1.7969,M4,E4,5
57.346,1.0611,0.3711,1.8838,-0.4374,-0.3167,-1.8524,M4,E4,5
57.5121,1.1091,0.233,2.9301,-0.4536,-0.3167,-1.8004,M4,E4,5
57.6844,1.1795,0.4041,1.1342,-0.4714,-0.3167,-1.7249,M4,E4,5
57.8519,1.2431,0.4383,0.6046,-0.5107,-0.3167,-1.6606,M4,E4,5
58.0291,1.2067,0.3114,3.0404,-0.5619,-0.3167,-1.7109,M4,E4,5
58.1934,1.1486,0.3983,1.8345,-0.5688,-0.3167,-1.7846,M4,E4,5
58.3369,1.1039,0.4395,0.3263,-0.5872,-0.3167,-1.8465,M4,E4,5
58.5023,1.1165,0.4032,2.3597,-0.661,-0.3167,-1.8564,M4,E4,5
58.6627,1.2099,0.3952,2.4405,-0.7068,-0.3167,-1.8006,M4,E4,5
58.8066,1.3277,0.4387,0.3829,-0.7524,-0.3167,-1.7546,M4,E4,5
58.9601,1.3511,0.3837,2.9291,-0.8088,-0.3167,-1.7936,M4,E4,5
59.0998,1.2059,0.5241,3.2012,-0.815,-0.3167,-1.8782,M4,E4,5
59.2583,1.0796,0.588,0.8447,-0.81,-0.3167,-1.9744,M4,E4,5
59.4074,0.9838,0.476,0.9068,-0.7969,-0.3167,-2.0402,M4,E4,5
59.5667,0.9161,0.4538,0.4729,-0.7726,-0.3167,-2.1076,M4,E4,5
59.72,0.8756,0.4493,0.4757,-0.7391,-0.3167,-2.1679,M4,E4,5
59.879,0.9086,0.449,0.3425,-0.6977,-0.3167,-2.2263,M4,E4,5
60.0205,0.9281,0.4497,0.1488,-0.6594,-0.3167,-2.2771,M4,E4,5
60.1889,0.9718,0.4494,0.2705,-0.6225,-0.3167,-2.3433,M4,E4,5
60.3483,1.0399,0.4497,0.1548,-0.5904,-0.3167,-2.4074,M4,E4,5
60.5085,1.1256,0.4493,0.2993,-0.566,-0.3167,-2.4753,M4,E4,5
60.6677,1.2288,0.4494,0.2584,-0.5478,-0.3167,-2.5446,M4,E4,5
60.8215,1.2809,0.4496,0.2205,-0.535,-0.3167,-2.6126,M4,E4,5
60.9747,1.228,0.4497,0.1803,-0.5263,-0.3167,-2.681,M4,E4,5
61.1502,1.1553,0.5755,0.7614,-0.5222,-0.3167,-2.7875,M4,E4,5
61.3122,1.1033,0.5999,0.4928,-0.5326,-0.3167,-2.8854,M4,E4,5
61.4789,1.0827,0.4769,0.9693,-0.5574,-0.3167,-2.9562,M4,E4,5
61.6405,1.0759,0.4538,0.486,-0.5906,-0.3167,-3.0209,M4,E4,5
61.7797,1.0787,0.4501,0.3574,-0.6245,-0.3167,-3.0736,M4,E4,5
61.9206,1.0884,0.4497,0.2498,-0.6623,-0.3167,-3.1245,M4,E4,5
62.0749,1.1046,0.4498,0.1403,-0.706,-0.3167,-3.1784,M4,E4,5
62.2527,1.1285,0.4499,0.0711,-0.7579,-0.3167,-3.2394,M4,E4,5
62.4054,1.1525,0.45,0.0395,-0.8028,-0.3167,-3.2913,M4,E4,5
62.5631,1.1796,0.45,0.0013,-0.8491,-0.3167,-3.3451,M4,E4,5
62.7202,1.2082,0.45,0.0306,-0.8945,-0.3167,-3.3994,M4,E4,5
62.8724,1.237,0.45,0.0549,-0.9373,-0.3167,-3.4528,M4,E4,5
63.0216,1.2485,0.5712,1.3018,-0.9663,-0.3167,-3.5386,M4,E4,5
63.185,1.265,0.6,0.2662,-0.9968,-0.3167,-3.6331,M4,E4,5
63.3456,1.2869,0.606,0.0461,-1.0271,-0.3167,-3.7258,M4,E4,5
63.5087,1.3137,0.6072,0.02,-1.0574,-0.3167,-3.8201,M4,E4,5
63.7692,1.3647,0.6074,0.0289,-1.1038,-0.3167,-3.9715,M4,E4,5
64.0062,1.4143,0.6072,0.1129,-1.1387,-0.3167,-4.1111,M4,E4,5
64.1626,1.4492,0.6073,0.1434,-1.1585,-0.3167,-4.204,M4,E4,5
64.3304,1.4882,0.6074,0.1112,-1.1768,-0.3167,-4.3043,M4,E4,5
64.4877,1.5011,0.6061,0.5189,-1.1788,-0.3167,-4.3998,M4,E4,5
64.6454,1.4872,0.6072,0.095,-1.181,-0.3167,-4.4956,M4,E4,5
64.8094,1.4703,0.6074,0.0123,-1.1835,-0.3167,-4.5952,M4,E4,5
64.959,1.464,0.6075,0.0082,-1.1861,-0.3167,-4.6861,M4,E4,5
65.1004,1.4558,0.6075,0.0168,-1.1889,-0.3167,-4.772,M4,E4,5
65.2347,1.4479,0.6075,0.0095,-1.1917,-0.3167,-4.8535,M4,E4,5
65.3885,1.4266,0.6075,0.0087,-1.1952,-0.3167,-4.9468,M4,E4,5
65.5424,1.414,0.6075,0.0089,-1.1988,-0.3167,-5.0403,M4,E4,5
65.6995,1.4001,0.6075,0.0224,-1.2032,-0.3167,-5.1356,M4,E4,5
65.8536,1.3895,0.6075,0.0177,-1.2079,-0.3167,-5.2291,M4,E4,5
65.9996,1.382,0.6075,0.0199,-1.2127,-0.3167,-5.3176,M4,E4,5
66.1557,1.3659,0.6075,0.0157,-1.2183,-0.3167,-5.4124,M4,E4,5
66.3042,1.3584,0.6075,0.0122,-1.2238,-0.3167,-5.5024,M4,E4,5
66.4559,1.3462,0.6075,0.0232,-1.2301,-0.3167,-5.5943,M4,E4,5
66.618,1.3305,0.6075,0.0131,-1.237,-0.3167,-5.6925,M4,E4,5
66.7676,1.3258,0.6075,0.0196,-1.2439,-0.3167,-5.7832,M4,E4,5
66.8992,1.3251,0.6075,0.0308,-1.2505,-0.3167,-5.8628,M4,E4,5
67.0433,1.3106,0.6075,0.0113,-1.2579,-0.3167,-5.9501,M4,E4,5
67.1991,1.2959,0.6075,0.0008,-1.2659,-0.3167,-6.0444,M4,E4,5
67.3543,1.3168,0.478,1.1013,-1.2906,-0.3167,-6.1097,M4,E4,5
67.5066,1.3398,0.4553,0.2787,-1.3166,-0.3167,-6.1731,M4,E4,5
67.6601,1.3302,0.574,1.1109,-1.3244,-0.3167,-6.2661,M4,E4,5
67.8142,1.3203,0.6006,0.252,-1.3308,-0.3167,-6.3594,M4,E4,5
67.9786,1.3061,0.6061,0.0411,-1.338,-0.3167,-6.459,M4,E4,5
68.1504,1.293,0.6072,0.0083,-1.3459,-0.3167,-6.5632,M4,E4,5
68.2818,1.3265,0.4787,1.2329,-1.3645,-0.3167,-6.6193,M4,E4,5
68.4161,1.3433,0.4555,0.2779,-1.3845,-0.3167,-6.6763,M4,E4,5
68.5614,1.3302,0.5746,1.1142,-1.3903,-0.3167,-6.7644,M4,E4,5
68.7167,1.3166,0.6008,0.2298,-1.3955,-0.3167,-6.8586,M4,E4,5
68.8724,1.3072,0.6062,0.0384,-1.4011,-0.3167,-6.953,M4,E4,5
69.0293,1.2979,0.6072,0.0132,-1.4072,-0.3167,-7.0481,M4,E4,5
69.1836,1.3173,0.4795,0.9936,-1.426,-0.3167,-7.115,M4,E4,5
69.3386,1.336,0.4557,0.2121,-1.4454,-0.3167,-7.182,M4,E4,5
69.4711,1.3374,0.5754,1.1382,-1.4499,-0.3167,-7.2623,M4,E4,5
69.6176,1.323,0.601,0.2291,-1.4538,-0.3167,-7.3513,M4,E4,5
69.7614,1.3154,0.6062,0.0517,-1.4575,-0.3167,-7.4385,M4,E4,5
69.9157,1.3024,0.6072,0.0099,-1.4618,-0.3167,-7.5322,M4,E4,5
70.0831,1.2879,0.6074,0.0063,-1.4667,-0.3167,-7.6338,M4,E4,5
70.209,1.318,0.4799,1.1766,-1.4798,-0.3167,-7.6889,M4,E4,5
70.3377,1.3318,0.4558,0.2564,-1.494,-0.3167,-7.745,M4,E4,5
70.474,1.321,0.5757,1.0751,-1.4973,-0.3167,-7.8278,M4,E4,5
70.6342,1.3023,0.6011,0.1975,-1.5003,-0.3167,-7.9251,M4,E4,5
70.7873,1.2962,0.6062,0.0371,-1.5034,-0.3167,-8.018,M4,E4,5
70.9176,1.3184,0.4799,1.1025,-1.5153,-0.3167,-8.0754,M4,E4,5
71.0776,1.3239,0.4559,0.1837,-1.5301,-0.3167,-8.1459,M4,E4,5
71.2239,1.3206,0.5761,0.9623,-1.5326,-0.3167,-8.2347,M4,E4,5
71.3774,1.3087,0.6012,0.1927,-1.5346,-0.3167,-8.3279,M4,E4,5
71.5086,1.3093,0.6062,0.046,-1.5363,-0.3167,-8.4076,M4,E4,5
71.6762,1.3116,0.4803,0.8306,-1.549,-0.3167,-8.482,M4,E4,5
71.828,1.3318,0.456,0.1796,-1.5603,-0.3167,-8.5493,M4,E4,5
71.9532,1.3531,0.4512,0.0396,-1.569,-0.3167,-8.605,M4,E4,5
72.0809,1.3441,0.5754,1.0952,-1.5696,-0.3167,-8.6826,M4,E4,5
72.2389,1.2764,0.601,0.1902,-1.5693,-0.3167,-8.7785,M4,E4,5
72.3952,1.1602,0.6062,0.0362,-1.5693,-0.3167,-8.8735,M4,E4,5
72.5535,1.0775,0.4799,0.9116,-1.5815,-0.3167,-8.9436,M4,E4,5
72.7075,1.0109,0.4551,0.4011,-1.6008,-0.3167,-9.0102,M4,E4,5
72.8573,0.9635,0.4502,0.3538,-1.6269,-0.3167,-9.0724,M4,E4,5
73.0085,0.9339,0.4496,0.2748,-1.6584,-0.3167,-9.1327,M4,E4,5
73.1703,0.9195,0.4498,0.1332,-1.6946,-0.3167,-9.1959,M4,E4,5
73.3242,0.9165,0.45,0.0075,-1.7284,-0.3167,-9.2563,M4,E4,5
73.4777,0.9257,0.4499,0.097,-1.7596,-0.3167,-9.3179,M4,E4,5
73.6353,0.9461,0.4499,0.1402,-1.7882,-0.3167,-9.3828,M4,E4,5
73.7944,0.9771,0.4498,0.1628,-1.8132,-0.3167,-9.4499,M4,E4,5
73.9489,1.0172,0.4497,0.1784,-1.8333,-0.3167,-9.5165,M4,E4,5
74.1088,1.0672,0.4497,0.1717,-1.8499,-0.3167,-9.5865,M4,E4,5
74.2685,1.1267,0.4498,0.161,-1.8625,-0.3167,-9.6573,M4,E4,5
74.4161,1.1916,0.4498,0.1625,-1.8707,-0.3167,-9.7232,M4,E4,5
74.5715,1.2626,0.4498,0.1414,-1.876,-0.3167,-9.7929,M4,E4,5
74.7111,1.3378,0.4499,0.1357,-1.8783,-0.3167,-9.8557,M4,E4,5
74.8549,1.4151,0.4499,0.1143,-1.8783,-0.3167,-9.9204,M4,E4,5
75.0092,1.5131,0.5757,0.8536,-1.8707,-0.3167,-10.0138,M4,E4,5
75.1504,1.617,0.6011,0.2024,-1.8626,-0.3167,-10.0992,M4,E4,5
75.3161,1.7323,0.6062,0.0596,-1.8518,-0.3167,-10.1993,M4,E4,5
75.4843,1.8641,0.6072,0.0386,-1.8399,-0.3167,-10.3008,M4,E4,5
75.6413,1.9979,0.6074,0.0325,-1.8281,-0.3167,-10.3954,M4,E4,5
75.7719,2.1199,0.6075,0.0309,-1.8178,-0.3167,-10.4741,M4,E4,5
75.9316,2.2479,0.6075,0.0176,-1.8047,-0.3167,-10.5702,M4,E4,5
76.0724,2.3825,0.6075,0.0124,-1.793,-0.3167,-10.655,M4,E4,5
76.2364,2.5231,0.6075,0.007,-1.7792,-0.3167,-10.7536,M4,E4,5
76.4017,2.6774,0.6075,0.0045,-1.7652,-0.3167,-10.853,M4,E4,5
76.5602,2.8316,0.6075,0.0029,-1.7518,-0.3167,-10.9484,M4,E4,5
76.7207,2.986,0.6075,0.0018,-1.7381,-0.3167,-11.045,M4,E4,5
76.884,3.1447,0.6075,0.001,-1.7241,-0.3167,-11.1431,M4,E4,5
77.0431,3.3042,0.6075,0.0005,-1.7105,-0.3167,-11.2388,M4,E4,5
77.2062,3.4655,0.6075,0.0003,-1.6965,-0.3167,-11.3369,M4,E4,5
77.3752,3.6332,0.6075,0.0001,-1.6821,-0.3167,-11.4386,M4,E4,5
77.5481,3.8072,0.6075,0.0001,-1.6673,-0.3167,-11.5426,M4,E4,5
77.7269,3.9875,0.6075,0,-1.652,-0.3167,-11.6501,M4,E4,5
77.8618,4.1958,0.9215,2.3276,-1.633,-0.3167,-11.7837,M4,E4,5
78.0256,4.4111,0.9843,0.3833,-1.6099,-0.3167,-11.9458,M4,E4,5
78.1802,4.633,0.9969,0.0813,-1.5881,-0.3167,-12.0988,M4,E4,5
78.3466,4.8628,0.9994,0.0151,-1.5647,-0.3167,-12.2636,M4,E4,5
78.5096,5.0962,0.9999,0.0032,-1.5417,-0.3167,-12.425,M4,E4,5
78.6646,5.3214,1,0.0006,-1.5199,-0.3167,-12.5785,M4,E4,5
78.8302,5.5536,1,0.0001,-1.4965,-0.3167,-12.7424,M4,E4,5
78.9868,5.7832,1,0.0001,-1.4745,-0.3167,-12.8974,M4,E4,5
79.1491,6.0145,1,0.0001,-1.4516,-0.3167,-13.0581,M4,E4,5
79.3059,6.2439,1,0,-1.4295,-0.3167,-13.2134,M4,E4,5
79.4628,6.4712,1,0.0001,-1.4074,-0.3167,-13.3687,M4,E4,5
79.6231,6.7024,1,0.0001,-1.3848,-0.3167,-13.5274,M4,E4,5
79.7865,6.9387,1,0,-1.3618,-0.3167,-13.6892,M4,E4,5
79.923,7.1509,1,0.0001,-1.3426,-0.3167,-13.8243,M4,E4,5
80.062,7.3526,1,0.0001,-1.323,-0.3167,-13.9619,M4,E4,5
80.2195,7.5737,1,0.0001,-1.3008,-0.3167,-14.1179,M4,E4,5
80.3574,7.7852,1,0,-1.2814,-0.3167,-14.2543,M4,E4,5
80.5225,8.0137,1,0.0001,-1.2581,-0.3167,-14.4178,M4,E4,5
80.6729,8.2416,1,0.0001,-1.2369,-0.3167,-14.5668,M4,E4,5
80.8348,8.4737,1,0,-1.2141,-0.3167,-14.727,M4,E4,5
80.9942,8.7093,1,0.0001,-1.1917,-0.3167,-14.8848,M4,E4,5
81.1532,8.9434,1,0,-1.1693,-0.3167,-15.0423,M4,E4,5
81.3124,9.1777,1,0,-1.1469,-0.3167,-15.1998,M4,E4,5
81.4706,9.4114,1,0.0001,-1.1246,-0.3167,-15.3565,M4,E4,5
81.6248,9.6408,1,0.0001,-1.1028,-0.3167,-15.5091,M4,E4,5
81.7897,9.8789,1,0,-1.0796,-0.3167,-15.6724,M4,E4,5
81.9093,10.0781,1,0.0001,-1.0628,-0.3167,-15.7908,M4,E4,5
82.0672,10.2923,1,0.0001,-1.0405,-0.3167,-15.9472,M4,E4,5
82.2109,10.5118,1,0.0001,-1.0203,-0.3167,-16.0894,M4,E4,5
82.3712,10.7405,1,0,-0.9977,-0.3167,-16.248,M4,E4,5
82.5259,10.9721,1,0,-0.9759,-0.3167,-16.4013,M4,E4,5
82.6813,11.2014,1,0,-0.954,-0.3167,-16.5551,M4,E4,5
82.8413,11.4355,1,0.0001,-0.9314,-0.3167,-16.7135,M4,E4,5
83.0039,11.6741,1,0,-0.9085,-0.3167,-16.8745,M4,E4,5
83.16,11.9074,1,0,-0.8866,-0.3167,-17.029,M4,E4,5
83.3139,12,1,0,-0.8649,-0.3167,-17.1814,M4,E4,5
83.4795,12,1,0.0001,-0.8415,-0.3167,-17.3453,M4,E4,5
83.625,12,1,0,-0.821,-0.3167,-17.4894,M4,E4,5
83.7866,12,1,0.0001,-0.7983,-0.3167,-17.6494,M4,E4,5
83.9315,12,1,0,-0.7779,-0.3167,-17.7928,M4,E4,5
84.0632,12,1,0.0002,-0.7593,-0.3167,-17.9232,M4,E4,5
84.2232,12,1,0.0001,-0.7368,-0.3167,-18.0817,M4,E4,5
84.3735,12,1,0,-0.7156,-0.3167,-18.2304,M4,E4,5
84.5267,12,0.5214,3.1383,-0.7006,-0.3167,-18.2903,M4,E4,5
84.6832,12,0.0986,3.7497,-0.6922,-0.3167,-18.2557,M4,E4,5
84.8332,12,0.6912,4.1176,-0.6908,-0.3167,-18.1289,M4,E4,5
84.9804,12,0.9382,1.6843,-0.6912,-0.3167,-17.9817,M4,E4,5
85.1148,12,0.9876,0.3688,-0.6916,-0.3167,-17.8473,M4,E4,5
85.2676,12,0.9975,0.0649,-0.692,-0.3167,-17.6945,M4,E4,5
85.4165,12,0.9995,0.0134,-0.6924,-0.3167,-17.5456,M4,E4,5
85.5732,12,0.9999,0.0024,-0.6928,-0.3167,-17.389,M4,E4,5
85.7072,12,1,0.0007,-0.6932,-0.3167,-17.255,M4,E4,5
85.8634,12,1,0,-0.6936,-0.3167,-17.0987,M4,E4,5
85.9937,12,1,0.0002,-0.694,-0.3167,-16.9685,M4,E4,5
86.1496,12,1,0.0001,-0.6944,-0.3167,-16.8125,M4,E4,5
86.2855,12,1,0,-0.6948,-0.3167,-16.6767,M4,E4,5
86.4348,12,1,0,-0.6952,-0.3167,-16.5274,M4,E4,5
86.5785,12,1,0.0001,-0.6955,-0.3167,-16.3837,M4,E4,5
86.7334,11.9746,1,0,-0.696,-0.3167,-16.2288,M4,E4,5
86.8855,11.8235,1,0.0001,-0.6964,-0.3167,-16.0766,M4,E4,5
87.0461,11.6641,1,0.0001,-0.6968,-0.3167,-15.916,M4,E4,5
87.2028,11.5086,1,0,-0.6972,-0.3167,-15.7594,M4,E4,5
87.3578,11.3548,1,0,-0.6976,-0.3167,-15.6043,M4,E4,5
87.5225,11.1915,1,0.0001,-0.6981,-0.3167,-15.4397,M4,E4,5
87.7181,10.9975,1,0,-0.6986,-0.3167,-15.244,M4,E4,5
87.8381,10.8785,1,0.0001,-0.6989,-0.3167,-15.124,M4,E4,5
87.9863,10.7316,1,0.0001,-0.6993,-0.3167,-14.9759,M4,E4,5
88.1327,10.5865,1,0.0001,-0.6997,-0.3167,-14.8295,M4,E4,5
88.296,10.4247,1,0,-0.7002,-0.3167,-14.6662,M4,E4,5
88.4426,10.2795,1,0,-0.7006,-0.3167,-14.5196,M4,E4,5
88.585,10.1384,1,0.0001,-0.701,-0.3167,-14.3771,M4,E4,5
88.7355,9.9894,1,0,-0.7014,-0.3167,-14.2267,M4,E4,5
88.8722,9.8541,1,0,-0.7017,-0.3167,-14.09,M4,E4,5
89.0098,9.7179,1,0.0001,-0.7021,-0.3167,-13.9523,M4,E4,5
89.1445,9.5847,1,0.0001,-0.7025,-0.3167,-13.8177,M4,E4,5
89.3081,9.4229,1,0,-0.7029,-0.3167,-13.654,M4,E4,5
89.4508,9.2818,1,0,-0.7033,-0.3167,-13.5114,M4,E4,5
89.6028,9.1316,1,0.0001,-0.7037,-0.3167,-13.3594,M4,E4,5
89.7634,8.973,1,0,-0.7041,-0.3167,-13.1988,M4,E4,5
89.8907,8.8473,1,0.0001,-0.7045,-0.3167,-13.0715,M4,E4,5
90.0486,8.6914,1,0.0001,-0.7049,-0.3167,-12.9136,M4,E4,5
90.1922,8.5498,1,0.0001,-0.7053,-0.3167,-12.77,M4,E4,5
90.3447,8.3993,1,0.0001,-0.7057,-0.3167,-12.6174,M4,E4,5
90.4775,8.2685,1,0.0001,-0.7061,-0.3167,-12.4847,M4,E4,5
90.6402,8.1082,1,0,-0.7065,-0.3167,-12.322,M4,E4,5
90.7837,7.9668,1,0.0001,-0.7069,-0.3167,-12.1785,M4,E4,5
90.9405,7.7718,1,0.0001,-0.7073,-0.3167,-12.0216,M4,E4,5
91.0996,7.4689,1,0,-0.7077,-0.3167,-11.8626,M4,E4,5
91.2607,7.1599,1,0,-0.7082,-0.3167,-11.7015,M4,E4,5
91.4203,6.8485,1,0,-0.7086,-0.3167,-11.5418,M4,E4,5
91.5708,6.5461,1,0,-0.709,-0.3167,-11.3914,M4,E4,5
91.7282,6.2444,1,0,-0.7094,-0.3167,-11.234,M4,E4,5
91.8957,5.9254,1,0,-0.7099,-0.3167,-11.0665,M4,E4,5
92.0492,5.6101,1,0.0001,-0.7103,-0.3167,-10.913,M4,E4,5
92.209,5.3024,1,0,-0.7107,-0.3167,-10.7532,M4,E4,5
92.3654,4.9923,1,0.0001,-0.7112,-0.3167,-10.5968,M4,E4,5
92.5167,4.6909,1,0,-0.7116,-0.3167,-10.4455,M4,E4,5
92.6681,4.3947,1,0,-0.712,-0.3167,-10.2941,M4,E4,5
92.82,4.0984,1,0.0001,-0.7124,-0.3167,-10.1422,M4,E4,5
92.9754,3.7987,1,0,-0.7128,-0.3167,-9.9867,M4,E4,5
93.1248,3.5021,1,0.0001,-0.7132,-0.3167,-9.8374,M4,E4,5
93.2838,3.2027,1,0,-0.7136,-0.3167,-9.6783,M4,E4,5
93.4372,2.9594,0.686,2.0469,-0.7139,-0.3167,-9.5851,M4,E4,5
93.5892,2.7231,0.6232,0.4132,-0.7141,-0.3167,-9.4928,M4,E4,5
93.7443,2.4874,0.6106,0.0811,-0.7144,-0.3167,-9.3986,M4,E4,5
93.8977,2.2509,0.6081,0.0164,-0.7146,-0.3167,-9.3054,M4,E4,5
94.0468,2.0202,0.6076,0.0033,-0.7149,-0.3167,-9.2148,M4,E4,5
94.2081,1.7885,0.6075,0.0014,-0.7152,-0.3167,-9.1168,M4,E4,5
94.3566,1.5557,0.6075,0.0036,-0.7156,-0.3167,-9.0266,M4,E4,5
94.5225,1.3286,0.6075,0.0089,-0.7163,-0.3167,-8.9258,M4,E4,5
94.6858,1.0933,0.6075,0.0254,-0.7178,-0.3167,-8.8266,M4,E4,5
94.8517,0.8683,0.6075,0.0739,-0.7217,-0.3167,-8.726,M4,E4,5
95.0109,0.8552,0.1175,3.3352,-0.738,-0.3167,-8.7342,M4,E4,5
95.1718,0.9356,0.3482,2.5922,-0.7522,-0.3167,-8.8052,M4,E4,5
95.3272,0.983,0.4296,0.5268,-0.768,-0.3167,-8.8733,M4,E4,5
95.4834,1.0326,0.4453,0.3098,-0.7929,-0.3167,-8.939,M4,E4,5
95.6351,1.0044,0.4479,0.4348,-0.8269,-0.3167,-8.9982,M4,E4,5
95.7663,0.9342,0.1537,3.7191,-0.8411,-0.3167,-8.9713,M4,E4,5
95.8974,0.8219,0.382,2.2,-0.8518,-0.3167,-8.9133,M4,E4,5
96.0569,0.8686,0.203,2.272,-0.8884,-0.3167,-8.923,M4,E4,5
96.1901,0.8927,0.4005,1.4893,-0.9482,-0.3167,-8.9196,M4,E4,5
96.3429,0.9507,0.4241,1.5614,-1.0032,-0.3167,-8.9609,M4,E4,5
96.4748,0.9878,0.4391,1.0864,-1.0622,-0.3167,-8.9675,M4,E4,5
96.6282,0.8728,0.3821,2.8566,-1.0895,-0.3167,-8.9057,M4,E4,5
96.7565,0.8584,0.4329,0.9567,-1.107,-0.3167,-8.8507,M4,E4,5
96.9164,0.8675,0.4436,0.6524,-1.1512,-0.3167,-8.7938,M4,E4,5
97.06,0.9131,0.4377,1.3759,-1.2106,-0.3167,-8.7683,M4,E4,5
97.2163,0.9389,0.442,0.8974,-1.2537,-0.3167,-8.7127,M4,E4,5
97.3793,0.909,0.4473,0.3804,-1.2928,-0.3167,-8.6507,M4,E4,5
97.5294,0.9747,0.4492,0.2171,-1.3255,-0.3167,-8.5916,M4,E4,5
97.6835,0.9551,0.4498,0.0544,-1.3617,-0.3167,-8.5324,M4,E4,5
97.8227,0.9684,0.4498,0.1959,-1.3899,-0.3167,-8.4765,M4,E4,5
97.9782,1.0367,0.4496,0.2303,-1.416,-0.3167,-8.4116,M4,E4,5
98.1309,1.127,0.4495,0.2505,-1.4361,-0.3167,-8.3459,M4,E4,5
98.2906,1.2368,0.4495,0.2289,-1.4515,-0.3167,-8.2756,M4,E4,5
98.456,1.368,0.4496,0.195,-1.4624,-0.3167,-8.202,M4,E4,5
98.598,1.5089,0.4497,0.1853,-1.4682,-0.3167,-8.1384,M4,E4,5
98.7414,1.6649,0.5757,0.9175,-1.4697,-0.3167,-8.0513,M4,E4,5
98.8938,1.8368,0.6011,0.1892,-1.4699,-0.3167,-7.9587,M4,E4,5
99.0621,2.0327,0.6062,0.0526,-1.4692,-0.3167,-7.8565,M4,E4,5
99.2174,2.1147,0.6072,0.0276,-1.4681,-0.3167,-7.7621,M4,E4,5
99.3684,2.0604,0.6074,0.0155,-1.4666,-0.3167,-7.6704,M4,E4,5
99.5179,2.0091,0.6075,0.0056,-1.4652,-0.3167,-7.5796,M4,E4,5
99.6598,1.9556,0.6075,0.0004,-1.4638,-0.3167,-7.4934,M4,E4,5
99.8165,1.9166,0.6075,0.0201,-1.4629,-0.3167,-7.3982,M4,E4,5
99.9751,1.8665,0.6075,0.0093,-1.4621,-0.3167,-7.3019,M4,E4,5
100.1367,1.8166,0.6075,0.0066,-1.4615,-0.3167,-7.2037,M4,E4,5
100.2861,1.7585,0.6075,0.0093,-1.4612,-0.3167,-7.1129,M4,E4,5
100.4397,1.7133,0.6075,0.0109,-1.4611,-0.3167,-7.0196,M4,E4,5
100.577,1.6568,0.6075,0.0165,-1.4614,-0.3167,-6.9362,M4,E4,5
100.7296,1.6219,0.6075,0.0145,-1.462,-0.3167,-6.8435,M4,E4,5
100.8613,1.5649,0.6075,0.0229,-1.463,-0.3167,-6.7635,M4,E4,5
101.0139,1.5356,0.6075,0.0158,-1.4645,-0.3167,-6.6708,M4,E4,5
101.1451,1.4799,0.6075,0.0295,-1.4663,-0.3167,-6.5911,M4,E4,5
101.2982,1.4523,0.6075,0.0178,-1.4688,-0.3167,-6.4981,M4,E4,5
101.4386,1.4025,0.6075,0.0338,-1.4718,-0.3167,-6.4129,M4,E4,5
101.5659,1.3573,0.6075,0.0254,-1.4749,-0.3167,-6.3356,M4,E4,5
101.7174,1.3341,0.6075,0.0347,-1.4795,-0.3167,-6.2437,M4,E4,5
101.8548,1.2875,0.6075,0.0421,-1.4844,-0.3167,-6.1604,M4,E4,5
101.9848,1.2489,0.6075,0.0285,-1.4895,-0.3167,-6.0816,M4,E4,5
102.1214,1.2061,0.4812,0.9597,-1.4987,-0.3167,-6.0208,M4,E4,5
102.2507,1.1585,0.4562,0.2238,-1.5084,-0.3167,-5.9634,M4,E4,5
102.3833,1.1195,0.4512,0.0886,-1.5196,-0.3167,-5.9048,M4,E4,5
102.5562,1.0946,0.4502,0.0668,-1.5361,-0.3167,-5.8288,M4,E4,5
102.6856,1.0344,0.45,0.0827,-1.5499,-0.3167,-5.7722,M4,E4,5
102.8508,1.0151,0.45,0.0467,-1.5685,-0.3167,-5.7002,M4,E4,5
102.9884,0.9726,0.4499,0.125,-1.5866,-0.3167,-5.641,M4,E4,5
103.1511,0.9565,0.45,0.0541,-1.6091,-0.3167,-5.5713,M4,E4,5
103.2907,0.9615,0.4499,0.1093,-1.6306,-0.3167,-5.5123,M4,E4,5
103.4189,0.963,0.45,0.0667,-1.6511,-0.3167,-5.4584,M4,E4,5
103.5698,0.9673,0.4499,0.0854,-1.6773,-0.3167,-5.3958,M4,E4,5
103.703,0.9738,0.45,0.0747,-1.7015,-0.3167,-5.3409,M4,E4,5
103.8329,0.9366,0.45,0.0202,-1.7252,-0.3167,-5.2875,M4,E4,5
103.9722,0.9133,0.45,0.0346,-1.7513,-0.3167,-5.2305,M4,E4,5
104.1321,0.929,0.45,0.0058,-1.7813,-0.3167,-5.1651,M4,E4,5
104.2878,0.9461,0.45,0.0259,-1.8097,-0.3167,-5.101,M4,E4,5
104.4438,0.9677,0.45,0.0576,-1.8367,-0.3167,-5.0363,M4,E4,5
104.6046,0.9873,0.45,0.0624,-1.8631,-0.3167,-4.9689,M4,E4,5
104.7655,1.0019,0.4499,0.0776,-1.8874,-0.3167,-4.9007,M4,E4,5
104.9185,1.0118,0.45,0.0721,-1.9091,-0.3167,-4.8353,M4,E4,5
105.0698,1.019,0.45,0.0575,-1.9293,-0.3167,-4.7703,M4,E4,5
105.226,1.0259,0.45,0.0415,-1.9492,-0.3167,-4.7029,M4,E4,5
105.3669,1.0359,0.45,0.0378,-1.9666,-0.3167,-4.6419,M4,E4,5
105.4995,1.0489,0.45,0.0377,-1.9823,-0.3167,-4.5843,M4,E4,5
105.6355,1.0645,0.45,0.0423,-1.9976,-0.3167,-4.5251,M4,E4,5
105.7608,1.0866,0.45,0.0533,-2.0109,-0.3167,-4.4703,M4,E4,5
105.9121,1.1069,0.45,0.045,-2.0259,-0.3167,-4.4039,M4,E4,5
106.0486,1.1433,0.45,0.0569,-2.0384,-0.3167,-4.3437,M4,E4,5
106.2048,1.1763,0.45,0.0393,-2.0518,-0.3167,-4.2747,M4,E4,5
106.3404,1.2281,0.45,0.0686,-2.0621,-0.3167,-4.2146,M4,E4,5
106.466,1.2772,0.45,0.0594,-2.0707,-0.3167,-4.1587,M4,E4,5
106.6126,1.3189,0.45,0.0675,-2.0793,-0.3167,-4.0933,M4,E4,5
106.7639,1.373,0.45,0.052,-2.0871,-0.3167,-4.0257,M4,E4,5
106.8919,1.4213,0.5757,1.0274,-2.0893,-0.3167,-3.948,M4,E4,5
107.0284,1.4513,0.6011,0.2,-2.0911,-0.3167,-3.8651,M4,E4,5
107.1882,1.4772,0.6062,0.0501,-2.0924,-0.3167,-3.768,M4,E4,5
107.3203,1.5314,0.6072,0.0301,-2.093,-0.3167,-3.6878,M4,E4,5
107.4786,1.5553,0.6074,0.0182,-2.0933,-0.3167,-3.5916,M4,E4,5
107.628,1.6019,0.6075,0.0289,-2.0929,-0.3167,-3.5008,M4,E4,5
107.7654,1.6483,0.6075,0.0171,-2.0923,-0.3167,-3.4173,M4,E4,5
107.9322,1.6725,0.6075,0.0177,-2.091,-0.3167,-3.316,M4,E4,5
108.0911,1.7226,0.6075,0.017,-2.0894,-0.3167,-3.2195,M4,E4,5
108.2595,1.7627,0.6075,0.009,-2.0875,-0.3167,-3.1172,M4,E4,5
108.3773,1.8354,0.6075,0.0176,-2.0859,-0.3167,-3.0456,M4,E4,5
108.5386,1.8479,0.6075,0.0101,-2.0834,-0.3167,-2.9477,M4,E4,5
108.6872,1.9009,0.6075,0.0142,-2.0809,-0.3167,-2.8575,M4,E4,5
108.8334,1.9457,0.6075,0.0047,-2.0783,-0.3167,-2.7687,M4,E4,5
108.9724,1.9926,0.6075,0.0081,-2.0756,-0.3167,-2.6843,M4,E4,5
109.1271,2.026,0.6075,0.006,-2.0725,-0.3167,-2.5904,M4,E4,5
109.2998,2.0632,0.6075,0.0047,-2.069,-0.3167,-2.4855,M4,E4,5
109.4557,2.1242,0.6075,0.0035,-2.0657,-0.3167,-2.3909,M4,E4,5
109.6125,2.1714,0.6075,0.0031,-2.0623,-0.3167,-2.2957,M4,E4,5
109.7701,2.2194,0.6075,0.0038,-2.0588,-0.3167,-2.2,M4,E4,5
109.923,2.2708,0.6075,0.0029,-2.0553,-0.3167,-2.1071,M4,E4,5
110.0839,2.3144,0.6075,0.0022,-2.0517,-0.3167,-2.0095,M4,E4,5
110.2381,2.3686,0.6075,0.002,-2.0481,-0.3167,-1.9159,M4,E4,5
110.3991,2.4139,0.6075,0.0014,-2.0443,-0.3167,-1.8181,M4,E4,5
110.5527,2.4693,0.6075,0.0014,-2.0407,-0.3167,-1.7249,M4,E4,5
110.7121,2.5154,0.6075,0.001,-2.0369,-0.3167,-1.6281,M4,E4,5
110.8412,2.5835,0.6075,0.0011,-2.0338,-0.3167,-1.5498,M4,E4,5
110.9829,2.6184,0.6075,0.0007,-2.0304,-0.3167,-1.4637,M4,E4,5
111.1346,2.6591,0.6075,0.0007,-2.0267,-0.3167,-1.3717,M4,E4,5
111.2987,2.7018,0.6075,0.0004,-2.0227,-0.3167,-1.2721,M4,E4,5
111.4571,2.759,0.6075,0.0003,-2.0189,-0.3167,-1.1759,M4,E4,5
111.6242,2.8063,0.6075,0.0002,-2.0148,-0.3167,-1.0745,M4,E4,5
111.79,2.8625,0.6075,0.0003,-2.0108,-0.3167,-0.9738,M4,E4,5
111.9425,2.9253,0.6075,0.0002,-2.0071,-0.3167,-0.8813,M4,E4,5
112.0986,2.9742,0.6075,0.0002,-2.0033,-0.3167,-0.7865,M4,E4,5
112.2596,3.0238,0.6075,0.0001,-1.9993,-0.3167,-0.6888,M4,E4,5
112.4177,3.0797,0.6075,0.0001,-1.9955,-0.3167,-0.5928,M4,E4,5
112.5764,3.1328,0.6075,0.0001,-1.9916,-0.3167,-0.4965,M4,E4,5
112.7408,3.1833,0.6075,0.0001,-1.9876,-0.3167,-0.3967,M4,E4,5
112.8681,3.2606,0.6075,0.0001,-1.9845,-0.3167,-0.3194,M4,E4,5
113.0052,3.2983,0.6075,0,-1.9811,-0.3167,-0.2362,M4,E4,5
113.1543,3.3384,0.6075,0,-1.9775,-0.3167,-0.1457,M4,E4,5
113.3182,3.3809,0.6075,0,-1.9735,-0.3167,-0.0462,M4,E4,5
113.4714,3.4433,0.6075,0,-1.9697,-0.3167,0.0468,M4,E4,5
113.6358,3.4896,0.6075,0,-1.9657,-0.3167,0.1466,M4,E4,5
113.7767,3.5601,0.6075,0,-1.9622,-0.3167,0.2321,M4,E4,5
113.9186,3.6082,0.6075,0,-1.9588,-0.3167,0.3182,M4,E4,5
114.0659,3.6543,0.6075,0,-1.9552,-0.3167,0.4076,M4,E4,5
114.2265,3.6977,0.6075,0,-1.9512,-0.3167,0.5052,M4,E4,5
114.3937,3.7497,0.6075,0,-1.9472,-0.3167,0.6066,M4,E4,5
114.5506,3.7548,0.9215,2.0018,-1.9408,-0.3167,0.7634,M4,E4,5
114.7187,3.7393,0.9843,0.3735,-1.9341,-0.3167,0.9314,M4,E4,5
114.8449,3.7749,0.9969,0.0995,-1.929,-0.3167,1.0575,M4,E4,5
115.0046,3.7389,0.9994,0.0157,-1.9226,-0.3167,1.217,M4,E4,5
115.1609,3.7376,0.9999,0.0032,-1.9163,-0.3167,1.3732,M4,E4,5
115.3209,3.7294,1,0.0006,-1.9098,-0.3167,1.5331,M4,E4,5
115.484,3.7218,1,0.0001,-1.9033,-0.3167,1.696,M4,E4,5
115.6456,3.7185,1,0,-1.8967,-0.3167,1.8575,M4,E4,5
115.8097,3.7115,1,0,-1.8901,-0.3167,2.0215,M4,E4,5
115.9689,3.7116,1,0,-1.8837,-0.3167,2.1805,M4,E4,5
116.1252,3.7097,1,0,-1.8774,-0.3167,2.3367,M4,E4,5
116.2843,3.7025,1,0,-1.871,-0.3167,2.4957,M4,E4,5
116.4462,3.6953,1,0,-1.8645,-0.3167,2.6574,M4,E4,5
116.6027,3.6959,1,0,-1.8582,-0.3167,2.8138,M4,E4,5
116.7767,3.6745,1,0,-1.8512,-0.3167,2.9877,M4,E4,5
116.9048,3.7139,1,0,-1.846,-0.3167,3.1157,M4,E4,5
117.0407,3.7028,1,0,-1.8406,-0.3167,3.2515,M4,E4,5
117.1871,3.6888,1,0,-1.8347,-0.3167,3.3977,M4,E4,5
117.3465,3.672,1,0,-1.8283,-0.3167,3.557,M4,E4,5
117.5028,3.6705,1,0,-1.822,-0.3167,3.7132,M4,E4,5
117.6642,3.6612,1,0,-1.8155,-0.3167,3.8745,M4,E4,5
117.8266,3.6557,1,0,-1.8089,-0.3167,4.0367,M4,E4,5
117.9866,3.6535,1,0,-1.8025,-0.3167,4.1966,M4,E4,5
118.1469,3.7097,0.686,1.9589,-1.7986,-0.3167,4.2939,M4,E4,5
118.309,3.7651,0.6232,0.3874,-1.7946,-0.3167,4.3923,M4,E4,5
118.4737,3.7581,0.9246,1.8295,-1.788,-0.3167,4.5569,M4,E4,5
118.6477,3.7447,0.9849,0.3467,-1.781,-0.3167,4.7307,M4,E4,5
118.8272,3.7344,0.997,0.0671,-1.7737,-0.3167,4.9101,M4,E4,5
118.9714,3.7638,0.9994,0.0167,-1.7679,-0.3167,5.0541,M4,E4,5
119.1313,3.7446,0.9999,0.003,-1.7615,-0.3167,5.2139,M4,E4,5
119.2769,3.754,1,0.0007,-1.7556,-0.3167,5.3595,M4,E4,5
119.4352,3.7378,1,0.0001,-1.7492,-0.3167,5.5176,M4,E4,5
119.6063,3.7208,1,0,-1.7424,-0.3167,5.6886,M4,E4,5
119.7622,3.7292,1,0,-1.7361,-0.3167,5.8443,M4,E4,5
119.9214,3.719,1,0,-1.7297,-0.3167,6.0034,M4,E4,5
120.075,3.7168,1,0,-1.7235,-0.3167,6.1569,M4,E4,5
120.2357,3.7025,1,0,-1.717,-0.3167,6.3174,M4,E4,5
120.394,3.6974,1,0,-1.7106,-0.3167,6.4756,M4,E4,5
120.5277,3.7149,1,0,-1.7053,-0.3167,6.6092,M4,E4,5
120.6829,3.6893,1,0,-1.699,-0.3167,6.7643,M4,E4,5
120.831,3.6916,1,0,-1.693,-0.3167,6.9123,M4,E4,5
120.9866,3.6292,1,0,-1.6868,-0.3167,7.0677,M4,E4,5
121.1385,3.5029,1,0,-1.6807,-0.3167,7.2195,M4,E4,5
121.292,3.3772,1,0,-1.6745,-0.3167,7.3729,M4,E4,5
121.4442,3.3024,0.686,2.0636,-1.6708,-0.3167,7.4652,M4,E4,5
121.5992,3.2271,0.6232,0.4052,-1.667,-0.3167,7.5593,M4,E4,5
121.7499,3.1547,0.6106,0.0833,-1.6633,-0.3167,7.6509,M4,E4,5
121.8885,3.0889,0.6081,0.0182,-1.6599,-0.3167,7.735,M4,E4,5
122.0341,3.0206,0.6076,0.0035,-1.6563,-0.3167,7.8234,M4,E4,5
122.1923,2.9475,0.6075,0.0006,-1.6525,-0.3167,7.9194,M4,E4,5
122.3413,2.8796,0.6075,0.0001,-1.6488,-0.3167,8.0098,M4,E4,5
122.479,2.8179,0.6075,0.0001,-1.6454,-0.3167,8.0934,M4,E4,5
122.6326,2.7502,0.6075,0,-1.6417,-0.3167,8.1866,M4,E4,5
122.7868,2.6835,0.6075,0,-1.6379,-0.3167,8.2802,M4,E4,5
122.9298,2.6229,0.6075,0.0001,-1.6344,-0.3167,8.3671,M4,E4,5
123.0681,2.5656,0.6075,0.0001,-1.631,-0.3167,8.451,M4,E4,5
123.223,2.5028,0.6075,0.0001,-1.6273,-0.3167,8.545,M4,E4,5
123.3586,2.4492,0.6075,0.0002,-1.6239,-0.3167,8.6273,M4,E4,5
123.5203,2.3871,0.6075,0.0003,-1.62,-0.3167,8.7255,M4,E4,5
123.6569,2.3362,0.6075,0.0005,-1.6167,-0.3167,8.8084,M4,E4,5
123.8153,2.2791,0.6075,0.0009,-1.6129,-0.3167,8.9046,M4,E4,5
123.9824,2.2213,0.6075,0.0012,-1.6089,-0.3167,9.006,M4,E4,5
124.1253,2.1741,0.6075,0.0024,-1.6055,-0.3167,9.0927,M4,E4,5
124.2872,2.123,0.6075,0.0034,-1.6018,-0.3167,9.191,M4,E4,5
124.4315,2.08,0.6075,0.005,-1.5986,-0.3167,9.2786,M4,E4,5
124.5671,2.0417,0.6075,0.0083,-1.5958,-0.3167,9.361,M4,E4,5
124.733,1.998,0.6075,0.0086,-1.5926,-0.3167,9.4617,M4,E4,5
124.8719,1.9643,0.6075,0.0126,-1.5901,-0.3167,9.546,M4,E4,5
125.0427,1.9266,0.6075,0.0155,-1.5876,-0.3167,9.6497,M4,E4,5
125.219,1.7382,0.6075,0.0164,-1.5855,-0.3167,9.7568,M4,E4,5
125.3693,1.5345,0.6075,0.0909,-1.5811,-0.3167,9.848,M4,E4,5
125.5189,1.361,0.6075,0.0707,-1.5752,-0.3167,9.9387,M4,E4,5
125.6558,1.2067,0.6074,0.1453,-1.5668,-0.3167,10.0215,M4,E4,5
125.8041,1.0742,0.6073,0.21,-1.5526,-0.3167,10.1105,M4,E4,5
125.9529,0.9815,0.4759,1.2943,-1.5209,-0.3167,10.1694,M4,E4,5
126.1077,0.9202,0.452,0.7071,-1.476,-0.3167,10.2227,M4,E4,5
126.2605,0.9356,0.4494,0.3885,-1.4266,-0.3167,10.2705,M4,E4,5
126.4181,0.9216,0.4498,0.0774,-1.3756,-0.3167,10.3197,M4,E4,5
126.5782,0.9328,0.4499,0.1207,-1.3268,-0.3167,10.3728,M4,E4,5
126.737,0.9606,0.4485,0.4605,-1.2894,-0.3167,10.4337,M4,E4,5
126.8953,1.0113,0.4492,0.2596,-1.2568,-0.3167,10.497,M4,E4,5
127.062,1.0848,0.4494,0.2528,-1.2288,-0.3167,10.5666,M4,E4,5
127.2428,1.1846,0.4495,0.2068,-1.2046,-0.3167,10.6443,M4,E4,5
127.3641,1.2908,0.4496,0.2791,-1.1923,-0.3167,10.6975,M4,E4,5
127.5347,1.3059,0.4497,0.1763,-1.1798,-0.3167,10.7732,M4,E4,5
127.6739,1.2221,0.4498,0.1584,-1.1724,-0.3167,10.8354,M4,E4,5
127.8365,1.1769,0.4222,1.9141,-1.223,-0.3167,10.8883,M4,E4,5
127.997,1.1425,0.4391,0.8671,-1.2835,-0.3167,10.9277,M4,E4,5
128.1505,1.1116,0.4469,0.375,-1.3444,-0.3167,10.9604,M4,E4,5
128.3241,1.0768,0.4493,0.1123,-1.414,-0.3167,10.9957,M4,E4,5
128.4814,1.0472,0.4498,0.0345,-1.4763,-0.3167,11.0293,M4,E4,5
128.6465,1.0192,0.4498,0.1394,-1.5394,-0.3167,11.0685,M4,E4,5
128.8015,0.9991,0.4493,0.319,-1.5936,-0.3167,11.1125,M4,E4,5
128.9593,0.9882,0.4489,0.372,-1.6423,-0.3167,11.1642,M4,E4,5
129.1259,0.9922,0.4484,0.4243,-1.6839,-0.3167,11.2265,M4,E4,5
129.2894,1.0111,0.4485,0.4,-1.7157,-0.3167,11.2928,M4,E4,5
129.4491,1.0409,0.4487,0.3734,-1.7381,-0.3167,11.3611,M4,E4,5
129.6106,1.0861,0.4493,0.2594,-1.755,-0.3167,11.4319,M4,E4,5
129.7737,1.1483,0.4496,0.1832,-1.7676,-0.3167,11.5041,M4,E4,5
129.9344,1.2255,0.4497,0.1567,-1.7763,-0.3167,11.5759,M4,E4,5
130.0876,1.3132,0.4498,0.1402,-1.7814,-0.3167,11.6447,M4,E4,5
130.2438,1.4154,0.4499,0.1102,-1.7841,-0.3167,11.7149,M4,E4,5
130.3862,1.5348,0.5758,0.9081,-1.7823,-0.3167,11.8014,M4,E4,5
130.5423,1.6777,0.6011,0.1753,-1.7793,-0.3167,11.8962,M4,E4,5
130.7038,1.8368,0.6062,0.0487,-1.7754,-0.3167,11.9942,M4,E4,5
130.863,2.003,0.6072,0.0281,-1.7709,-0.3167,12.0908,M4,E4,5
131.037,2.1933,0.6074,0.0173,-1.7655,-0.3167,12.1964,M4,E4,5
131.1969,2.3745,0.6075,0.012,-1.7603,-0.3167,12.2934,M4,E4,5
131.3601,2.5648,0.6075,0.0078,-1.7548,-0.3167,12.3924,M4,E4,5
131.5245,2.7094,0.6075,0.0043,-1.7491,-0.3167,12.4921,M4,E4,5
131.6859,2.769,0.6075,0.0026,-1.7436,-0.3167,12.59,M4,E4,5
131.8421,2.8283,0.6075,0.0015,-1.7381,-0.3167,12.6847,M4,E4,5
131.9962,2.8885,0.6075,0.0011,-1.7327,-0.3167,12.7782,M4,E4,5
132.1541,2.9516,0.6075,0.0003,-1.7272,-0.3167,12.874,M4,E4,5
132.3134,3.0168,0.6075,0.0001,-1.7216,-0.3167,12.9706,M4,E4,5
132.4662,3.0807,0.6075,0,-1.7163,-0.3167,13.0632,M4,E4,5
132.6299,3.1506,0.6075,0,-1.7106,-0.3167,13.1625,M4,E4,5
132.7813,3.2163,0.6075,0,-1.7053,-0.3167,13.2543,M4,E4,5
132.9332,3.2835,0.6075,0,-1.6999,-0.3167,13.3465,M4,E4,5
133.1045,3.3603,0.6075,0,-1.6939,-0.3167,13.4504,M4,E4,5
133.2718,3.4367,0.6075,0,-1.6881,-0.3167,13.5519,M4,E4,5
133.4172,3.5039,0.6075,0,-1.683,-0.3167,13.64,M4,E4,5
133.5844,3.5822,0.6075,0,-1.6772,-0.3167,13.7414,M4,E4,5
133.7265,3.6496,0.6075,0,-1.6722,-0.3167,13.8276,M4,E4,5
133.8865,3.7263,0.6075,0,-1.6666,-0.3167,13.9246,M4,E4,5
134.0427,3.8512,0.9215,2.0099,-1.6576,-0.3167,14.0806,M4,E4,5
134.193,3.9732,0.9843,0.4179,-1.6489,-0.3167,14.2306,M4,E4,5
134.3547,4.0472,0.9969,0.0776,-1.6396,-0.3167,14.3921,M4,E4,5
134.5103,3.9731,0.9994,0.0161,-1.6307,-0.3167,14.5474,M4,E4,5
134.663,3.8989,0.9999,0.0033,-1.6219,-0.3167,14.6998,M4,E4,5
134.8203,3.8188,1,0.0006,-1.6128,-0.3167,14.857,M4,E4,5
134.9806,3.7382,1,0.0001,-1.6036,-0.3167,15.017,M4,E4,5
135.1393,3.6606,1,0,-1.5944,-0.3167,15.1753,M4,E4,5
135.337,3.5445,1,0,-1.583,-0.3167,15.3728,M4,E4,5
135.4724,3.5072,1,0,-1.5752,-0.3167,15.5079,M4,E4,5
135.6289,3.4794,0.686,2.0067,-1.5698,-0.3167,15.6028,M4,E4,5
135.786,3.4611,0.6232,0.3997,-1.5643,-0.3167,15.6981,M4,E4,5
135.949,3.4397,0.6106,0.077,-1.5586,-0.3167,15.797,M4,E4,5
136.1136,3.4202,0.6081,0.0153,-1.5528,-0.3167,15.8968,M4,E4,5
136.2794,3.4007,0.6076,0.003,-1.547,-0.3167,15.9973,M4,E4,5
136.438,3.386,0.6075,0.0007,-1.5414,-0.3167,16.0936,M4,E4,5
136.6108,3.3597,0.6075,0.0001,-1.5354,-0.3167,16.1984,M4,E4,5
136.7848,3.3392,0.6075,0,-1.5293,-0.3167,16.3039,M4,E4,5
136.9459,3.327,0.6075,0,-1.5237,-0.3167,16.4016,M4,E4,5
137.1056,3.3095,0.6075,0,-1.5181,-0.3167,16.4984,M4,E4,5
137.2667,3.2904,0.6075,0,-1.5125,-0.3167,16.5962,M4,E4,5
137.4307,3.2705,0.6075,0,-1.5067,-0.3167,16.6956,M4,E4,5
137.5904,3.2543,0.6075,0,-1.5011,-0.3167,16.7925,M4,E4,5
137.7469,3.238,0.6075,0,-1.4957,-0.3167,16.8874,M4,E4,5
137.9182,3.2116,0.6075,0,-1.4897,-0.3167,16.9913,M4,E4,5
138.0767,3.1997,0.6075,0,-1.4841,-0.3167,17.0874,M4,E4,5
138.2454,3.1757,0.6075,0,-1.4782,-0.3167,17.1897,M4,E4,5
138.4293,3.1476,0.6075,0,-1.4718,-0.3167,17.3013,M4,E4,5
138.5987,3.1353,0.6075,0,-1.4659,-0.3167,17.404,M4,E4,5
138.772,3.1138,0.6075,0,-1.4598,-0.3167,17.5091,M4,E4,5
138.9376,3.0541,0.6075,0,-1.454,-0.3167,17.6095,M4,E4,5
139.1049,2.9728,0.6075,0,-1.4482,-0.3167,17.711,M4,E4,5
139.2681,2.8944,0.6075,0,-1.4424,-0.3167,17.81,M4,E4,5
139.4332,2.8163,0.6075,0.0001,-1.4367,-0.3167,17.9101,M4,E4,5
139.5932,2.7418,0.6075,0,-1.4311,-0.3167,18.0071,M4,E4,5
139.7566,2.6669,0.6075,0,-1.4254,-0.3167,18.1063,M4,E4,5
139.9203,2.5934,0.6075,0,-1.4196,-0.3167,18.2055,M4,E4,5
140.0873,2.5198,0.6075,0,-1.4138,-0.3167,18.3068,M4,E4,5
140.2454,2.4517,0.6075,0.0001,-1.4082,-0.3167,18.4027,M4,E4,5
140.4064,2.3839,0.6075,0.0001,-1.4026,-0.3167,18.5004,M4,E4,5
140.5763,2.3144,0.6075,0.0002,-1.3966,-0.3167,18.6034,M4,E4,5
140.7419,2.2487,0.6075,0.0004,-1.3908,-0.3167,18.7038,M4,E4,5
140.9074,2.1851,0.6075,0.0007,-1.385,-0.3167,18.8042,M4,E4,5
141.0801,2.1213,0.6075,0.0011,-1.3789,-0.3167,18.9089,M4,E4,5
141.2416,2.0642,0.6075,0.0021,-1.3731,-0.3167,19.0069,M4,E4,5
141.4061,2.0087,0.6075,0.0035,-1.3671,-0.3167,19.1066,M4,E4,5
141.5791,1.9534,0.6075,0.005,-1.3606,-0.3167,19.2115,M4,E4,5
141.7442,1.9041,0.6075,0.0079,-1.3542,-0.3167,19.3116,M4,E4,5
141.9151,1.8567,0.6075,0.0118,-1.3472,-0.3167,19.4152,M4,E4,5
142.0744,1.8163,0.6075,0.0174,-1.3402,-0.3167,19.5117,M4,E4,5
142.246,1.7772,0.6075,0.0224,-1.3319,-0.3167,19.6157,M4,E4,5
142.4087,1.7448,0.6075,0.0289,-1.3233,-0.3167,19.7141,M4,E4,5
142.5695,1.7176,0.6075,0.038,-1.3138,-0.3167,19.8113,M4,E4,5
142.7274,1.6959,0.6075,0.0438,-1.3033,-0.3167,19.9067,M4,E4,5
142.8896,1.6791,0.6075,0.046,-1.2912,-0.3167,20.0045,M4,E4,5
143.0526,1.6677,0.6075,0.0461,-1.278,-0.3167,20.1026,M4,E4,5
143.2259,1.6618,0.6075,0.0418,-1.2626,-0.3167,20.2068,M4,E4,5
143.3858,1.6619,0.6075,0.0389,-1.2475,-0.3167,20.3028,M4,E4,5
143.5441,1.6669,0.6075,0.0295,-1.2319,-0.3167,20.3976,M4,E4,5
143.7002,1.6762,0.6075,0.0145,-1.2162,-0.3167,20.4911,M4,E4,5
143.8581,1.6897,0.6075,0.0006,-1.2005,-0.3167,20.5857,M4,E4,5
144.016,1.7069,0.6075,0.0143,-1.1851,-0.3167,20.6805,M4,E4,5
144.1526,1.7243,0.6075,0.0307,-1.1725,-0.3167,20.7625,M4,E4,5
144.3241,1.7494,0.6075,0.0334,-1.1577,-0.3167,20.8656,M4,E4,5
144.4794,1.775,0.6075,0.0387,-1.1453,-0.3167,20.9591,M4,E4,5
144.6563,1.8072,0.6075,0.0437,-1.1325,-0.3167,21.0658,M4,E4,5
144.8116,1.8382,0.6075,0.0486,-1.1225,-0.3167,21.1596,M4,E4,5
144.989,1.8762,0.6075,0.0454,-1.1124,-0.3167,21.267,M4,E4,5
145.152,1.9139,0.6075,0.0423,-1.1043,-0.3167,21.3656,M4,E4,5
145.3165,1.9544,0.6075,0.0404,-1.0971,-0.3167,21.4653,M4,E4,5
145.4659,1.9934,0.6075,0.0362,-1.0914,-0.3167,21.5559,M4,E4,5
145.6497,2.0444,0.6075,0.0241,-1.0851,-0.3167,21.6673,M4,E4,5
145.8176,2.0938,0.6075,0.0196,-1.0799,-0.3167,21.7692,M4,E4,5
145.9778,2.1434,0.6075,0.0181,-1.0753,-0.3167,21.8664,M4,E4,5
146.1387,2.1956,0.6075,0.0128,-1.0711,-0.3167,21.9641,M4,E4,5
146.3059,2.2523,0.6075,0.0084,-1.0668,-0.3167,22.0656,M4,E4,5
146.478,2.2518,0.6075,0.0056,-1.0626,-0.3167,22.1701,M4,E4,5
146.6545,2.2309,0.6075,0.0102,-1.0587,-0.3167,22.2772,M4,E4,5
146.8239,2.2163,0.6075,0.0024,-1.0549,-0.3167,22.38,M4,E4,5
146.9832,2.2041,0.6075,0.0007,-1.0513,-0.3167,22.4767,M4,E4,5
147.209,2.1484,0.6075,0.0001,-1.0463,-0.3167,22.6138,M4,E4,5
147.3492,2.1743,0.6075,0.0001,-1.0432,-0.3167,22.699,M4,E4,5
147.5109,2.1468,0.6075,0.0008,-1.0396,-0.3167,22.7971,M4,E4,5
147.6538,2.1406,0.6075,0.0006,-1.0364,-0.3167,22.8839,M4,E4,5
147.8323,2.1048,0.6075,0.0001,-1.0324,-0.3167,22.9922,M4,E4,5
148.0112,2.0857,0.6075,0.0001,-1.0284,-0.3167,23.1009,M4,E4,5
148.1832,2.0708,0.6075,0.0004,-1.0246,-0.3167,23.2053,M4,E4,5
148.345,2.0586,0.6075,0.0002,-1.021,-0.3167,23.3035,M4,E4,5
148.5149,2.0368,0.6075,0,-1.0172,-0.3167,23.4066,M4,E4,5
148.6815,1.9417,0.6075,0.0001,-1.0135,-0.3167,23.5078,M4,E4,5
148.8424,1.8508,0.6075,0.0001,-1.01,-0.3167,23.6055,M4,E4,5
149.0028,1.7614,0.6075,0.0005,-1.0064,-0.3167,23.7029,M4,E4,5
149.1634,1.6734,0.6075,0.0045,-1.0027,-0.3167,23.8004,M4,E4,5
149.3185,1.5908,0.6075,0.0009,-0.9991,-0.3167,23.8945,M4,E4,5
149.4694,1.5129,0.6075,0.0003,-0.9956,-0.3167,23.9861,M4,E4,5
149.611,1.4435,0.6075,0.0012,-0.9924,-0.3167,24.0721,M4,E4,5
149.7734,1.366,0.6075,0.0024,-0.9887,-0.3167,24.1706,M4,E4,5
149.9212,1.3049,0.6075,0.0052,-0.9855,-0.3167,24.2604,M4,E4,5
150.0842,1.2409,0.6075,0.0107,-0.9824,-0.3167,24.3594,M4,E4,5
150.2324,1.2186,0.4815,0.8527,-0.9817,-0.3167,24.4261,M4,E4,5
150.4036,1.1938,0.4562,0.174,-0.9838,-0.3167,24.5031,M4,E4,5
150.5419,1.2023,0.451,0.2142,-0.9899,-0.3167,24.565,M4,E4,5
150.6832,1.2101,0.449,0.4725,-1.0067,-0.3167,24.6263,M4,E4,5
150.8465,1.2363,0.4436,0.9094,-1.051,-0.3167,24.6849,M4,E4,5
150.9886,1.3029,0.4404,1.2146,-1.1065,-0.3167,24.7166,M4,E4,5
151.1525,1.368,0.4464,0.4712,-1.1746,-0.3167,24.7451,M4,E4,5
151.3102,1.2602,0.4423,0.9998,-1.2196,-0.3167,24.8,M4,E4,5
151.4699,1.067,0.5547,2.0454,-1.2233,-0.3167,24.8969,M4,E4,5
151.6426,0.9047,0.4683,0.7522,-1.2153,-0.3167,24.9742,M4,E4,5
151.8035,0.8448,0.4332,1.6753,-1.1636,-0.3167,25.0249,M4,E4,5
151.958,0.9032,0.4286,1.6282,-1.0954,-0.3167,25.0384,M4,E4,5
152.1245,0.9614,0.4424,0.6576,-1.0205,-0.3167,25.0401,M4,E4,5
152.2816,0.969,0.4396,1.129,-0.9615,-0.3167,25.079,M4,E4,5
152.4412,0.9492,0.4471,0.3385,-0.9037,-0.3167,25.1217,M4,E4,5
152.6109,0.9377,0.4429,0.8973,-0.8647,-0.3167,25.1873,M4,E4,5
152.7499,0.9492,0.4476,0.4194,-0.8371,-0.3167,25.2434,M4,E4,5
152.8864,0.9879,0.4495,0.1036,-0.8103,-0.3167,25.2987,M4,E4,5
153.0294,1.0476,0.4497,0.1668,-0.7857,-0.3167,25.3582,M4,E4,5
153.2027,1.1354,0.4497,0.1837,-0.7614,-0.3167,25.4323,M4,E4,5
153.3597,1.2499,0.4496,0.2113,-0.7445,-0.3167,25.5009,M4,E4,5
153.5066,1.3721,0.4496,0.2287,-0.7334,-0.3167,25.5661,M4,E4,5
153.6417,1.4978,0.4497,0.2206,-0.7272,-0.3167,25.6265,M4,E4,5
153.7872,1.5346,0.5755,0.9171,-0.7257,-0.3167,25.7149,M4,E4,5
153.9404,1.5141,0.6011,0.1971,-0.7258,-0.3167,25.808,M4,E4,5
154.0757,1.508,0.606,0.2334,-0.7307,-0.3167,25.89,M4,E4,5
154.2377,1.4788,0.6072,0.0471,-0.7368,-0.3167,25.9883,M4,E4,5
154.3786,1.4735,0.6074,0.0082,-0.742,-0.3167,26.0737,M4,E4,5
154.517,1.4601,0.6075,0.0089,-0.7473,-0.3167,26.1576,M4,E4,5
154.6872,1.4278,0.6075,0.0021,-0.7537,-0.3167,26.2608,M4,E4,5
154.8368,1.4214,0.6075,0.0009,-0.7593,-0.3167,26.3515,M4,E4,5
155.004,1.3961,0.6075,0.0073,-0.7659,-0.3167,26.4529,M4,E4,5
155.1678,1.3805,0.6075,0.0036,-0.7721,-0.3167,26.5522,M4,E4,5
155.3211,1.3693,0.6075,0.0031,-0.7781,-0.3167,26.6451,M4,E4,5
155.4775,1.3517,0.6075,0.0016,-0.7841,-0.3167,26.7399,M4,E4,5
155.6468,1.3283,0.6075,0.0052,-0.7904,-0.3167,26.8426,M4,E4,5
155.807,1.3158,0.6075,0.0031,-0.7963,-0.3167,26.9397,M4,E4,5
155.9789,1.2927,0.6075,0.0004,-0.8027,-0.3167,27.044,M4,E4,5
156.1382,1.2819,0.6075,0.0084,-0.8083,-0.3167,27.1406,M4,E4,5
156.3027,1.2886,0.4801,0.8881,-0.8256,-0.3167,27.2125,M4,E4,5
156.4782,1.2936,0.4559,0.177,-0.8447,-0.3167,27.2892,M4,E4,5
156.6184,1.3163,0.4511,0.1149,-0.8566,-0.3167,27.3512,M4,E4,5
156.7609,1.3217,0.4501,0.1561,-0.8654,-0.3167,27.4147,M4,E4,5
156.9129,1.3012,0.5751,0.9326,-0.8649,-0.3167,27.507,M4,E4,5
157.0786,1.2773,0.601,0.1908,-0.8629,-0.3167,27.6076,M4,E4,5
157.227,1.2907,0.4801,0.8247,-0.8653,-0.3167,27.6744,M4,E4,5
157.3728,1.2975,0.456,0.1658,-0.8672,-0.3167,27.74,M4,E4,5
157.5323,1.2974,0.4511,0.1118,-0.8658,-0.3167,27.8117,M4,E4,5
157.6933,1.3029,0.4501,0.1077,-0.8617,-0.3167,27.8841,M4,E4,5
157.8536,1.3096,0.45,0.0937,-0.8552,-0.3167,27.9559,M4,E4,5
158.0139,1.3163,0.45,0.0759,-0.847,-0.3167,28.0276,M4,E4,5
